SeniorCitizen,tenure,MonthlyCharges,TotalCharges,gender_Male,Partner_Yes,Dependents_Yes,PhoneService_Yes,MultipleLines_No phone service,MultipleLines_Yes,InternetService_Fiber optic,InternetService_No,OnlineSecurity_No internet service,OnlineSecurity_Yes,OnlineBackup_No internet service,OnlineBackup_Yes,DeviceProtection_No internet service,DeviceProtection_Yes,TechSupport_No internet service,TechSupport_Yes,StreamingTV_No internet service,StreamingTV_Yes,StreamingMovies_No internet service,StreamingMovies_Yes,Contract_One year,Contract_Two year,PaperlessBilling_Yes,PaymentMethod_Credit card (automatic),PaymentMethod_Electronic check,PaymentMethod_Mailed check
-0.047316134,-1.7849888,-0.110733494,-0.31254473,0.07995166,-0.0060853446,-0.23921308,-0.010475099,0.0,0.11695248,0.13159756,0.0336632,0.0,-0.42737615,0.0,-0.1344893,0.0,-0.006746866,0.0,0.03123075,0.0,0.10774152,0.0,0.055151407,0.07461275,-1.984042,0.057809863,-0.29961196,-0.13163936,0.036911532
0.12553151,0.566194,0.4279996,0.02594291,0.023873718,0.0029430257,0.041512825,-0.019043999,0.0,0.19997914,0.34511715,0.09326469,0.0,0.060618393,0.0,0.07807408,0.0,-0.00068641023,0.0,-0.28170243,0.0,0.13250439,0.0,0.08420014,0.19488537,0.35912836,0.09838691,-0.05313502,-0.14009601,-0.0051333527
-0.03542164,-0.31038636,0.095386766,0.17532957,0.012525997,0.011429454,-0.096221045,-0.04869437,0.0,0.013205924,-0.2939546,0.05025253,0.0,-0.19097519,0.0,-0.060953867,0.0,0.0060299747,0.0,0.051124845,0.0,0.028398506,0.0,-0.25829214,-0.7482691,0.20993662,0.08402509,0.08889376,-0.19328034,0.015511884
-0.030007975,-0.099708036,0.023188667,-0.23084828,-0.054108154,0.017396804,0.011603049,-0.04117084,0.0,-0.11844851,0.2480159,0.07465507,0.0,0.047347654,0.0,0.022291847,0.0,0.0027783234,0.0,-0.27481282,0.0,-0.07202421,0.0,-0.055157878,0.20237717,0.3491866,-0.25037026,0.006924605,0.2832384,0.001582712
-0.05484482,-2.2902172,-0.40595683,-0.014561472,-0.04430638,0.020813247,0.022165576,-0.05344364,0.0,0.18201014,-0.1993239,0.039378628,0.0,-0.6414401,0.0,-0.062158313,0.0,-0.010613991,0.0,0.16249275,0.0,0.09421313,0.0,0.06886038,0.06952159,-1.6457627,0.097546235,-0.1836101,-0.23113668,0.037816703
-0.025101155,0.03211161,0.44058377,-0.30560273,-0.0024890397,-0.006320296,0.037196472,-0.016109172,0.0,0.14653316,0.28413954,0.08826099,0.0,0.071566224,0.0,-0.067501366,0.0,-0.0013955852,0.0,0.07805168,0.0,0.10263534,0.0,0.111401,0.17658485,0.34145838,0.13243096,-0.12548862,-0.21121415,0.0028114324
-0.027106242,0.032601405,0.38942438,-0.19019581,0.02974265,-0.008002537,0.030490749,-0.012357344,0.0,-0.13220443,0.2808451,0.07509853,0.0,0.031899486,0.0,-0.07503591,0.0,-0.0013955852,0.0,-0.27321377,0.0,0.10186795,0.0,0.094235055,0.15347,0.34531906,0.09256846,0.02088118,-0.195193,0.00037035646
-0.023902094,-0.0302382,-0.24525392,-0.09953569,-0.0023328662,-0.0024151148,-0.1597072,-0.02603768,0.0,0.14483187,-0.43223876,-0.59048826,0.0,0.062073205,0.0,0.09675023,0.0,-0.0013288092,0.0,0.040341835,0.0,-0.07160038,0.0,-0.10209472,0.19285947,0.27773163,0.110632956,-0.03475228,-0.1780739,0.019753234
-0.031748407,-0.34804505,-0.24180296,-0.38792422,-0.0043580723,0.0049999324,-0.054309208,-0.031915247,0.0,-0.08376677,-0.18908437,-0.29286546,0.0,0.023542756,0.0,-0.0046767863,0.0,-0.012302399,0.0,0.012523358,0.0,-0.0643986,0.0,-0.05520002,0.096396066,-1.6610976,-0.14359261,-0.40850326,-0.17813376,0.013250238
0.113109246,-0.031184275,0.05007032,-0.086178854,-0.0040393546,-0.0037206288,0.04028158,-0.05637851,0.0,-0.14574073,-0.3779433,0.10876122,0.0,0.0726906,0.0,0.062705,0.0,-0.0006200222,0.0,0.08599013,0.0,-0.1061522,0.0,-0.07580823,0.17197476,0.29186562,0.106109194,0.006730151,0.3075126,0.012161632
0.014180678,-0.68774176,0.70386153,0.24533159,0.102409154,-0.005978994,-0.20037463,-0.028982738,0.0,0.09205309,0.26651388,0.05077055,0.0,-0.3236788,0.0,-0.122638166,0.0,-0.012857415,0.0,0.061065186,0.0,0.080200695,0.0,0.0168019,0.20649041,0.23878951,0.067502744,0.007060561,0.118220836,0.057146672
0.16310221,-1.736393,-0.064201385,-0.42969933,-0.13172552,0.007429594,0.046090394,-0.021819403,0.0,0.07750026,0.11380612,0.0336632,0.0,-0.4764348,0.0,-0.082496546,0.0,-0.0090943,0.0,-0.04009457,0.0,0.14275943,0.0,0.052105285,-0.058909398,-1.9635137,0.058190018,0.07701228,-0.14226967,0.016757501
-0.023562541,-0.49408567,-0.02924088,-0.12445357,0.028867347,-0.041665718,0.044326846,0.3186527,0.0,-0.011331271,-0.34187794,0.07858847,0.0,0.098899305,0.0,-0.043448802,0.0,0.0077964384,0.0,0.13287516,0.0,-0.07017865,0.0,-0.09920782,0.19809048,0.29455692,0.10250854,0.016069628,-0.22346663,0.006752611
0.13383451,0.37927207,0.16271706,-0.033472057,-0.0022583199,-0.003192714,0.028068766,-0.0254785,0.0,0.18288183,0.34366053,0.08633486,0.0,0.10111678,0.0,0.022210494,0.0,0.0010029548,0.0,0.06549268,0.0,-0.031539015,0.0,0.11370661,0.21114834,0.37102863,0.10353903,-0.046646096,-0.15277566,-0.0052485242
-0.049333833,-0.029521931,-0.09822821,-0.31067327,0.048679326,-0.003953041,-0.1252988,-0.015818495,0.0,-0.09312761,-0.38179752,0.088786505,0.0,0.05822771,0.0,0.02940918,0.0,-0.00676109,0.0,-0.17656662,0.0,-0.06074678,0.0,-0.089944586,0.19992085,0.30101046,-0.14726277,0.0047514318,-0.22595482,-0.08076516
-0.04758832,-2.0939443,-0.18016726,0.2266655,0.035670396,0.015769243,-0.058486376,-0.034341086,0.0,0.21899256,0.1314677,0.058461837,0.0,0.2208135,0.0,0.055192515,0.0,0.055717345,0.0,0.20803355,0.0,-0.31138113,0.0,0.08848753,0.09256596,-1.9359038,0.10930742,-0.18896785,-0.25902262,0.027756136
-0.053006098,0.21779355,-0.4301653,-0.049424376,0.009660356,0.0010701185,-0.088590816,-0.02474715,0.0,-0.14584562,-0.21535641,-0.41340968,0.0,0.04446482,0.0,0.04526969,0.0,-0.0010869419,0.0,0.0012454309,0.0,-0.057175253,0.0,-0.052130636,0.11127404,-1.8652072,-0.12882121,0.033258624,-0.11143797,0.014124867
-0.020212196,-0.015103772,0.11294659,-0.04946945,-0.0055427286,-0.0047991103,-0.13976908,-0.029088676,0.0,0.12904468,0.2692318,0.09109129,0.0,0.10904581,0.0,-0.07714386,0.0,-0.0023158027,0.0,0.08572672,0.0,0.06477091,0.0,-0.060972378,0.21526799,0.36457753,0.140509,0.0055711195,0.25802192,0.0038365533
-0.0061887736,-0.64454687,0.5502331,-0.18649922,-0.041214496,0.009897188,0.082159944,-0.03592946,0.0,0.10030169,0.17965734,0.0662433,0.0,0.096301876,0.0,-0.08306411,0.0,0.004125362,0.0,0.13136207,0.0,0.11639917,0.0,0.24591088,-0.6500482,0.20058641,0.10042908,0.002895516,-0.1630659,0.031400096
-0.037300665,-0.21282344,-0.008587975,-0.26320472,-0.027710764,0.085476294,0.07367869,0.38967258,0.0,-0.06386308,-0.2333966,0.049129847,0.0,-0.16641921,0.0,-0.005693707,0.0,0.0064811325,0.0,0.057024047,0.0,-0.079362914,0.0,-0.2508046,-0.86977494,0.21547888,-0.12855983,-0.03790875,-0.19671725,0.026283631
0.21756709,0.71759987,-0.1807427,0.028429268,-0.0023120546,-0.0018857758,0.018547349,-0.029783508,0.0,0.15155412,0.24838354,0.11244301,0.0,0.09545192,0.0,0.06948192,0.0,-0.0006045678,0.0,0.079852045,0.0,-0.06811443,0.0,-0.08789009,0.29156223,0.3788875,0.10048747,0.005942481,-0.16690058,-0.008195577
-0.030103479,0.012318365,-0.10936835,-0.08235924,-0.01634402,0.08110469,0.07943781,0.30653092,0.0,-0.06613956,-0.3498772,0.08208889,0.0,-0.23389284,0.0,0.06410415,0.0,-0.0028392258,0.0,-0.02283461,0.0,-0.103178516,0.0,-0.05452457,0.18177763,0.25204834,-0.22479533,0.0019600184,0.31814405,0.025114842
-0.020485975,-0.6631277,-0.50956744,-0.34640065,0.002569484,0.007242379,0.02491047,-0.07307193,0.0,-0.06314576,-0.27141872,-0.42065164,0.0,0.06655549,0.0,-0.022163916,0.0,-0.0012183988,0.0,0.035311095,0.0,-0.09959395,0.0,-0.27417767,-0.8060835,0.19380926,0.0704162,0.018708816,-0.13812338,0.011865826
-0.037793364,0.030621631,0.03690423,-0.07582272,-0.01577603,0.0051752212,-0.05359863,-0.03280855,0.0,-0.0852099,-0.2540452,-0.48422906,0.0,0.049165964,0.0,0.021542266,0.0,-0.0066506797,0.0,0.019386439,0.0,-0.092225134,0.0,-0.28206947,-0.8038633,0.19943194,-0.20668335,0.043583006,-0.17173848,-0.082136385
-0.04901252,-0.6939224,-0.21970797,-0.24989006,-0.0131578855,0.0105757555,0.018391384,-0.053631116,0.0,-0.05105628,0.27226597,0.06513873,0.0,0.08193569,0.0,0.036745105,0.0,-0.0058164634,0.0,0.075487435,0.0,-0.0557926,0.0,-0.10492977,0.24993539,0.33751836,-0.16311683,0.013066156,-0.20773165,-0.061595578
0.16043359,0.087960854,-0.19969381,0.014637322,-0.006200394,0.013037366,0.039593358,-0.061940152,0.0,-0.10710321,-0.39348948,0.08089925,0.0,-0.23357737,0.0,-0.026759068,0.0,-0.0005450485,0.0,0.062619336,0.0,-0.04050858,0.0,-0.09450109,0.19404845,0.27722406,0.07490527,-0.0018473871,-0.21461238,-0.00071106444
-0.032901328,-0.12028965,-0.028730044,-0.3018147,0.0031092383,-0.00511614,0.01810886,-0.034489118,0.0,-0.116739884,0.25344634,0.08637463,0.0,0.083704926,0.0,0.041904468,0.0,-0.0016155334,0.0,0.06454628,0.0,0.11869985,0.0,0.06618351,0.1921218,0.343499,-0.2875371,0.023792282,0.2471266,-0.00090311765
-0.023832222,0.26506254,0.46954566,-0.22305937,0.0034050983,0.0020348462,0.03878144,-0.029502785,0.0,0.12679686,0.35128036,0.08865988,0.0,0.06501932,0.0,0.05088389,0.0,0.0027565537,0.0,0.08250205,0.0,0.13705464,0.0,0.051247574,0.19167218,0.36364028,0.13509804,-0.060104445,-0.1889457,-0.004483347
-0.02062727,-0.2869403,-0.45875776,0.143576,-0.061147626,-0.003835311,-0.1629295,-0.10464821,0.0,0.15848055,-0.25277635,-0.5166966,0.0,0.059772994,0.0,0.03615973,0.0,-0.002188489,0.0,0.05820003,0.0,-0.059633434,0.0,-0.08973066,0.09218423,-1.516043,0.10094273,0.0027629442,0.32739943,0.010070145
-0.018863127,0.5614991,0.08632152,-0.018351203,0.0064255698,-0.0025850686,0.030821057,-0.041510973,0.0,-0.15776822,0.23001982,0.10633958,0.0,0.11491808,0.0,0.07754912,0.0,-0.0016155334,0.0,0.08275186,0.0,0.0639264,0.0,0.06575285,0.2170463,0.39346048,0.11435473,0.009031792,0.183798,6.088192e-05
0.12278391,-0.53231055,-0.082987756,-0.28073904,0.015996318,-0.0074749263,0.027866427,-0.031047666,0.0,0.1630573,0.26345316,0.063240156,0.0,0.13273835,0.0,-0.098446295,0.0,0.015913788,0.0,0.102649,0.0,-0.11208897,0.0,0.07687525,0.16828921,0.31156883,0.096099734,0.0052516437,0.22959879,0.0045560617
-0.06588908,1.0482054,-0.37655264,0.21380071,-0.0007512306,-0.016783262,-0.13376616,0.16206728,0.0,-0.0094601875,-0.3639215,0.09646637,0.0,0.10713869,0.0,0.03907337,0.0,-0.00676109,0.0,0.16670957,0.0,-0.061495982,0.0,-0.07849284,0.25548872,0.37054893,-0.21085137,0.009516285,-0.17669636,-0.04449244
-0.038540386,-1.2032692,-0.9488307,-0.86497253,0.012735991,0.004782052,-0.1929487,-0.05611608,0.0,-0.040714227,-0.23971462,-0.42504507,0.0,0.042161234,0.0,-0.05363029,0.0,-0.003081372,0.0,0.034940857,0.0,-0.08084133,0.0,-0.28518167,-0.78250223,0.19599606,0.070410095,-0.09013235,-0.15448901,0.015018143
-0.03147324,-1.0752898,-0.5735036,-0.31959835,0.034591645,-0.0008635092,0.072794914,-0.03853534,0.0,0.054067064,-0.20321575,-0.35202506,0.0,0.042958908,0.0,-0.019711442,0.0,-0.012544267,0.0,0.042519893,0.0,-0.09083524,0.0,-0.05948714,0.092077814,-1.5672717,-0.17792508,0.0034502237,-0.2122823,0.015666751
-0.028848756,0.5702328,0.08927147,0.0076566394,0.004891476,-0.0027709152,0.031213088,-0.041336562,0.0,-0.16353992,0.21776274,0.11645896,0.0,0.1140837,0.0,0.07754912,0.0,-0.0014961422,0.0,0.08275186,0.0,0.06408337,0.0,0.06604344,0.21366392,0.39430276,0.11435473,0.009073461,0.18133955,-3.1329535e-05
-0.010762405,-1.5415727,0.069633625,-0.17374723,-0.024757268,-0.011776181,-0.06146739,-0.025245588,0.0,0.19844584,0.24473801,0.07202469,0.0,0.09230082,0.0,-0.09419427,0.0,-0.013771419,0.0,0.108293116,0.0,-0.14199077,0.0,0.11362504,0.17084411,0.2987867,0.08873539,-0.045038655,-0.26051453,0.007767105
0.28275207,0.700711,-0.08576882,0.03138611,-0.0066107437,-0.0027149075,0.034816895,-0.04104124,0.0,-0.09058586,-0.31898466,0.14410791,0.0,0.06322798,0.0,0.04302044,0.0,-0.0013073271,0.0,0.07128809,0.0,-0.08615936,0.0,-0.08384148,0.2518411,0.33292422,-0.19211324,0.008084965,-0.16255361,0.0034516687
-0.05401642,-0.9975267,-0.7147067,-0.67927545,0.0010031667,0.0028118116,-0.18365517,-0.046672735,0.0,-0.047193743,-0.18937221,-0.33725554,0.0,0.029226882,0.0,-0.003248732,0.0,-0.0029499158,0.0,0.027092522,0.0,-0.07613264,0.0,-0.06319462,0.0946457,-1.6635084,-0.14287932,0.02005456,-0.14607981,0.014469188
-0.032085896,1.0555542,-0.110755816,0.22629252,-0.0017370691,-0.004175438,0.021134816,-0.029224683,0.0,0.13783666,0.2813364,0.12156886,0.0,0.10907017,0.0,0.060975853,0.0,-0.0014857298,0.0,0.1123269,0.0,-0.058556505,0.0,-0.056986153,0.26415566,0.40131804,0.13707767,0.009001577,0.24573514,0.01129481
-0.02871721,-0.4562963,0.5188469,-0.3778359,-0.03722046,0.0411315,0.00056293374,-0.050098095,0.0,-0.06423758,-0.46567386,0.07004795,0.0,0.13025294,0.0,0.009683184,0.0,0.008064024,0.0,-0.33194777,0.0,-0.065094486,0.0,-0.03858674,0.14632842,0.285071,0.09361973,0.02037669,0.26705524,0.0035591477
0.3200332,-0.9335383,-0.7127969,-0.6626442,0.014398748,0.002441772,0.06756022,-0.04272676,0.0,-0.07619699,-0.1925241,-0.34707046,0.0,0.007433377,0.0,-0.008496117,0.0,-0.0016233153,0.0,0.030394131,0.0,-0.08769727,0.0,-0.06608797,0.09373457,-1.5229014,-0.12229251,-0.09155979,-0.10556842,0.004275551
-0.026966952,0.5967821,0.09404276,0.035583045,-0.00698926,0.003870834,0.038534433,-0.030871488,0.0,0.18607098,0.222745,0.11689537,0.0,0.12734686,0.0,0.07782415,0.0,0.0029123696,0.0,0.08773933,0.0,0.083493285,0.0,-0.06213266,0.25072572,0.39469874,0.13035905,0.0077635883,0.20951721,-0.0009421136
-0.02684847,-0.36367202,-0.042317923,0.1676109,0.0054226858,-0.005354828,0.00802344,-0.03409247,0.0,0.0010348519,0.30114707,0.067903034,0.0,0.08844749,0.0,0.0147373825,0.0,-0.00062604994,0.0,0.07407732,0.0,-0.070762195,0.0,-0.096495494,0.24316786,0.3479846,0.109633125,-0.013428859,-0.23271887,0.008542272
-0.049431466,0.5589729,-0.46086362,0.13185376,0.022054976,0.0038473697,0.024951143,-0.0347984,0.0,-0.08780296,-0.41099304,-0.71006906,0.0,0.06867635,0.0,0.023679938,0.0,-0.0065192226,0.0,0.026783276,0.0,-0.083525665,0.0,-0.07822167,0.24778065,0.32719377,0.08286453,0.031030856,-0.14948589,-0.059955433
-0.04028567,-0.3637027,-0.20923643,0.113546886,-0.04117828,-0.016807547,0.019305771,-0.040726222,0.0,-0.009543197,-0.30842072,0.048281174,0.0,-0.14184992,0.0,0.0008003991,0.0,-0.0031886122,0.0,-0.22367993,0.0,0.080115944,0.0,-0.1330403,-0.6384502,0.21283606,-0.14784023,-0.023634048,0.39633867,0.0290341
-0.026215922,0.3315696,0.41086945,0.33388713,-0.02789517,-0.012376265,0.14844278,-0.02029312,0.0,-0.100600936,0.31393805,0.073249795,0.0,-0.20636396,0.0,-0.14156169,0.0,0.0066411,0.0,-0.18323036,0.0,0.14662701,0.0,0.04870268,0.15846775,0.28920072,0.116688415,0.04368137,0.17866826,0.003215449
-0.02103899,0.43685323,-0.14329709,-0.0839386,-0.002102244,-0.00015250224,0.023071297,-0.032393057,0.0,0.17360483,0.31577855,0.097668245,0.0,0.10617446,0.0,0.11300126,0.0,-0.0014857298,0.0,0.06460073,0.0,-0.07260671,0.0,-0.06137849,0.25751722,0.38372442,0.14230967,0.003744382,0.26935655,0.00962058
-0.024566352,0.19387221,-0.31504846,-0.15007757,-0.04831244,-0.0027701117,0.033595473,-0.04667959,0.0,-0.108167864,-0.4761339,0.104514055,0.0,0.07016145,0.0,-0.15390553,0.0,-0.0024351936,0.0,-0.3044439,0.0,0.0559194,0.0,-0.053897247,0.15291199,0.3254699,0.11966631,0.0069036204,0.25850052,0.0049435347
-0.038814105,-1.2182212,-0.8824607,-0.7983153,-0.00786186,0.004782052,-0.15641584,-0.05199566,0.0,-0.03472412,-0.23970434,-0.42504507,0.0,0.042161234,0.0,-0.053971205,0.0,-0.003081372,0.0,0.030565701,0.0,-0.0803118,0.0,-0.26812208,-0.7894063,0.19625114,0.06856497,-0.08348497,-0.1557742,0.015018143
-0.036367778,-0.20908763,-0.14301376,-0.29290077,-0.0018633503,-0.004915951,0.0152072655,-0.021596372,0.0,0.15545937,0.33211333,0.06746424,0.0,0.06979516,0.0,0.04823496,0.0,-0.00062604994,0.0,0.051571727,0.0,-0.06991245,0.0,-0.09711559,0.25828424,0.35100317,-0.26694226,0.018566884,-0.2260084,0.010303609
-0.07472939,-1.0840987,-0.6652014,-1.0217139,0.035736807,0.0020749473,0.05886795,-0.04019906,0.0,0.048904475,-0.20321575,-0.34839675,0.0,0.056291793,0.0,-0.02022842,0.0,-0.008624064,0.0,0.040079724,0.0,-0.07081574,0.0,-0.069213085,0.094756186,-1.5639054,-0.18186715,0.019016124,-0.13441698,-0.19398962
-0.03153224,1.0789706,0.5104127,0.014008632,-0.006765292,0.008188741,-0.2289375,-0.021074055,0.0,0.08773482,0.27589595,0.094827786,0.0,-0.32137588,0.0,0.10088171,0.0,0.003403022,0.0,0.07892842,0.0,0.05504659,0.0,0.001657538,0.20364119,0.37146574,0.11849239,0.015632482,0.18552086,0.0052580675
-0.058961794,0.54591185,-0.56686693,0.158684,0.02351181,-0.0027149075,0.025859158,-0.033361204,0.0,-0.08227784,-0.3992656,-0.65657586,0.0,0.06347523,0.0,0.039303612,0.0,-0.00676109,0.0,0.010259034,0.0,-0.084056735,0.0,-0.07637418,0.23751907,0.32259762,-0.17258753,0.010380931,-0.12604317,-0.06168
-0.035439245,0.6529282,-0.03626781,0.069294184,0.03586637,-0.0031219309,-0.045680463,-0.012512032,0.0,-0.10472141,-0.40341026,0.11659031,0.0,0.0970389,0.0,0.030178789,0.0,-0.00676109,0.0,-0.23020361,0.0,-0.052066248,0.0,-0.06349904,0.22479829,0.35421142,0.07559393,0.0047231927,-0.19046713,-0.052189205
-0.07378935,1.0900353,-0.2413135,0.15416327,0.014057881,-0.0044216174,-0.06140588,-0.020092,0.0,-0.02267279,-0.3758227,0.11226094,0.0,-0.3860663,0.0,0.04069572,0.0,-0.0070285406,0.0,0.04828245,0.0,-0.0530667,0.0,-0.06970767,0.2622135,0.37176287,-0.18742245,-0.0015555804,-0.15122674,-0.086151555
-0.025078177,0.37256783,-0.120817535,-0.103554346,0.0018807794,-0.003482472,0.023438137,-0.039047092,0.0,-0.14223638,0.33926538,0.097043894,0.0,0.07421479,0.0,0.03946799,0.0,-0.0008163913,0.0,0.08392005,0.0,0.07957223,0.0,-0.07903091,0.28184253,0.401628,0.11085296,0.008232797,-0.1951708,0.005179034
-0.037312016,-0.33251783,-0.08690178,-0.25325438,0.010217623,0.01110825,-0.03981067,-0.055742815,0.0,-0.02510734,-0.285914,0.05051193,0.0,-0.26033312,0.0,0.01279409,0.0,0.0048529916,0.0,0.069940925,0.0,-0.052908767,0.0,0.26710084,-0.46601048,0.2620572,0.11187181,-0.13969767,-0.13298766,0.01838181
-0.005332179,-0.73045766,0.09376323,-0.0035335694,0.02667879,0.013980664,-0.0545566,-0.027683415,0.0,0.086498834,0.14917313,0.04147572,0.0,-0.2905027,0.0,-0.061624404,0.0,-0.0029486828,0.0,0.06937849,0.0,-0.0887862,0.0,-0.28290096,-0.94721365,0.22107702,0.06530324,-0.0098125115,-0.2163021,0.052459367
-0.05465269,-0.5521315,-0.24317224,-0.36784083,0.016456174,0.04291949,-0.2593019,0.12596883,0.0,-0.009481082,-0.22137631,0.059142187,0.0,0.073934846,0.0,-0.05553475,0.0,-0.0068410207,0.0,-0.29512465,0.0,0.07195971,0.0,-0.24024901,-0.8365407,0.2181231,-0.16617765,0.009237472,-0.1993918,-0.048155278
-0.045322172,-0.46343982,-0.6742285,0.287698,0.07484734,0.0035685154,-0.19410044,-0.03736828,0.0,-0.063111916,-0.18937221,-0.2965306,0.0,0.08052846,0.0,0.029315202,0.0,-0.01773468,0.0,0.03469479,0.0,-0.06921995,0.0,-0.06701196,0.09756286,-1.6539918,-0.14687687,0.012085506,-0.1630528,-0.12967953
-0.11235234,-2.2632015,-0.48437452,-0.19006886,-0.029694878,0.038975656,-0.06761582,-0.046011455,0.0,-0.00870935,-0.19124484,0.033705495,0.0,-0.442133,0.0,-0.09749338,0.0,0.034473803,0.0,-0.2665348,0.0,0.032220013,0.0,-0.06421817,0.06095067,-1.5760192,-0.18388028,0.038720217,-0.22380288,-0.38608125
-0.019547708,-0.69629997,-0.7320998,-0.41923496,0.003402321,-0.00431896,0.03593846,-0.07614052,0.0,-0.073170625,-0.31940815,-0.5927477,0.0,0.070848204,0.0,-0.029902728,0.0,-0.0023199457,0.0,0.037520904,0.0,-0.10553662,0.0,-0.1590276,-0.6750318,0.19381851,0.0795577,0.0065519814,0.32417604,0.011702945
-0.038873386,-0.19438194,-0.07081176,-0.04340057,-0.027374435,0.006336313,-0.06384324,-0.03097912,0.0,-0.07253687,0.18608837,0.06180994,0.0,0.06893595,0.0,0.01807501,0.0,-0.0007992032,0.0,0.072536334,0.0,0.09284284,0.0,0.27057943,-0.7122143,0.29218036,-0.29378474,-0.068876624,-0.16846445,0.004716263
-0.053091273,0.34897014,-0.05621513,-0.057222158,0.0050160126,0.0055920747,-0.058214184,-0.024781913,0.0,-0.060249247,-0.47224224,0.09468662,0.0,-0.27306157,0.0,0.042998448,0.0,-0.0067866733,0.0,0.030076977,0.0,-0.060041748,0.0,-0.08028772,0.2210459,0.3256458,-0.20869786,-0.00270067,-0.17929041,-0.094399184
-0.03355602,0.567191,0.013763079,-0.026087828,0.009772854,-0.0038988884,0.017288873,-0.03155456,0.0,-0.09047883,-0.3932772,0.12411662,0.0,0.08018143,0.0,-0.05630842,0.0,-0.0020879318,0.0,0.045428023,0.0,-0.045455374,0.0,-0.06852158,0.22501186,0.3475008,-0.23886031,-0.04852585,-0.15838224,0.0121038705
-0.044148892,0.9924836,-0.46634758,0.14005142,0.014981811,-0.010542528,0.017588932,-0.04130619,0.0,-0.062045973,-0.38171327,0.11277972,0.0,-0.36038202,0.0,-0.04168076,0.0,-0.0038402157,0.0,0.06971878,0.0,-0.026438184,0.0,-0.047344107,0.22183314,0.3567644,0.120541,-0.0030943113,0.22377893,0.01804392
-0.04447977,0.4957138,-0.152062,0.0063766497,0.04494169,-0.024624798,0.020012999,-0.017588083,0.0,-0.06748949,-0.40366632,0.10161428,0.0,-0.4251854,0.0,-0.039902695,0.0,-0.007084904,0.0,-0.18071319,0.0,-0.04673285,0.0,-0.061222315,0.20653799,0.3519247,0.07955138,0.0034476316,-0.18163924,-0.08760428
-0.033814423,-0.052421525,-0.042001706,0.01612726,-0.0038471783,0.0063678934,0.03713772,-0.058044728,0.0,-0.12820742,-0.3959416,0.10239213,0.0,0.082341716,0.0,0.032172725,0.0,0.035661895,0.0,0.0853028,0.0,-0.069203295,0.0,-0.11178897,0.19406633,0.30527428,0.113016896,0.012799733,-0.26220798,-0.01895279
-0.052246235,0.32435834,-0.2732381,0.04699622,0.0059717475,-0.00538961,0.024941856,-0.02987497,0.0,0.07041699,-0.26783323,0.08500336,0.0,0.070673734,0.0,0.025181256,0.0,-0.0068080723,0.0,-0.20709461,0.0,0.088591464,0.0,0.23527883,-0.6072907,0.2709145,-0.26909822,0.0055735605,-0.15054765,-0.045375787
-0.0488947,1.2450346,0.13847734,0.14474036,0.001942401,0.008250872,-0.16467586,-0.023072802,0.0,-0.08919108,0.30295238,0.12407434,0.0,0.107689925,0.0,0.058778707,0.0,-0.006006805,0.0,0.098457,0.0,0.038160123,0.0,-0.07844325,0.28661278,0.42535675,0.08739838,0.014192061,-0.16705284,-0.031248562
-0.059079036,-1.753912,-0.67036074,-0.597539,0.019130182,0.012766953,-0.20658809,-0.06527748,0.0,0.051127486,-0.20267084,-0.35202506,0.0,0.17762841,0.0,-0.07777652,0.0,0.037385993,0.0,0.13840412,0.0,-0.42367375,0.0,-0.0824726,0.08558683,-1.5212027,-0.22682942,0.07597781,-0.22573088,0.013469242
-0.024336787,-0.5596399,-0.5760957,-0.40848595,-0.011445007,0.005650163,0.052489165,-0.13996561,0.0,-0.12854095,-0.22543891,-0.49506286,0.0,0.02979129,0.0,0.0020180456,0.0,-0.001946622,0.0,0.050865512,0.0,-0.11100121,0.0,-0.08756126,0.08588809,-1.559146,-0.17061365,0.0068473136,0.33685148,0.010343781
0.11435762,-0.18072294,-0.041823458,-0.31171057,-0.0007068406,-0.0042756014,0.017525254,-0.0312296,0.0,0.1444665,0.30958074,0.07585566,0.0,0.09166616,0.0,0.01889658,0.0,8.2737184e-05,0.0,0.087816685,0.0,-0.077138476,0.0,-0.07482434,0.22348273,0.33551303,0.11263578,0.01954558,0.2955328,0.0010961271
-0.041378103,-0.16912736,0.046750378,-0.31828317,0.013962302,0.0068204985,-0.038954776,-0.033216428,0.0,-0.10268822,0.20613256,0.06129942,0.0,0.067820385,0.0,-0.009306681,0.0,-0.00087071746,0.0,0.06803711,0.0,-0.05976262,0.0,0.26139316,-0.7816978,0.29061645,-0.2904572,0.02302191,-0.15674944,0.01322081
-0.045420207,-0.24019268,-0.13964204,0.39301032,-0.03116696,0.011237581,-0.072249934,-0.050379068,0.0,0.004528639,-0.24006566,0.05001969,0.0,-0.14643791,0.0,-0.11137802,0.0,0.0049642483,0.0,0.069324404,0.0,0.040414155,0.0,-0.26424482,-0.7507854,0.18785676,0.065815076,0.047160488,-0.19121622,0.05429532
-0.03039492,-0.017769082,-0.36077222,-0.053846847,0.009451445,-0.0043133157,0.013817535,-0.038314864,0.0,-0.10133623,-0.25457978,-0.4795652,0.0,0.053367324,0.0,0.026408099,0.0,-0.0014602658,0.0,0.0044065923,0.0,-0.11552851,0.0,-0.25573254,-0.797464,0.19870985,-0.143887,0.012275595,-0.17511663,0.026495544
-0.06634874,-0.54716486,0.47805282,-0.1482343,0.07012669,-0.007536021,-0.23567556,-0.008880332,0.0,0.102069184,0.13861232,0.03016484,0.0,-0.26166737,0.0,-0.15330876,0.0,-0.004822561,0.0,-0.24269812,0.0,0.05908282,0.0,0.05604074,0.10198939,-1.2929417,0.068919964,0.021352172,-0.020314716,-0.45898306
-0.025215663,0.29725716,-0.11460861,-0.025068872,-0.0028291503,0.0041568717,-0.0868475,-0.02762064,0.0,0.10794647,0.34804156,0.08533391,0.0,0.09603992,0.0,0.06694077,0.0,-0.0003841829,0.0,0.074568324,0.0,-0.051225007,0.0,-0.09391068,0.281074,0.38753572,0.1368028,-0.045058183,-0.22172226,0.00888175
-0.056893986,0.55675817,-0.66913825,-0.008655978,0.010265689,-0.01082258,0.02949423,-0.03734162,0.0,-0.080489226,-0.39248064,-0.7673437,0.0,0.058267705,0.0,0.02394391,0.0,-0.00676109,0.0,0.097633064,0.0,-0.08355557,0.0,-0.07808844,0.2440532,0.33128262,0.087835655,0.005159325,-0.12043346,-0.03467519
-0.067440085,-0.7856165,-0.3027982,-0.1502033,-0.03809561,0.006592616,0.033842966,-0.064176485,0.0,-0.05778428,-0.18990684,-0.3364517,0.0,0.055856142,0.0,-0.007964301,0.0,-0.008382196,0.0,0.008738835,0.0,-0.054325495,0.0,-0.064925976,0.10729302,-1.6486186,-0.141254,0.045070488,-0.15199812,-0.13703422
-0.02959871,-0.010058129,-0.39123222,-0.06131736,0.013498413,-0.0037548288,0.013893712,-0.03519015,0.0,-0.10829415,-0.2543022,-0.48938015,0.0,0.04319844,0.0,0.02406688,0.0,-0.0014602658,0.0,0.0030688206,0.0,-0.10936357,0.0,-0.25573254,-0.79756624,0.19870985,-0.14412539,-0.11140891,-0.15209842,0.026495544
-0.058554787,-1.7341232,-0.28536087,-0.21745628,0.052307304,0.024634408,0.017907955,-0.03724624,0.0,0.10077624,-0.17565796,0.034590326,0.0,-0.4682297,0.0,-0.097326,0.0,-0.0030628007,0.0,-0.28247616,0.0,-0.22828493,0.0,0.062822044,0.0508046,-1.5875165,0.059671205,-0.013764472,-0.1726114,-0.35066652
-0.038000416,0.102823704,0.40656692,-0.28966433,0.010287604,0.0073563596,-0.08791569,-0.007639066,0.0,-0.11381237,0.1577544,0.066735305,0.0,0.030524112,0.0,0.0066527156,0.0,0.0048735137,0.0,-0.19629826,0.0,0.089867845,0.0,0.24458876,-0.7905433,0.26132494,-0.28807977,0.023285564,-0.15941119,-0.0017056079
-0.03091973,1.1868604,0.19383512,0.005642683,-0.009335723,-0.0034976574,0.0382673,-0.036780804,0.0,-0.1317391,0.280001,0.12453611,0.0,0.11504804,0.0,0.05773279,0.0,-0.0016155334,0.0,0.13701558,0.0,0.088858575,0.0,0.062882215,0.2123688,0.40378365,0.10652299,0.015811427,0.19811046,-3.1329535e-05
-0.06069516,0.28862193,-0.28159714,-0.043800082,0.01055526,0.0040751626,-0.081925824,-0.02611005,0.0,-0.07022071,-0.29243118,-0.5723441,0.0,0.05860145,0.0,0.006550873,0.0,-0.0066506797,0.0,0.008694118,0.0,-0.08093862,0.0,-0.24410199,-0.91273195,0.21266611,-0.17272797,0.032626543,-0.13548526,-0.07348144
-0.02937193,-1.1519388,-0.28611103,-0.3066682,0.14773247,-0.0138588,0.09094903,-0.023343649,0.0,0.12683995,0.27723017,0.05563648,0.0,0.14451529,0.0,-0.09784388,0.0,0.020459766,0.0,0.016010834,0.0,0.13061218,0.0,0.056703873,0.13921301,0.23998427,0.088923596,0.0012586763,0.23884623,0.03347375
-0.03240017,0.5887706,-0.20332304,0.015685853,-0.0007522554,-0.0018857758,0.01680253,-0.028034901,0.0,0.10626128,0.34900254,0.0993301,0.0,0.11066646,0.0,0.058766894,0.0,-0.0060583306,0.0,0.06229421,0.0,-0.073168896,0.0,-0.09109121,0.28853577,0.40294477,0.1442967,0.0036947988,-0.19657998,-0.06625807
0.40488228,1.1406564,-0.29198882,0.2204848,0.0017466595,-0.024569694,0.0378553,0.16141099,0.0,-0.0074783294,-0.3553382,0.13308029,0.0,0.08366381,0.0,0.032877926,0.0,-0.0013073271,0.0,0.14509717,0.0,-0.08777323,0.0,-0.07918805,0.25661376,0.34215087,-0.19430433,0.011944355,-0.17082408,0.014693896
-0.024210872,0.016470712,0.37314925,-0.13099948,0.030268615,0.011326653,-0.17100647,-0.013524831,0.0,-0.12147742,0.25638166,0.077922024,0.0,0.03425581,0.0,-0.12000748,0.0,0.0061350986,0.0,-0.34593135,0.0,0.08390513,0.0,0.039213106,0.14739372,0.34019652,0.105275586,0.021229876,0.22755219,-0.0074399645
-0.007819269,-1.0698441,0.4246055,-0.2624058,-0.0841986,-0.030832192,0.08700039,-0.014972497,0.0,0.1743831,0.1439187,0.037799835,0.0,0.07069876,0.0,-0.11819938,0.0,0.007144044,0.0,-0.3309666,0.0,0.11370642,0.0,0.049641624,0.06546318,-1.4237149,0.08288469,-0.037177395,-0.19245283,0.03339247
0.14442205,-0.09772311,-0.06546363,-0.39355358,0.011344354,-0.004035154,0.012008864,-0.016013931,0.0,0.14486775,0.2765478,0.08603317,0.0,0.10992656,0.0,0.011771328,0.0,0.0010029548,0.0,0.077372976,0.0,-0.090715095,0.0,0.11961583,0.18664485,0.34360373,0.103775166,-0.12749587,-0.20780365,-0.0051886924
-0.033251483,-0.04673059,0.27862597,-0.3092065,-0.049850095,0.013880376,0.033495378,-0.018588545,0.0,0.13911422,0.27419752,0.06127205,0.0,-0.11650876,0.0,0.042561468,0.0,-0.0005801191,0.0,-0.20246615,0.0,0.126769,0.0,-0.09343732,0.239075,0.31484103,-0.21884327,-0.16568108,-0.22382203,0.017923407
-0.03649565,-0.5070671,-0.7809387,-0.39590997,-0.0073168995,-0.004347183,0.038292166,-0.05376126,0.0,-0.14094202,-0.22729969,-0.360791,0.0,0.049303085,0.0,0.0038942005,0.0,-0.0013288092,0.0,0.029562272,0.0,-0.1046172,0.0,-0.06071962,0.09832741,-1.7510643,0.07108447,0.0049342522,-0.10795664,0.009801488
-0.022171993,-0.1516125,-0.09182237,-0.2882857,0.00013290011,-0.0043232637,0.01730027,-0.032053974,0.0,0.13667041,0.3291882,0.07569971,0.0,0.093140244,0.0,0.056257166,0.0,-0.0014857298,0.0,0.08952893,0.0,-0.07565613,0.0,-0.0645919,0.223785,0.34596035,0.13522087,0.019447735,0.31893006,0.0098602325
-0.06427575,1.1457661,-0.27964437,0.130492,0.013502698,-0.012605817,-0.104075044,-0.023139697,0.0,0.003361401,-0.3736499,0.14484625,0.0,0.09196201,0.0,0.03958974,0.0,-0.00676109,0.0,0.1313112,0.0,-0.058956526,0.0,-0.07659577,0.2599316,0.37196368,-0.20303082,0.007117686,-0.17258029,-0.08269582
-0.0658409,-0.34307626,-0.35197932,-0.37350968,-0.040020365,-0.061985873,0.04978607,0.11821819,0.0,-0.07287893,-0.17967045,0.034609426,0.0,-0.2152674,0.0,-0.026870657,0.0,0.035842683,0.0,-0.3236587,0.0,-0.05637031,0.0,-0.054741282,0.09719809,-1.818988,-0.09549154,0.017939359,-0.1769005,-0.12794536
-0.02918262,0.60367876,-0.13672225,-0.06170409,0.016938888,0.003762123,-0.044735104,-0.022309704,0.0,-0.09022071,0.2825544,0.09679387,0.0,0.082127996,0.0,0.045129072,0.0,-0.0003841829,0.0,0.047702394,0.0,-0.04605123,0.0,-0.06978134,0.29293683,0.4060021,-0.21912622,-0.056925483,-0.15118681,0.010190475
0.29913384,-0.92142427,-0.8385118,-0.80439407,0.016575465,-0.0035196883,0.05143132,-0.04351059,0.0,-0.09253482,-0.19485794,-0.35393465,0.0,0.023555605,0.0,-0.032937948,0.0,-0.0016233153,0.0,0.053439356,0.0,-0.08719611,0.0,-0.068142235,0.0949927,-1.521031,0.05584196,-0.1550034,-0.13560982,0.00389614
0.30057928,1.0512154,-0.31130362,0.209123,0.00037324685,-0.010991759,0.043736808,0.19816746,0.0,-0.013289464,-0.3542872,0.14135154,0.0,0.101835646,0.0,0.025088767,0.0,-0.0006200222,0.0,0.1717713,0.0,-0.07966465,0.0,-0.057244085,0.23060001,0.305221,0.10190353,0.011167238,0.26451278,-0.009700651
-0.056705844,0.50614583,-0.4339801,-0.092842095,0.02351181,0.018920641,0.017577652,-0.043092284,0.0,-0.024228582,-0.3807532,-0.7159401,0.0,0.036628067,0.0,0.03674059,0.0,-0.0010869419,0.0,0.043145753,0.0,-0.07663514,0.0,-0.06678146,0.24067569,0.32736027,-0.17366035,0.0053904457,-0.09636359,0.00036307913
0.10530306,0.09804238,0.37486356,-0.09767081,-0.0066809603,-0.006522228,0.06369156,-0.018809732,0.0,0.110232264,0.27426538,0.09250698,0.0,0.0661068,0.0,-0.10953678,0.0,0.003775134,0.0,0.061952297,0.0,0.12116491,0.0,0.0206632,0.17736086,0.2829936,0.12063745,0.0052945577,0.21029353,-0.009419402
-0.02082349,0.32344633,-0.20206109,-0.13107242,-0.013214643,-0.0034808249,0.016638286,-0.050397094,0.0,-0.13611062,0.31365576,0.092909224,0.0,0.07904331,0.0,0.043802712,0.0,-0.0014857298,0.0,0.081969716,0.0,-0.079188555,0.0,-0.06335599,0.24935994,0.38184184,0.12604167,0.007512715,0.2775283,0.008450212
-0.02624917,0.16509323,-0.030402778,0.11478159,0.041803855,-0.00247882,-0.0814555,-0.026321363,0.0,-0.13937718,0.34790194,0.08364445,0.0,0.077253215,0.0,0.057352696,0.0,-0.0008163913,0.0,0.07879718,0.0,0.050733387,0.0,-0.091443114,0.27426243,0.39123857,0.11931474,-0.07430666,-0.22000742,0.0051134257
-0.051185474,-0.8056719,-0.19848193,-0.27643383,-0.013968271,-0.019482957,0.095973164,-0.019365493,0.0,0.028288946,0.3102665,0.04993794,0.0,-0.34135112,0.0,-0.17890672,0.0,0.03404088,0.0,0.04114754,0.0,0.13669202,0.0,0.10058301,0.15030953,0.236453,0.15658215,0.03346979,-0.20692612,-0.09701109
-0.035231356,-0.08366178,0.06619886,-0.26619175,-0.0118924575,0.0057519907,-0.031703506,-0.04774462,0.0,-0.101961605,-0.37209904,0.10567076,0.0,0.07277984,0.0,0.043741036,0.0,0.002741335,0.0,0.079981536,0.0,-0.06175797,0.0,0.07289864,0.14786033,0.29222456,-0.24599998,0.006907485,0.25514486,0.0012157697
-0.03043705,-1.0753026,-0.8464891,-0.49191526,-0.00051869,0.010282553,-0.146773,-0.0518491,0.0,-0.08975688,-0.18909465,-0.34401995,0.0,0.12735689,0.0,0.014195149,0.0,0.037385993,0.0,0.0994831,0.0,-0.42937148,0.0,-0.08013825,0.1111095,-1.5649714,-0.1841125,-0.38320005,-0.15632552,0.011946715
-0.016377192,-0.40837362,-0.10984674,0.020017697,-0.18618952,0.0025282854,0.092532896,-0.03577753,0.0,0.15049717,0.14167213,0.051803794,0.0,0.10302505,0.0,-0.08662134,0.0,0.004976945,0.0,-0.036271248,0.0,0.100646354,0.0,0.040919527,0.060609892,-1.7574513,0.046279185,0.0061635682,0.09715534,0.034335785
-0.05068139,-0.7102499,-0.34974828,-0.22677523,-0.021760201,0.013096025,0.038073387,-0.072439894,0.0,-0.030137813,-0.2701771,0.049963932,0.0,-0.26151082,0.0,0.048479583,0.0,0.03302963,0.0,0.08058656,0.0,0.054041397,0.0,-0.26790935,-0.73983216,0.20418374,0.088506654,-0.015189367,-0.2109837,-0.14654168
-0.012496285,-0.23998682,0.8621073,-0.1561784,0.12504804,-0.0064714593,-0.26144218,-0.026812483,0.0,-0.09954809,0.13041613,0.037048817,0.0,-0.17103764,0.0,-0.1270156,0.0,0.0049844002,0.0,0.04593876,0.0,0.07738742,0.0,0.014809943,0.13783172,-1.4370488,0.07911264,-0.0071952804,-0.1038439,0.04661495
-0.029195126,-0.6739636,-0.118072696,-0.37081316,-0.018278286,0.0060364343,-0.1012074,-0.060758464,0.0,-0.044944614,-0.4653723,-0.59264845,0.0,0.03272631,0.0,0.06582408,0.0,-0.001946622,0.0,0.03738025,0.0,-0.083011314,0.0,-0.06257311,0.16377728,0.24826509,-0.21390016,0.040715184,0.1818719,0.010290458
-0.020568546,-0.32480115,-0.38382185,-0.37987128,-0.024433332,0.005167237,-0.15651482,-0.040880106,0.0,0.034185007,-0.2821503,-0.37884519,0.0,0.06141112,0.0,-0.041675333,0.0,-0.003081372,0.0,0.052629795,0.0,-0.06318477,0.0,-0.2652364,-0.78048223,0.19693737,0.086002864,-0.040958643,-0.15945409,0.014995195
-0.03846772,0.63869613,0.20064557,0.030085985,-0.012983485,-0.0028644996,0.02851218,-0.03586896,0.0,-0.11520932,0.25628647,0.10378212,0.0,0.1236231,0.0,0.08358176,0.0,-0.0060687433,0.0,0.088018745,0.0,0.090454556,0.0,0.09933455,0.21227635,0.41499177,-0.22125956,0.010482819,-0.11397097,0.019779675
-0.034936886,0.045830905,0.022624407,0.13546203,-0.05269396,0.015649915,0.043190967,-0.053035103,0.0,-0.10572521,-0.4134359,0.088473625,0.0,0.040880617,0.0,0.055047285,0.0,-0.0010869419,0.0,-0.10334576,0.0,-0.09005271,0.0,-0.08260368,0.19121422,0.3050342,-0.21713689,0.0060140267,-0.20723636,0.023287894
-0.030677227,0.7153563,-0.2408413,0.018334558,0.00033747067,-0.0043875743,0.047795866,0.21722251,0.0,-0.045378946,-0.3338009,0.15177356,0.0,0.086125396,0.0,0.026841711,0.0,-0.0013288092,0.0,0.16338876,0.0,-0.06853721,0.0,-0.0725525,0.2516132,0.36624876,0.116280496,-0.07444784,-0.20357428,0.0040554376
-0.04811857,0.85727865,-0.34038922,0.14830576,-0.006804677,0.022128463,0.037211854,0.20252399,0.0,-0.02689417,-0.36331254,0.14135154,0.0,0.101198606,0.0,0.024928369,0.0,-0.001946622,0.0,0.11770951,0.0,-0.07607037,0.0,-0.054442525,0.23090228,0.31429896,0.09945595,0.012431602,0.28252017,-0.0029495682
0.09965219,-2.3982985,-0.07409808,-0.2570929,-0.1804757,-0.15620552,0.023771489,-0.007875885,0.0,0.07897667,0.1008361,0.0336632,0.0,-0.40647718,0.0,-0.13632879,0.0,-0.019496443,0.0,-0.025055146,0.0,-0.36583167,0.0,0.051367868,0.03565877,-1.6667488,0.07441384,0.050512116,-0.13687366,0.013777536
-0.022530464,0.61384696,-0.066632256,-0.051586997,-0.0038662862,-0.0026213226,0.038309008,-0.051010642,0.0,-0.13290374,-0.3365273,0.12738585,0.0,0.08437404,0.0,0.038455296,0.0,-0.002188489,0.0,0.08459154,0.0,-0.07677351,0.0,-0.05896272,0.22220014,0.3486395,0.11471311,0.006745312,0.26387218,0.014457822
-0.02581326,0.24331631,-0.10764457,-0.013434331,-0.03998536,-0.008041783,0.026655985,-0.018460121,0.0,0.1221368,0.346948,0.06325729,0.0,-0.30618843,0.0,0.040065408,0.0,-0.00089350063,0.0,0.047649696,0.0,-0.061868355,0.0,-0.08464979,0.2779106,0.38595307,0.10551619,-0.03905364,-0.2085317,0.020228894
0.1693182,-2.2685137,0.76311487,0.13958505,0.19038752,-0.011440051,-0.2006772,-0.010710368,0.0,-0.1271194,0.109953925,0.03354545,0.0,-0.34964392,0.0,0.13089298,0.0,-0.023562059,0.0,-0.18820006,0.0,0.12930678,0.0,0.046099704,0.070731066,-1.4024764,0.09903769,-0.19306247,-0.1194182,0.012006435
-0.053240694,-0.008060256,-0.18047987,0.28790998,0.09363527,0.006977801,0.076717414,-0.05830652,0.0,-0.06497751,-0.2083408,-0.2965306,0.0,0.06379226,0.0,0.02435803,0.0,-0.008382196,0.0,0.035320766,0.0,-0.08754204,0.0,-0.06770055,0.09481521,-1.6472955,-0.14968659,0.0129686985,-0.10896396,-0.13112836
0.12174418,-1.3447737,-0.04347301,-0.4199723,0.0020363166,0.035378247,0.022058379,-0.029729916,0.0,-0.19752577,0.104088835,0.044460878,0.0,0.103045605,0.0,-0.09124629,0.0,-0.042092673,0.0,-0.4377473,0.0,-0.29683396,0.0,0.06314587,0.061036497,-1.6978375,0.057776246,-0.097652316,-0.13172789,0.005703276
-0.03698695,1.1894988,0.20107372,0.19947813,0.003994588,-0.0035770212,0.024374599,-0.03278051,0.0,-0.08267151,0.26939687,0.1160088,0.0,0.09802845,0.0,0.05134928,0.0,0.0028455872,0.0,0.08546129,0.0,-0.05295735,0.0,-0.052881498,0.2634592,0.40053478,-0.22285786,0.011501912,0.2178694,0.0023727235
-0.05278077,-0.24603975,-0.28365034,-0.25057524,-0.055019908,0.024175987,-0.12387627,-0.02037202,0.0,0.12553102,-0.2131323,0.02827942,0.0,-0.13957317,0.0,-0.083689444,0.0,0.0047580656,0.0,-0.21201633,0.0,0.04794251,0.0,0.045730144,0.052819274,-1.646439,-0.075399876,-0.0043365927,-0.11638366,0.044014066
-0.04183286,-0.2495549,-0.21692184,-0.3905278,-0.02668417,-0.027418414,-0.16070658,0.07134723,0.0,0.0063122646,-0.22235388,0.045526844,0.0,-0.15364471,0.0,-0.04460683,0.0,-0.0019180579,0.0,-0.30903748,0.0,0.055598006,0.0,-0.26477417,-0.809958,0.2149558,-0.15577698,0.019517181,-0.19539328,0.039819743
-0.032105774,1.0804049,-0.14299399,0.022494525,0.009218812,-0.004175438,0.015259619,-0.035128947,0.0,-0.10226522,0.27638215,0.12028745,0.0,0.08943293,0.0,0.036610648,0.0,-0.0014857298,0.0,0.11001966,0.0,-0.06185569,0.0,-0.0546518,0.25987953,0.40400305,0.113071166,0.011366091,0.24231638,0.009761243
-0.08338836,-1.0639685,-0.3725487,-0.12523487,0.07528056,0.013618196,0.024026675,-0.033703078,0.0,0.16023284,-0.17565796,0.032105807,0.0,-0.24329454,0.0,-0.08351038,0.0,0.007944524,0.0,-0.26995847,0.0,-0.059757885,0.0,0.054668956,0.04545743,-1.633806,0.041005936,-0.020804932,-0.25116196,0.048469156
-0.02523791,-0.28118673,-0.008346139,-0.023641149,0.0044797906,0.006235759,-0.08459091,-0.028398454,0.0,-0.122974694,0.33025622,0.06905168,0.0,0.08840266,0.0,-0.03385149,0.0,0.005828621,0.0,0.07834404,0.0,0.058966935,0.0,-0.09608562,0.2430837,0.36586878,0.109835416,0.022302799,-0.21100178,-0.007355774
-0.038303282,-0.47889727,-0.16839576,-0.289607,0.011803371,-0.017210815,0.010861701,-0.01979955,0.0,0.031697787,0.2967336,0.046043515,0.0,-0.2744414,0.0,-0.044565868,0.0,0.0057692556,0.0,0.048470665,0.0,-0.06898829,0.0,-0.08906108,0.23727274,0.34192696,-0.18719059,-0.010547369,-0.1813341,0.017205393
0.12289158,-0.26778993,-0.08618445,0.08565194,0.011530398,-0.0052173496,0.018440569,-0.03918503,0.0,-0.11716255,0.2983137,0.07484819,0.0,0.102733016,0.0,0.030891754,0.0,-0.0008811143,0.0,0.08790985,0.0,0.12337091,0.0,0.07585998,0.17921956,0.33811855,0.09692219,0.0013319894,0.23850238,-0.011269015
-0.03451243,0.1796636,-0.25537756,-0.05431481,-0.0217495,-0.0037548288,0.024190452,-0.04221375,0.0,-0.106327936,-0.51161385,-0.5595787,0.0,0.036964793,0.0,0.038740747,0.0,-0.0013288092,0.0,0.02479478,0.0,-0.07759555,0.0,-0.086728975,0.20184699,0.28733757,-0.14805233,-0.33295015,-0.138642,0.019839747
-0.06849279,1.0600766,-0.68524116,0.16367523,0.011964908,-0.013205825,0.028308067,-0.028561482,0.0,-0.01255037,-0.42287788,-0.42507568,0.0,0.07965408,0.0,0.0322874,0.0,-0.00676109,0.0,0.10809611,0.0,-0.086413786,0.0,-0.07430284,0.2559508,0.34704494,-0.18725994,0.0067186537,-0.11556685,-0.016985346
0.17564413,-0.19761522,-0.01269954,-0.047731962,-0.024852306,0.04619408,0.06942199,0.36075652,0.0,-0.115943104,-0.39281315,0.08129507,0.0,0.065034166,0.0,0.014862637,0.0,0.0041685794,0.0,0.11440932,0.0,-0.07877458,0.0,0.122678444,0.1365686,0.28146243,0.075816885,-0.06973177,-0.18911523,-0.0019252672
0.048753675,-0.35132456,0.6810096,-0.31111753,0.21777679,0.0148827415,0.1280773,-0.019087322,0.0,0.10361002,0.11159631,0.035073217,0.0,-0.24677534,0.0,0.17111589,0.0,0.005837987,0.0,0.0979528,0.0,0.14762361,0.0,0.04679088,0.073453516,-1.260086,0.071754076,0.019180732,0.15996383,0.018139493
-0.037492193,-0.24540754,-0.28426787,-0.2151259,0.008889389,-0.004493221,0.012266821,-0.063891634,0.0,-0.060963497,-0.32086343,0.07289875,0.0,0.07093549,0.0,0.022179658,0.0,-0.0013757915,0.0,0.08502132,0.0,0.07636087,0.0,0.27733746,-0.48967323,0.26751587,0.1353664,0.010176988,-0.15365303,0.001995188
-0.043800987,-0.32309967,-0.6010753,-0.042922672,-0.02174859,-0.0067850575,0.025193539,-0.018827172,0.0,0.08740211,-0.23613085,0.04530466,0.0,0.05800185,0.0,0.0815265,0.0,-0.0008163913,0.0,-0.36655876,0.0,0.064892605,0.0,-0.06680575,0.06950946,-1.6924571,0.072924845,-0.0019941954,-0.1886185,0.012617055
0.21450458,-0.44959423,-0.6330032,0.024820542,-0.0012004804,-0.07959842,0.0016261995,-0.06092914,0.0,-0.06403194,-0.43129364,0.08116684,0.0,0.06601211,0.0,0.02260632,0.0,0.0045404183,0.0,0.051145818,0.0,-0.07429007,0.0,-0.07110383,0.1722678,0.26124793,-0.22594851,-0.014739392,0.25809497,0.0026736679
-0.06973042,0.2688898,-0.26248807,-0.03385012,-0.0040219044,0.0038110204,0.044284496,-0.03458036,0.0,-0.15297338,-0.21590132,-0.42113498,0.0,0.058264423,0.0,0.041920878,0.0,-0.00676109,0.0,0.0064403634,0.0,-0.089659706,0.0,-0.061723363,0.101784185,-1.8653971,-0.12253104,0.0052181543,-0.09476489,-0.06021439
-0.043275215,-0.46442312,-0.2531718,-0.16388376,0.04861856,-0.008260021,0.013210675,-0.041062746,0.0,-0.029427301,-0.43775424,0.06469273,0.0,0.047983695,0.0,0.0167133,0.0,-0.0020879318,0.0,-0.18880875,0.0,-0.05068507,0.0,-0.08541486,0.17726237,0.2909183,-0.15895286,0.0043135043,-0.16495022,0.011183203
-0.03010308,-1.7746623,-0.3249049,-0.008621785,0.03900136,-0.044213258,0.01946396,-0.026690345,0.0,0.14888033,-0.17332412,0.034070253,0.0,-0.3166714,0.0,-0.13427821,0.0,-0.00046882976,0.0,-0.2198429,0.0,-0.18404911,0.0,0.052784666,0.056831613,-1.5870188,-0.14979556,-0.002635945,-0.15483235,0.03793489
-0.0031968267,-0.8098681,0.37931308,-0.13511254,0.07853542,-0.015799273,-0.1645393,-0.029679837,0.0,0.22536688,0.28291333,0.072320335,0.0,0.09899765,0.0,0.094487056,0.0,0.003226495,0.0,0.03794174,0.0,0.057546083,0.0,0.12534985,0.17019986,0.31159255,0.10584576,-0.04850627,-0.16263342,0.03057057
0.0003900777,0.11068215,0.32958227,0.41221032,0.089905426,-0.02086832,-0.2474309,-0.008979832,0.0,0.10814551,0.13196556,0.0336632,0.0,-0.2434531,0.0,-0.15124087,0.0,0.0050889337,0.0,0.06993232,0.0,0.0682346,0.0,0.054546714,0.108512014,-1.3535631,0.022920987,0.022172933,-0.032707073,0.05235043
-0.0073244213,-1.0981601,0.7449758,-0.34766686,-0.09540545,-0.0015208712,0.060070973,-0.019979917,0.0,0.13998061,0.1442867,0.047687434,0.0,0.06685201,0.0,-0.12294688,0.0,-0.011076369,0.0,-0.37238327,0.0,0.117042385,0.0,0.038243532,0.06691475,-1.5271457,0.07828993,-0.0014916218,-0.21045282,0.03573443
0.25014982,0.6344059,-0.1464581,-0.007867133,0.004374195,-0.0022163503,0.0109342495,-0.034666386,0.0,-0.103141434,0.24829632,0.09710675,0.0,0.07391467,0.0,0.04765293,0.0,0.007008966,0.0,0.05008621,0.0,-0.072550714,0.0,-0.08154586,0.2953478,0.37853137,-0.17988133,0.0074757207,-0.14419758,0.016614795
-0.052796252,-1.1229967,-0.3788002,-0.53266317,0.002767854,0.011657551,-0.11651416,-0.02780113,0.0,-0.040695492,-0.21696696,0.060056247,0.0,0.032775898,0.0,0.016389264,0.0,-0.003081372,0.0,-0.27605256,0.0,-0.0424951,0.0,-0.2570269,-0.737454,0.21137238,0.07631432,-0.08564813,-0.20446382,0.014400219
-0.033939354,-0.35873508,-2.0764937,-0.23395586,-0.015353212,0.004620741,0.030381233,-0.0739011,0.0,-0.11155513,-0.29139346,-0.46196005,0.0,0.015206413,0.0,0.07208361,0.0,-0.0014602658,0.0,0.022111215,0.0,-0.12077239,0.0,-0.27076635,-0.82753956,0.17536324,-0.59053284,-0.0742329,-0.15615226,0.015964622
-0.04626944,-0.24617778,0.15011974,-0.33356085,0.20071714,-0.02841368,0.11939732,-0.04048368,0.0,-0.08274033,0.12858123,0.034058005,0.0,-0.16591088,0.0,-0.14219578,0.0,0.0090280315,0.0,0.05816023,0.0,0.11341357,0.0,0.04254745,0.06343105,-1.3663479,0.062181056,-0.004030861,0.10029316,0.04921112
-0.028810829,-0.78159714,-0.123667784,-0.30673194,-0.014644433,0.009092842,0.030674923,-0.08701175,0.0,-0.059768222,-0.44167638,-0.59264845,0.0,0.034583163,0.0,0.0070050145,0.0,-0.001946622,0.0,0.03787154,0.0,-0.11458789,0.0,-0.06257311,0.16260399,0.24413928,-0.20395818,0.04063464,0.18691665,0.0113739045
-0.00014532162,-0.773561,0.08740583,-0.094655655,0.024262648,0.016783798,0.049851477,-0.042459097,0.0,0.1104556,0.2895252,0.048143473,0.0,-0.3072816,0.0,-0.16703354,0.0,-0.013635102,0.0,0.09681478,0.0,0.12017246,0.0,-0.059889648,0.19353558,0.2878588,0.09030944,-0.006872664,0.27114764,0.054388784
-0.038012136,-0.108137175,-0.24265285,-0.19564413,-0.011114729,-0.003827521,0.0085575525,-0.03471147,0.0,-0.06476934,0.27976695,0.0834997,0.0,0.08257406,0.0,0.01664829,0.0,-0.0060583306,0.0,0.090476975,0.0,-0.07868342,0.0,-0.10846102,0.24768753,0.36305067,0.118421696,0.007867421,-0.24967144,-0.0488548
-0.04290274,-0.07199598,-0.06340141,-0.16159637,-0.007530549,0.0066132504,-0.07592962,-0.026236298,0.0,-0.06642097,0.28098005,0.06330645,0.0,-0.3297883,0.0,0.031156968,0.0,0.03076391,0.0,0.08296576,0.0,0.113216706,0.0,-0.10158264,0.23468898,0.36506584,0.1022417,0.012849542,-0.23696992,-0.030426886
-0.044284422,-0.30275536,-0.29446387,-0.53664976,-0.04211749,0.13427573,0.07577497,0.24163006,0.0,-0.078978114,-0.17953546,0.034810543,0.0,-0.11124799,0.0,-0.02772523,0.0,0.007842699,0.0,-0.30564862,0.0,-0.05971632,0.0,-0.05215184,0.094611965,-1.8215394,-0.06347103,-0.14095135,-0.17666061,0.026095092
-0.023994979,0.41948557,-0.10806259,-0.17199612,9.435738e-05,0.010815733,0.027922705,-0.03290031,0.0,0.122378066,0.346948,0.06599604,0.0,-0.29931054,0.0,0.02626738,0.0,-0.0006516335,0.0,0.047107484,0.0,-0.062232044,0.0,-0.084783,0.28326675,0.39030486,0.097338624,-0.040854424,-0.20593767,0.02175377
-0.012507205,-1.1334279,0.16497819,-0.3538459,0.07828535,0.05470669,0.04063639,-0.11709504,0.0,0.17748901,0.14273824,0.06142101,0.0,0.25453955,0.0,-0.08222697,0.0,0.08858808,0.0,0.22579846,0.0,0.09048197,0.0,0.08967658,0.077386655,-1.6537968,0.13288674,0.077344954,0.50485164,0.031170327
-0.032648966,0.12877096,0.5205662,0.094624564,-0.00295238,0.017938523,0.030422382,-0.050084274,0.0,0.12460442,-0.3775632,0.104177855,0.0,0.12365333,0.0,-0.06256797,0.0,-0.0029476117,0.0,0.06749906,0.0,-0.03223326,0.0,-0.04323933,0.16739385,0.28958082,-0.3386003,0.0032229587,0.27131006,0.012390371
0.059230622,0.55717117,-0.073635355,-0.10297283,-0.02703358,-0.0023338576,0.02253428,-0.034129098,0.0,0.17947587,0.22741672,0.10228117,0.0,0.1157179,0.0,0.040858027,0.0,8.2737184e-05,0.0,0.08267506,0.0,-0.051117204,0.0,-0.07223646,0.25965154,0.37894535,0.102615334,0.0046462207,0.23079713,0.0026822267
-0.019859837,-0.01624983,-0.1786149,-0.19118437,0.012225191,0.004319435,-0.22946365,0.20343626,0.0,-0.11480657,-0.36202517,0.11112556,0.0,0.089180015,0.0,0.10971067,0.0,-0.001946622,0.0,0.08800458,0.0,-0.0723537,0.0,-0.06536651,0.17962748,0.26446846,0.121790014,0.008548034,0.36476398,0.012831105
-0.04925499,0.58086205,-0.01866141,-0.16819593,-0.0053677424,-0.0026331085,0.013010016,-0.037997566,0.0,-0.11584332,0.28360975,0.099287294,0.0,0.08842284,0.0,0.0454553,0.0,-0.005997793,0.0,0.08500496,0.0,-0.07910809,0.0,0.09853418,0.22443298,0.40890133,-0.2698932,0.007517713,-0.14230843,-0.023974605
-0.04454964,0.98415947,-0.29383785,0.10698522,-0.0028636395,-0.026509915,0.03567256,0.17552634,0.0,0.019176688,-0.36436352,0.13749447,0.0,0.084014766,0.0,-0.05142156,0.0,-0.0020879318,0.0,0.13569708,0.0,-0.05471515,0.0,-0.06632954,0.2502111,0.37177172,-0.24396113,0.010207567,-0.16014537,0.0024059867
-0.05797596,1.1436551,-0.28017864,0.13055198,0.009947775,-0.012616498,0.030109238,-0.030854663,0.0,-0.046969768,-0.38592222,0.15046044,0.0,0.0945306,0.0,0.023414474,0.0,-0.00676109,0.0,0.1561909,0.0,-0.08142061,0.0,-0.07831003,0.24951223,0.37235156,0.1035016,0.005891953,-0.19926508,-0.08264536
0.1494525,-0.49421653,0.19066338,-0.04496208,-0.027761905,0.008594452,0.013266063,-0.035141338,0.0,0.11751793,0.29200327,0.06987538,0.0,0.08613557,0.0,0.025721505,0.0,0.0013176873,0.0,0.099056035,0.0,-0.031582963,0.0,0.121486105,0.17028429,0.3274234,0.09721368,-0.028125614,-0.18665259,-0.004408716
-0.008008226,-0.98671114,0.9219892,-0.10144569,0.05801169,0.002995674,0.07455035,-0.019410867,0.0,-0.0806588,0.13082781,0.032757577,0.0,-0.018576331,0.0,-0.13416135,0.0,-0.0124543,0.0,-0.25392282,0.0,0.12490489,0.0,0.04016621,0.056538936,-1.4199302,0.060713995,0.00080821395,-0.18879932,0.05000828
0.24830787,-0.26720014,-0.26929462,-0.28084493,0.0036133837,0.008047431,0.037621457,-0.12469607,0.0,0.14844573,-0.21517487,0.06332685,0.0,0.06512697,0.0,0.09313735,0.0,0.00046117604,0.0,0.10560238,0.0,0.076996386,0.0,0.08050849,0.07940352,-1.5384189,-0.21436451,0.02177319,0.32795072,-0.007659772
-0.05930592,-1.6349465,-0.48489943,-0.31811246,-0.014256587,0.012766953,-0.11435896,-0.064181216,0.0,-0.04171124,-0.18936193,-0.34008005,0.0,0.17942391,0.0,-0.08896998,0.0,0.037385993,0.0,0.11205418,0.0,-0.42630118,0.0,-0.07805226,0.09708742,-1.595573,-0.18131308,0.101692334,-0.24908096,0.012907107
-0.053755894,-0.5322303,-0.6931763,-0.51755375,-0.009660243,0.0047646393,-0.10030754,-0.04516891,0.0,-0.13541794,-0.21779597,-0.35716262,0.0,0.076243244,0.0,0.01447534,0.0,-0.0065192226,0.0,0.05055813,0.0,-0.05322643,0.0,-0.07266478,0.095709525,-1.7244316,0.07254941,0.007208034,-0.100968815,-0.06633281
-0.04232909,-0.38511983,0.03753165,-0.3897199,-0.037872564,0.007935264,0.040302563,-0.02683429,0.0,-0.22069699,0.14485948,0.04498975,0.0,0.013674365,0.0,0.07670349,0.0,-0.00045761158,0.0,-0.28262213,0.0,0.115219735,0.0,0.05323033,0.069925815,-1.9327313,0.048029944,-0.06791568,-0.14960262,0.02514244
-0.06643315,0.5520487,-0.5928595,-0.0022622298,0.011927636,-0.011411908,0.02920148,-0.035036642,0.0,-0.035288922,-0.3807532,-0.7172272,0.0,0.050893754,0.0,0.037895594,0.0,-0.00676109,0.0,0.088054515,0.0,-0.084056735,0.0,-0.07637418,0.24283978,0.32877567,-0.1787379,0.00516558,-0.08752995,-0.03741749
-0.06502993,-0.6311883,0.32641447,-0.23926201,-0.0024542685,0.011505139,0.0035210438,-0.06277611,0.0,0.006614165,-0.26994127,0.047729738,0.0,-0.42926642,0.0,0.047777493,0.0,-0.007387681,0.0,0.03008672,0.0,-0.076114,0.0,-0.2335849,-0.7961988,0.20830646,-0.17704807,0.013746692,-0.17293142,-0.1370518
-0.015013225,-0.3792553,-0.3157844,0.08208506,-0.045824256,0.025194101,0.09593923,-0.034084518,0.0,0.04308844,0.18400827,0.036040273,0.0,-0.17468508,0.0,-0.04243825,0.0,-0.002755206,0.0,-0.052010305,0.0,0.14519794,0.0,0.2666636,-0.71594214,0.14858566,-0.5205931,0.0050933952,-0.13471425,0.05225844
-0.026520813,-0.12610802,-0.4115339,-0.18806419,-0.01746646,-0.0032248853,0.015472513,-0.044623226,0.0,-0.12345026,-0.429559,-0.5728533,0.0,0.060462914,0.0,0.082649425,0.0,-0.00676109,0.0,0.043214492,0.0,-0.11415136,0.0,-0.10948632,0.19554624,0.27982274,0.09854691,0.013999451,-0.19867718,-0.069455676
-0.061548565,-0.19138208,-0.19514482,0.1380936,0.08040521,0.032755695,0.013124121,-0.038352456,0.0,0.10966541,-0.17332412,0.03446914,0.0,-0.13150768,0.0,0.07255146,0.0,0.0029348338,0.0,-0.20536678,0.0,-0.07795383,0.0,0.05208838,0.06295688,-1.5640539,-0.098876975,-0.02469791,-0.15441673,0.050767593
-0.025882827,-0.11924532,-0.22775288,-0.19714414,0.007615136,0.008909926,0.010065472,-0.04483089,0.0,-0.070468955,0.2797389,0.08318681,0.0,0.06994428,0.0,0.014587307,0.0,-0.0003841829,0.0,0.072827496,0.0,-0.07073229,0.0,-0.09662871,0.25060746,0.3638829,0.11611135,0.0068454337,-0.24980563,0.008672927
-0.032631733,1.1830733,0.1733315,0.12294256,-0.004696848,-0.0032073774,0.0345152,-0.038647775,0.0,-0.109538056,0.280001,0.121622995,0.0,0.09663298,0.0,0.05737061,0.0,-0.001676071,0.0,0.13047089,0.0,0.053611748,0.0,-0.05689137,0.2560209,0.40336353,0.10021058,0.015142025,0.23173791,0.006629729
-0.03524097,-0.48979318,-0.31584945,0.009381738,-0.0015259533,0.014819877,-0.092855744,-0.05385172,0.0,-0.0676098,-0.4431598,0.05603736,0.0,-0.25408658,0.0,-0.10748623,0.0,-0.001601097,0.0,0.08985913,0.0,0.031027913,0.0,-0.092960246,0.18484837,0.2865066,0.08136198,-0.026844952,-0.19885904,0.024794968
-0.06747899,0.7490107,-0.45641148,0.37856463,-0.013591139,-0.013205825,0.018698623,-0.031418677,0.0,-0.012277395,-0.42298073,-0.43969402,0.0,0.07487657,0.0,0.035413127,0.0,-0.00676109,0.0,0.13188656,0.0,-0.08715698,0.0,-0.07654241,0.26260534,0.34584188,-0.19319136,0.039965633,-0.15238693,-0.0040780054
-0.021901494,0.019423284,0.2282355,-0.103549406,0.036048103,0.017984353,0.03876784,-0.031447817,0.0,-0.12095732,0.2577458,0.066827565,0.0,-0.092236176,0.0,-0.060403094,0.0,-0.0028240748,0.0,-0.21214204,0.0,0.1064144,0.0,-0.05042042,0.18731935,0.33495033,0.09785219,0.027724694,0.2887384,0.012765531
-0.03036267,0.26629096,-0.16511427,-0.16820897,-0.0136946,-0.0040701525,0.015895918,-0.048361227,0.0,-0.11145882,0.30667046,0.08623502,0.0,0.06737005,0.0,0.061560567,0.0,-0.0014857298,0.0,0.073121496,0.0,-0.07935767,0.0,-0.06164173,0.24609998,0.36700386,-0.28189033,0.0075189704,0.24938992,0.008829624
-0.031746957,-0.7282731,-0.4190062,-0.43389788,-0.052463003,0.00822459,0.05492527,-0.046576224,0.0,0.049818207,-0.20320547,-0.30087057,0.0,0.050969202,0.0,-0.022034116,0.0,-0.012302399,0.0,0.013210382,0.0,-0.0819689,0.0,-0.057534374,0.093735926,-1.5777973,-0.18650231,0.0056820507,-0.21261649,0.015829632
-0.031461585,-1.0592141,-0.6236296,-0.47658587,-0.05073359,0.007168118,0.05490857,-0.05049581,0.0,0.08009905,-0.2029279,-0.35202506,0.0,0.020154936,0.0,-0.022811487,0.0,-0.012302399,0.0,0.007059944,0.0,-0.075803965,0.0,-0.057534374,0.09382817,-1.5817759,-0.1867407,-0.055472914,-0.21942665,0.016138747
0.20564733,-0.29678228,-0.0776586,-0.14340787,0.015945615,0.01153067,0.007297341,-0.04908857,0.0,-0.12297319,0.30093688,0.0670949,0.0,0.07561927,0.0,-0.022383,0.0,0.002061101,0.0,0.059528124,0.0,-0.08753696,0.0,0.11603619,0.18461603,0.3419833,-0.19668429,0.021483595,-0.14518772,-0.012028724
-0.045768082,-0.6256631,-0.34781176,-0.2565991,-0.009888378,-0.0044258526,0.03203332,-0.051858697,0.0,0.010153857,-0.42158085,0.07676393,0.0,0.119013704,0.0,0.0020567998,0.0,-0.00676109,0.0,0.06958458,0.0,-0.06226887,0.0,-0.10884515,0.19666123,0.28695416,0.108012594,0.023286395,-0.2267459,-0.068467
-0.026588853,0.4805537,-0.17982522,-0.05955047,0.01240102,0.0057916255,0.014007001,-0.045674276,0.0,-0.10801085,0.25035778,0.09572875,0.0,0.08450564,0.0,0.059687365,0.0,-0.0012438626,0.0,0.05402443,0.0,-0.070953965,0.0,-0.055849068,0.25692958,0.38061136,-0.25687596,0.0063064815,0.21520597,0.010395747
0.15312125,-0.37382376,-0.14484574,-0.0024434852,-0.024682404,0.03691273,-0.24050885,0.22449175,0.0,0.004882403,-0.19779906,0.07058503,0.0,0.0734118,0.0,0.094364464,0.0,0.00012238488,0.0,0.041834325,0.0,-0.045700055,0.0,-0.25686467,-0.7702487,0.18984552,-0.14764881,0.013888003,-0.16528662,0.005439773
-0.020803612,0.50393236,-0.1777643,-0.061608262,-0.0011559787,-0.0023815194,0.023291819,-0.034647964,0.0,0.16890058,0.3158066,0.0979521,0.0,0.10605552,0.0,0.06815943,0.0,-0.0014857298,0.0,0.08156947,0.0,-0.07274674,0.0,-0.063618064,0.25511467,0.38412413,0.15641104,0.00458191,0.26513985,0.011387021
-0.05586447,0.5838969,-0.08016837,0.108301155,-0.054784354,0.012489672,0.03386071,-0.02956776,0.0,-0.09412437,-0.3928149,0.11368028,0.0,0.07876609,0.0,0.04987327,0.0,-0.0065192226,0.0,-0.2439776,0.0,-0.06539678,0.0,-0.06671076,0.22037418,0.3453147,-0.18490277,0.012136522,-0.16954087,-0.04988439
-0.059011824,-1.5424173,-0.76782095,-0.52244455,0.0030736201,0.014527864,-0.16308151,-0.067858495,0.0,-0.06426915,-0.18937221,-0.34119543,0.0,0.18023401,0.0,-0.06318973,0.0,0.037385993,0.0,0.13839015,0.0,-0.42014903,0.0,-0.08013825,0.08741742,-1.5875384,-0.1840501,0.07647068,-0.23520711,0.01197096
-0.06931852,-0.47849268,-0.031113464,-0.22066969,0.0498714,-0.0050735287,0.018197708,-0.021346522,0.0,0.15175381,0.28272963,0.058547303,0.0,0.08226386,0.0,0.056403574,0.0,0.0033623774,0.0,0.08374663,0.0,-0.11348571,0.0,0.11243022,0.18499061,0.33637565,-0.22497304,-0.05203474,-0.17805935,0.022600425
-0.08366039,-1.1981539,-0.37157246,-0.58298117,-0.029473366,0.014118855,-0.084723495,-0.0517531,0.0,0.0031153127,-0.36136386,0.055871762,0.0,-0.2617494,0.0,-0.086729914,0.0,0.0052369814,0.0,0.07879544,0.0,-0.051008478,0.0,-0.09005934,0.1903297,0.2773907,0.058647566,-0.025218762,-0.19252254,0.049272668
-0.046585545,0.6916408,-0.1820957,-0.001059171,-0.0072213714,-0.0035288436,0.03622133,-0.042497136,0.0,-0.10251466,-0.35607207,0.12836495,0.0,0.09899923,0.0,-0.0791972,0.0,-0.0075202123,0.0,0.08130148,0.0,-0.02661611,0.0,-0.08220137,0.2360532,0.36403066,0.11584797,0.008072799,-0.19296443,0.019601138
-0.032155983,-0.024808688,-0.29012075,-0.20707574,-0.006190252,-0.008827453,0.012012295,-0.021592308,0.0,-0.033790026,-0.23203939,0.08535622,0.0,0.05939397,0.0,0.0016445725,0.0,-0.0014131335,0.0,-0.2575713,0.0,-0.06529509,0.0,0.2608191,-0.42637295,0.27881363,0.104827076,0.006219248,-0.16577485,0.007884788
-0.036242973,-1.0214057,-0.3439601,-0.12209942,0.09150167,0.0043050977,-0.08764208,-0.020783622,0.0,0.22985315,-0.21180212,0.038877524,0.0,0.08120043,0.0,0.10119816,0.0,0.006391324,0.0,-0.3336651,0.0,0.061611157,0.0,0.059485182,0.057376,-1.6747484,0.07087024,0.006426738,-0.2700658,0.030564167
-0.08457568,-0.562731,-0.04965819,-0.16379392,0.031821225,-0.009943348,0.037557703,-0.03196783,0.0,-0.06955329,0.2843732,0.039660934,0.0,-0.31251398,0.0,0.06293355,0.0,0.013019012,0.0,0.07153678,0.0,0.11101678,0.0,-0.10287963,0.24674478,0.3309409,-0.13730443,-0.0024253074,-0.19238804,-0.19515613
-0.051128063,1.0263544,-0.49932423,0.07030631,0.016239043,-0.006205879,0.042171955,-0.034176383,0.0,0.011126805,-0.37094095,0.14004184,0.0,0.092059284,0.0,-0.19314097,0.0,-0.0029476117,0.0,0.06475185,0.0,-0.035323728,0.0,-0.052517958,0.21983261,0.35308626,-0.28273657,0.008145308,0.19745018,-0.023022639
0.10381765,-0.06664394,0.019858249,-0.24157411,-0.0009703467,-0.0040168487,0.017525254,-0.02841233,0.0,0.13631135,0.25506344,0.0913105,0.0,0.088874236,0.0,0.017558927,0.0,-0.00067801913,0.0,0.08763118,0.0,-0.07907555,0.0,-0.0747683,0.22310528,0.34162787,0.118732095,0.00470697,0.30519643,-0.00087330316
-0.05770747,-0.08279479,-0.12758233,-0.2074694,-0.012975368,0.00478895,0.02261071,-0.06415964,0.0,-0.1722318,-0.228721,-0.33586383,0.0,0.03993576,0.0,0.090160385,0.0,-0.0065192226,0.0,0.02199076,0.0,-0.12472843,0.0,-0.06973922,0.098186955,-1.7230835,-0.17541373,0.043196276,-0.13469855,-0.06660363
0.17682467,-0.45461324,0.24636976,-0.35995957,-0.014452161,-0.029663954,-0.17000201,-0.02149993,0.0,0.155532,0.29376376,0.07041296,0.0,0.09347595,0.0,-0.19882745,0.0,0.0035075464,0.0,0.07232894,0.0,0.08484491,0.0,0.06590725,0.16172625,0.2552632,0.08938902,0.0039606662,-0.16023253,-0.010676187
-0.028783351,-0.42416388,0.12925993,0.08124515,0.004984605,0.010589446,0.013067281,-0.046823073,0.0,-0.100744486,0.30114707,0.06850509,0.0,0.081765674,0.0,-0.0055628093,0.0,-0.0010099021,0.0,0.0858737,0.0,-0.023728523,0.0,0.110201836,0.17158811,0.36281714,0.105615065,-0.012180978,-0.18446961,0.00034451138
-0.021135842,-0.49331266,-0.034919877,-0.17994043,0.052679874,0.09899267,0.09929538,0.37496147,0.0,-0.007102679,-0.37019747,0.07717169,0.0,0.10258113,0.0,-0.0021487884,0.0,-0.004350228,0.0,0.17703891,0.0,0.09581088,0.0,0.0692451,0.13639246,0.2333594,0.09793346,0.015597419,0.28369159,0.016204847
0.14909913,-0.03261131,0.024831153,-0.2791878,-0.0147287855,0.009090954,0.014897092,-0.042842977,0.0,-0.11407695,0.16390795,0.080609776,0.0,0.08543116,0.0,0.012761772,0.0,-0.00018417498,0.0,0.07694604,0.0,0.119857766,0.0,0.28122148,-0.70628995,0.2746499,0.119845025,0.023992449,-0.1764244,-0.012048293
-0.008182407,-1.2600337,0.22031993,-0.09144158,0.071584225,-0.006276207,0.034938373,-0.027623301,0.0,0.19750603,0.2576227,0.053635813,0.0,0.099388726,0.0,0.15313014,0.0,-0.055251375,0.0,-0.30979526,0.0,0.1532963,0.0,0.06296137,0.14626825,0.29087672,0.08958238,0.0046762233,0.2991357,0.01499754
-0.02420199,-0.11384069,0.01770457,-0.29877627,-0.0023499043,-0.0022591366,-0.060909946,-0.022413198,0.0,0.17530863,0.28092882,0.08518817,0.0,0.093616106,0.0,0.01303717,0.0,0.002578,0.0,0.08796946,0.0,-0.05207801,0.0,-0.10101338,0.25335285,0.36167184,0.12665589,-0.04606908,-0.2525099,0.0010107708
-0.023589034,-0.004193122,-0.5074741,-0.27068153,0.00955412,-0.047828637,0.11235371,-0.036650393,0.0,-0.046430863,-0.38288558,0.08412819,0.0,-0.25856763,0.0,-0.046514064,0.0,0.006335429,0.0,0.06792936,0.0,-0.030851154,0.0,-0.05486189,0.16824365,0.3067062,0.10782356,0.0038828938,0.29835334,0.010411854
-0.058386113,-0.06763741,-0.30280322,-0.18149854,0.008935982,0.0017325426,-0.0736597,-0.037942875,0.0,-0.15807436,-0.2281658,-0.33586383,0.0,0.040752266,0.0,0.09264426,0.0,-0.0065192226,0.0,-0.00076361053,0.0,-0.08558777,0.0,-0.06823517,0.10948863,-1.7328763,-0.17377833,0.038243253,-0.12888099,-0.063911796
-0.06068631,0.29113737,-0.45105135,-0.018293375,0.010350145,0.0053208563,-0.11651261,-0.028384462,0.0,-0.0703458,-0.28198722,-0.52959776,0.0,0.06613108,0.0,0.017835256,0.0,-0.0066506797,0.0,0.007997312,0.0,-0.08155404,0.0,-0.24410199,-0.8486579,0.21168886,-0.14659287,0.0058297566,-0.11442122,-0.07356156
-0.033849813,-0.3043285,-0.26128373,-0.054388877,-0.0019537476,0.006267163,-0.14084947,-0.051476557,0.0,0.074516155,-0.45305616,-0.46171454,0.0,0.043797486,0.0,0.027688103,0.0,-0.0010869419,0.0,0.009133812,0.0,-0.07583603,0.0,-0.0982741,0.18629138,0.26810196,-0.23121122,0.0033324107,-0.111894876,0.010267725
-0.058970645,0.30014044,-0.30269668,0.12185612,0.023716925,-0.0027149075,0.02421541,-0.033361204,0.0,-0.08227784,-0.3808551,-0.7107891,0.0,0.050897233,0.0,0.039303612,0.0,-0.00676109,0.0,0.010259034,0.0,-0.084056735,0.0,-0.07637418,0.2518232,0.32645854,-0.17254485,0.03081225,-0.12241967,-0.059047073
-0.031877294,-0.39113563,-0.24317525,-0.1257928,-0.027603503,0.009658794,0.018663894,-0.11298303,0.0,0.17460683,0.13013856,0.061567966,0.0,0.09374035,0.0,-0.097006045,0.0,0.0044473596,0.0,0.13139197,0.0,-0.092589416,0.0,0.072677396,0.083766736,-1.8252579,0.09834488,0.005254223,0.49007314,0.028870014
-0.030816603,-0.7465,-0.22877797,-0.07494314,-0.0050471984,-0.014287368,0.041812465,-0.054805737,0.0,-0.010051937,-0.39891583,0.05601713,0.0,-0.2739577,0.0,-0.0021039858,0.0,-0.0015962599,0.0,0.07797967,0.0,-0.0577219,0.0,-0.08989675,0.19330084,0.28162917,0.062375303,-0.0123274475,-0.21254253,0.027275437
-0.025246957,0.46861717,-0.46196756,-0.07755225,0.015914595,-0.002066195,0.02552597,-0.03227966,0.0,-0.124936216,-0.45257652,-0.7087819,0.0,0.044135142,0.0,0.019912204,0.0,-0.0013288092,0.0,0.0255022,0.0,-0.07561644,0.0,-0.06836249,0.23441446,0.3159375,0.08208044,-0.27125478,-0.14822681,0.01396404
-0.063023396,0.75171924,-0.53434086,0.50315243,0.007657234,0.026824076,-0.0695116,-0.023962284,0.0,-0.051808156,-0.43406045,-0.4442828,0.0,0.08287202,0.0,0.02268375,0.0,-0.0065192226,0.0,0.075505175,0.0,-0.058343288,0.0,-0.07615032,0.26383975,0.34726733,0.121072,0.03845883,-0.1731835,-0.0094282655
-0.06360445,-0.86191857,-0.4368264,-0.83476233,0.021739602,-0.005550355,0.04893368,-0.050997287,0.0,-0.07798084,-0.19225097,-0.35707065,0.0,0.07456373,0.0,-0.0061066053,0.0,-0.008624064,0.0,0.05950895,0.0,-0.054383785,0.0,-0.068932995,0.096190736,-1.6666224,0.06397192,0.050013356,-0.15054461,-0.13538112
-0.0066679064,-1.2565337,0.23180626,0.21374273,-0.039846465,0.004755931,0.035999928,-0.022725457,0.0,0.09869961,0.17729592,0.064420134,0.0,0.08293798,0.0,-0.032762617,0.0,-0.02304349,0.0,0.07286889,0.0,0.14691602,0.0,0.284071,-0.6541145,0.25193402,-0.2587194,0.0043193726,-0.23427019,0.034550678
0.2619303,0.70722735,-0.101608224,0.0035480394,-0.0077104885,-0.0022163503,0.032873485,-0.039211534,0.0,-0.09058586,-0.320048,0.13545963,0.0,0.0723511,0.0,0.05158652,0.0,0.012227404,0.0,0.07128809,0.0,-0.06811501,0.0,-0.08378544,0.25196856,0.33292422,-0.18661319,0.014085781,-0.16303544,0.019250382
0.1278969,-0.07012026,-0.21651213,-0.21949823,0.0009811049,0.014406288,0.0152269695,-0.04111093,0.0,0.11867104,0.21053724,0.047407627,0.0,-0.31488758,0.0,0.022171916,0.0,-0.0010545336,0.0,0.063390456,0.0,-0.120819986,0.0,0.14649011,-0.71732086,0.2590108,0.11145822,0.029187912,0.23493628,-0.007387145
-0.042480983,-0.004287813,-0.6186777,-0.19595185,-0.014223498,-0.0032497467,0.016353974,-0.040651105,0.0,-0.19222298,-0.19241408,-0.41775516,0.0,0.059458822,0.0,0.08891244,0.0,-0.00676109,0.0,0.044828407,0.0,-0.113377914,0.0,-0.071660265,0.097790904,-1.7883643,0.08281795,0.013735922,-0.14913315,-0.067990065
-0.035144947,-1.2310241,-0.0175465,-0.18461952,0.028694892,-0.0026949425,-0.060901616,-0.0517131,0.0,-0.013536032,-0.20443918,0.047765255,0.0,-0.24677044,0.0,-0.0063687875,0.0,-0.014281338,0.0,0.0664716,0.0,-0.030247316,0.0,-0.2561026,-0.80399525,0.2065945,-0.14603862,-0.03329322,-0.25104547,0.0336209
0.18124922,-0.23191325,0.033084203,-0.05652513,0.022322068,-0.024651336,0.060273465,0.36556554,0.0,-0.10873443,-0.39323917,0.08129507,0.0,0.076290846,0.0,0.048624516,0.0,0.00030019553,0.0,0.12446868,0.0,-0.10076899,0.0,0.123545974,0.12879276,0.28084588,0.09288758,0.0073681795,-0.18875091,0.00018328137
-0.094856575,-0.44177917,-0.35251164,-0.20778999,-0.00058375404,0.019706791,0.0443986,-0.04361274,0.0,-0.026010288,-0.1693676,0.03361259,0.0,0.05998323,0.0,-0.07081224,0.0,0.0052369814,0.0,-0.19155346,0.0,-0.06140357,0.0,-0.076103896,0.06997394,-1.6530851,-0.07134353,0.038583696,-0.13185467,0.054032713
-0.024921529,-0.3105463,0.037297323,-0.14219947,-0.068534695,-0.036368456,0.02027078,-0.02364866,0.0,-0.14814663,0.3089434,0.062534586,0.0,0.043685634,0.0,0.044147324,0.0,-0.0014961422,0.0,-0.40429133,0.0,0.13867576,0.0,0.053943932,0.14582124,0.31349802,0.09984759,0.009410389,0.22927243,0.0007128534
-0.021158317,-0.41282597,0.034916677,-0.06965342,-0.0032015208,0.0092324065,0.013681506,-0.046766154,0.0,0.044516396,0.30600086,0.07446407,0.0,0.102130644,0.0,0.015613803,0.0,0.0027783234,0.0,0.089172855,0.0,-0.07386655,0.0,-0.06460162,0.21072835,0.33206475,0.12852125,-0.0007470861,0.31624508,0.002470791
-0.041772246,-0.45557272,-0.31301212,-0.47344774,0.052346665,-0.011720418,0.014113467,-0.027835043,0.0,0.016869849,-0.42789766,0.05140373,0.0,-0.14956433,0.0,0.04397876,0.0,0.0026915246,0.0,-0.13743013,0.0,-0.055516668,0.0,-0.0862556,0.19107583,0.28243038,-0.1097526,-0.12417826,-0.20121452,0.015567645
-0.00737515,-0.41107818,0.11820525,-0.07987321,-0.06598614,0.0100490665,0.043612625,-0.09165073,0.0,-0.1255395,0.13460425,0.05173927,0.0,0.051350053,0.0,0.12749311,0.0,0.0041739317,0.0,0.13107765,0.0,0.1448701,0.0,0.07065557,0.093817,-1.645164,-0.15123768,0.015037005,0.37243134,0.027124146
-0.03757928,-0.35052878,-0.27586657,-0.2929736,0.009358306,-0.005521426,0.011296314,-0.06410774,0.0,-0.023464087,-0.2958946,0.07150717,0.0,0.08294613,0.0,0.022273805,0.0,-0.0013757915,0.0,0.08544975,0.0,0.07636087,0.0,0.27733746,-0.47919875,0.26456204,0.13178372,0.024366103,-0.15012494,0.0022107929
-0.044033792,-0.06750083,-0.15323608,0.12758856,0.022016823,0.057318024,0.09206689,0.34138203,0.0,-0.09052312,-0.38371247,0.10520257,0.0,0.08975781,0.0,-0.0937518,0.0,-0.0073352833,0.0,0.14222316,0.0,0.06058478,0.0,0.13374987,0.11171824,0.3195073,0.105457306,0.011384912,-0.22914775,0.0618049
-0.046929978,-0.28967494,-0.07132285,-0.2548027,-0.0040808246,0.004553122,0.03914216,-0.06318475,0.0,-0.097716086,-0.47442704,-0.45313156,0.0,0.047664873,0.0,0.08450309,0.0,-0.00676109,0.0,0.029347073,0.0,-0.12512311,0.0,-0.10777206,0.18738978,0.2719409,-0.19482787,0.0069573796,-0.13129167,-0.057692133
-0.031883456,0.23480786,0.2643615,0.25117776,0.009701798,-0.03500422,0.038761117,-0.023709176,0.0,0.15184662,0.31219813,0.09392881,0.0,0.06205578,0.0,0.06840519,0.0,-0.0014961422,0.0,0.07935694,0.0,0.13792792,0.0,0.07285347,0.21422787,0.33095858,-0.31899482,0.007408042,0.18794687,0.0035052455
-0.0039591677,-1.2858123,0.08441723,0.09475038,0.056459896,-0.0049694977,-0.14327325,-0.0098245265,0.0,-0.15031612,0.16860744,0.04218419,0.0,0.0633292,0.0,-0.10467793,0.0,-0.011720823,0.0,-0.2995872,0.0,0.0886176,0.0,0.27854106,-0.5926062,0.24987802,0.06527417,0.014223323,-0.22314824,0.030771973
-0.043438423,-1.215997,-0.51111835,-0.25437316,-0.04296062,0.013294328,0.039438143,-0.07206367,0.0,-0.039043996,-0.18990684,-0.3364517,0.0,0.15639967,0.0,-0.014576513,0.0,0.03195371,0.0,0.074688904,0.0,-0.44279984,0.0,-0.0877782,0.1136877,-1.5364336,-0.18229148,0.04542901,-0.17377466,-0.16706595
-0.025226576,0.22375743,-0.542716,-0.11762867,0.0037739663,-0.0032505186,0.03567242,-0.03615281,0.0,-0.1250613,-0.51680243,-0.63699484,0.0,0.043377995,0.0,0.032066427,0.0,-0.0013288092,0.0,0.023598254,0.0,-0.07656484,0.0,-0.07603102,0.20814444,0.2951774,0.07189414,-0.05021244,-0.13580623,0.013988284
0.11086181,-0.16998316,0.38878238,0.020428969,-0.006926284,0.010144212,0.054484915,-0.03858644,0.0,0.07378797,0.30954042,0.0751438,0.0,0.07059053,0.0,-0.10589835,0.0,0.003648015,0.0,0.0915801,0.0,0.14939179,0.0,0.024619786,0.16282794,0.25703484,0.11322847,0.0028183965,0.22602679,-0.00949921
0.11414017,0.44177637,-0.034448333,-0.08097514,0.0032637836,-0.00035605143,0.027919171,-0.04207645,0.0,-0.16016828,0.30953926,0.09682378,0.0,0.1025068,0.0,0.089957,0.0,-0.0010005054,0.0,0.07773515,0.0,0.09795962,0.0,0.07523362,0.21191373,0.3779568,0.11287283,0.009049729,0.17442405,-0.011724274
-0.14329886,0.11601494,0.15865125,-0.04391039,0.044283975,-0.02287219,-0.4255155,-0.022832086,0.0,-0.16668053,0.14584996,0.03546028,0.0,-0.1421132,0.0,-0.16944306,0.0,0.0052131955,0.0,-0.20003001,0.0,0.09462814,0.0,0.042636864,0.085825466,-1.540287,0.075077295,0.00079550064,0.014212694,0.03508386
-0.023511063,-0.06727753,0.04216859,-0.2721859,-0.00692041,0.0057896096,-0.07126411,-0.035993956,0.0,-0.12735462,0.25890008,0.092584185,0.0,0.09862267,0.0,0.050159104,0.0,-0.0013008008,0.0,0.10127095,0.0,0.10852193,0.0,0.06936702,0.17623924,0.35917825,0.12936047,0.025403025,0.27110675,-0.0013249199
-0.033544503,-0.4534809,-0.102001764,-0.19909732,-0.018376982,0.011403586,0.019345123,-0.060293794,0.0,-0.10936843,0.2875823,0.073095694,0.0,0.084227085,0.0,0.09011868,0.0,-0.0010389453,0.0,0.10209394,0.0,0.13466744,0.0,0.068669975,0.16765706,0.3273636,-0.26345846,0.008110061,0.23564266,-0.0007080094
-0.07667047,-0.43188292,-0.47220567,-0.2535633,0.03291634,-0.006778529,0.056155145,-0.02463543,0.0,-0.23162371,-0.21565163,0.037507236,0.0,0.0139743,0.0,-0.08413808,0.0,0.0049094968,0.0,-0.34050214,0.0,0.06044401,0.0,0.057106532,0.04484246,-1.7856691,0.037909422,-0.09898667,-0.14419502,0.030340446
-0.03198252,1.0509506,-0.0492779,0.20424059,-0.0022229794,0.014132696,-0.075460695,-0.028765908,0.0,0.1257686,0.2813461,0.12156886,0.0,0.11165446,0.0,0.07104287,0.0,-0.0012438626,0.0,0.12152011,0.0,-0.045048684,0.0,-0.059358947,0.26183954,0.40279794,0.13712244,0.010340349,0.2414483,0.010192781
-0.009272248,0.5481812,-0.08783149,-0.032524366,-0.0038275002,-0.0023338576,0.02284184,-0.034388747,0.0,0.17906937,0.26232535,0.10228117,0.0,0.11701839,0.0,0.037120067,0.0,-0.0014857298,0.0,0.08417363,0.0,-0.056581877,0.0,-0.062004026,0.25778645,0.38767242,0.13208656,0.0045397035,0.24880935,0.011387021
-0.042315394,-0.53908575,-0.21212229,0.026341913,-0.03905218,-0.008483201,0.091639355,-0.0076610665,0.0,0.08915105,0.2865941,0.04975339,0.0,0.08758381,0.0,-0.116505586,0.0,0.004921954,0.0,-0.0033460034,0.0,0.13277894,0.0,0.049342368,0.14130849,0.25959614,-0.27378738,0.00634036,0.0566898,0.030577475
-0.028416261,0.30883017,-0.28087574,-0.07901201,0.03733028,0.0072197095,-0.07723254,-0.031684678,0.0,-0.122315794,-0.46965912,0.10723089,0.0,0.0715076,0.0,0.11435556,0.0,-0.0013008008,0.0,-0.2728776,0.0,0.055603966,0.0,0.04834948,0.14913754,0.32460853,0.0972063,0.0076695047,0.241458,0.00458623
-0.028491134,-0.33634675,-0.06478674,-0.17899463,0.04446175,0.08783833,0.08673387,0.31854558,0.0,-0.025070785,-0.19952193,0.06588593,0.0,0.058782436,0.0,-0.026562277,0.0,-0.00313831,0.0,0.16163571,0.0,0.082369246,0.0,0.2776482,-0.49317288,0.26478434,0.11668627,-0.11964633,-0.16438773,0.016630437
-0.033182766,-0.6319319,0.31116423,-0.24588044,0.012232966,0.010420102,0.030257946,-0.046954583,0.0,0.116508245,0.29840428,0.074274965,0.0,0.071130365,0.0,0.12468413,0.0,0.0030241394,0.0,0.09969371,0.0,0.16266014,0.0,0.018272167,0.16616158,0.29241773,-0.29587606,0.006730624,0.23764005,-0.0034228757
0.113432236,0.6120109,-0.08982696,0.21866667,-0.023802983,-0.00024208904,0.0563016,0.23504059,0.0,-0.093114175,-0.3031782,0.15070844,0.0,0.08641741,0.0,0.03158649,0.0,0.0045404183,0.0,0.0900268,0.0,-0.08153176,0.0,-0.05925939,0.23023763,0.30031133,0.10419195,0.01043461,0.26060328,0.0017556057
-0.024446875,-0.22741017,0.0977795,0.16170718,-0.015013002,-0.0034748712,-0.116375335,-0.03471515,0.0,-0.11296414,0.31676635,0.07395432,0.0,0.068304576,0.0,-0.0946791,0.0,-0.002255265,0.0,0.10402051,0.0,0.07860247,0.0,0.06971228,0.1681618,0.32512692,0.12911946,0.0055220467,0.22571339,-0.0020407597
-0.016231058,-0.48873135,-0.20812574,0.029964432,-0.06233885,0.008261832,0.01865355,-0.04014536,0.0,0.17939538,0.145437,0.058127355,0.0,0.10002247,0.0,0.0707166,0.0,0.00368378,0.0,0.10076982,0.0,0.086915396,0.0,-0.06839936,0.1077838,-1.9419229,0.089920625,0.0049627363,-0.19414698,0.03404424
0.0080600055,-0.81239307,0.8601025,0.13898562,-0.2572864,0.032461833,0.030936569,-0.036975592,0.0,0.13522056,0.14506665,0.05904658,0.0,0.17477417,0.0,-0.109813266,0.0,-0.020829784,0.0,0.18066965,0.0,0.15388343,0.0,0.025744269,0.09590147,-1.4692664,0.13482095,0.0054330723,-0.14849406,0.028709741
-0.049279414,0.96239823,-0.11221406,0.42691207,0.050260678,-0.0040343474,-0.035071325,-0.03206285,0.0,-0.06603135,-0.38849953,0.1432399,0.0,0.108692385,0.0,0.05629952,0.0,0.002828801,0.0,0.07824159,0.0,-0.044059504,0.0,0.06011016,0.20206954,0.3512004,-0.23614742,0.0074682403,0.25091478,0.0023639197
-0.05871672,0.36952862,0.72650677,-0.15181033,0.003393789,-0.009983446,0.041939184,-0.01814848,0.0,0.10622128,0.34371558,0.06792184,0.0,-0.2059373,0.0,0.07062575,0.0,-0.006336194,0.0,0.06409287,0.0,0.15562667,0.0,0.10868093,0.21455467,0.3540222,-0.2569977,0.010511793,-0.1552073,-0.063906446
-0.019072153,0.5812999,0.11030694,-0.110064134,-0.0020630194,0.008741474,-0.1139447,-0.026163949,0.0,0.11954306,0.26071855,0.07628951,0.0,-0.37724268,0.0,0.04925387,0.0,0.0031572059,0.0,0.06903677,0.0,-0.028213477,0.0,-0.05512564,0.24460019,0.39105064,0.11965538,0.0075872275,0.19265607,0.0093825115
-0.034404118,-0.0251603,-0.06702271,-0.2080606,-0.0038513755,-0.0043133157,0.038265157,-0.038314864,0.0,-0.101290405,-0.25457978,-0.48938015,0.0,0.037122395,0.0,0.07086316,0.0,-0.0014602658,0.0,0.003995417,0.0,-0.12170994,0.0,-0.25573254,-0.7695229,0.20418698,-0.17884335,0.005490797,-0.15130712,0.026495544
-0.042488113,0.2775098,-0.323383,0.026397612,-0.0044692247,0.0015712078,-0.14706486,-0.024482789,0.0,0.18285018,-0.21728405,-0.42019242,0.0,0.045323454,0.0,0.054556496,0.0,-0.0010869419,0.0,-0.0048146546,0.0,-0.048170764,0.0,-0.057243638,0.1060962,-1.7031024,-0.18430969,-0.037445053,-0.098371774,0.020183299
0.12222035,-0.67925674,-0.21656129,-0.24696678,0.018551039,0.009210642,0.030257601,-0.046292715,0.0,0.071051724,0.26345316,0.06632254,0.0,0.09798902,0.0,0.081263065,0.0,-0.002022064,0.0,0.11260547,0.0,-0.10370171,0.0,-0.078034565,0.20880401,0.31444582,0.0935905,0.004323025,0.31284413,0.0060597947
-0.03938902,-0.2061027,-0.742806,-0.24639334,-0.0040808516,-0.010342751,-0.09234552,-0.0490244,0.0,-0.07607366,-0.30838832,-0.41845813,0.0,0.07308538,0.0,0.06775616,0.0,-0.0066506797,0.0,0.026523951,0.0,-0.10207369,0.0,-0.28361425,-0.80154115,0.19742669,0.08942007,0.006045363,-0.13915129,-0.054061703
-0.060216803,0.027891893,-2.0441475,-0.051681273,0.012869195,-0.0038059782,0.03590294,-0.054391157,0.0,-0.1157002,-0.5118811,-0.6260626,0.0,0.041319802,0.0,0.03775698,0.0,-0.00676109,0.0,0.005990441,0.0,-0.090622604,0.0,-0.09277146,0.21231593,0.26872995,-0.59050447,0.00698162,-0.14056256,-0.06701516
-0.028790446,-0.25254261,-0.06786308,-0.24377353,-0.0046779355,-0.004309955,0.04203696,-0.06986797,0.0,-0.12107935,-0.49584413,-0.6523936,0.0,0.03069065,0.0,0.08558086,0.0,-0.002188489,0.0,0.027679063,0.0,-0.1198028,0.0,-0.061568595,0.15555182,0.25312993,-0.2216089,0.0070069623,0.18052985,0.016363947
-0.01054396,-0.44059852,-0.10026945,0.044212688,0.048223972,0.011126908,-0.1458284,-0.09183291,0.0,0.17244926,-0.21922338,0.050096363,0.0,0.06037112,0.0,-0.15824336,0.0,0.005089421,0.0,-0.3811284,0.0,0.039431486,0.0,0.06296905,0.049682055,-1.5983211,0.068653226,0.004937994,0.4055096,0.03341547
-0.055934004,0.5777783,-0.09047623,0.010104089,0.0032780804,-0.002114898,-0.10953553,-0.023626432,0.0,-0.07615057,-0.3918986,0.1248284,0.0,0.09022416,0.0,0.040692214,0.0,-0.00676109,0.0,0.047870956,0.0,-0.06221696,0.0,-0.07866712,0.23585556,0.34704682,-0.20728034,0.0055836528,-0.17630202,-0.07898585
-0.03651603,-0.10023536,-0.3976125,-0.14747635,0.0061973087,-0.0037488504,0.021889495,-0.049307287,0.0,-0.20262432,-0.23838034,-0.35887328,0.0,0.043707587,0.0,0.08856221,0.0,-0.0013288092,0.0,0.028401982,0.0,-0.11633596,0.0,-0.06043026,0.10902347,-1.763134,0.078741685,0.03767618,-0.14211135,0.015724787
-0.035961658,0.26644957,-0.51664335,-0.073115334,0.0067952257,-0.0026246833,0.03126819,-0.03790475,0.0,-0.107509375,-0.3047035,-0.56675315,0.0,0.057687167,0.0,0.014907734,0.0,-0.0014602658,0.0,0.023921931,0.0,-0.09152699,0.0,-0.2522653,-0.85663253,0.21315145,0.062472943,0.005262681,-0.13585903,0.014665231
-0.0252669,-0.093341604,-0.22502732,-0.34073007,-0.054386307,0.018207254,0.019491088,-0.01492069,0.0,0.11598275,0.27839005,0.05845918,0.0,-0.29641825,0.0,-0.011714362,0.0,-0.001410756,0.0,-0.25502217,0.0,-0.09046507,0.0,-0.09201633,0.21319343,0.36193871,0.0782633,-0.13956094,-0.23671663,0.01887808
0.17018984,-0.2599938,0.3050711,-0.10973624,0.038327478,0.015821544,0.041896965,-0.049136605,0.0,-0.13740006,0.17899156,0.06337141,0.0,0.051792532,0.0,-0.056660004,0.0,0.00284745,0.0,0.07576936,0.0,0.1468895,0.0,0.26659745,-0.6087641,0.25513956,0.07925765,0.010114821,-0.15333523,-0.0073279226
0.03868011,-0.7418965,0.31899855,-0.30567375,0.03262776,0.0034436334,0.020939933,-0.024412436,0.0,0.20034932,0.26486546,0.07205355,0.0,0.08796746,0.0,0.07595759,0.0,0.0012094679,0.0,0.131712,0.0,0.13729107,0.0,0.06397,0.15747556,0.2943636,0.0865855,-0.050108433,-0.15631495,0.012219787
-0.029757822,0.55129236,0.30894232,-0.056439705,-0.0057105892,0.025585076,0.0026069132,-0.049402624,0.0,-0.112751365,-0.4052925,0.12960885,0.0,0.13768074,0.0,0.022803433,0.0,-0.006700552,0.0,0.09197296,0.0,-0.06673379,0.0,-0.053215507,0.15128979,0.35692576,0.100116424,0.0066262456,-0.19308199,-0.02689288
-0.056520622,-0.31801796,0.15683953,-0.063150674,0.07490315,0.022593988,0.082659215,-0.039328914,0.0,0.07544316,0.1361268,0.0303336,0.0,-0.17880678,0.0,-0.11660134,0.0,0.0090280315,0.0,0.025134118,0.0,0.124423295,0.0,0.03895313,0.062749475,-1.3412305,-0.2617569,-0.005296727,0.07929473,0.052300915
-0.07144573,-1.7931476,-0.5605764,-0.5825654,0.037656274,0.01677251,0.06268229,-0.081819154,0.0,0.047046155,-0.20321575,-0.34839675,0.0,0.1874966,0.0,-0.08148284,0.0,0.03195371,0.0,0.1390193,0.0,-0.42401907,0.0,-0.09219855,0.0922078,-1.4846302,-0.22909927,0.075640865,-0.22492665,-0.18557887
-0.008765593,-0.0346632,-0.32996908,-0.14454739,-0.018859629,-0.0028462752,-0.06386511,-0.03706577,0.0,-0.12434332,-0.4179653,-0.7340605,0.0,0.05197897,0.0,0.10457457,0.0,-0.002188489,0.0,0.04502223,0.0,-0.07021992,0.0,-0.063282855,0.16907215,0.2717488,0.11077682,0.013848522,0.2524409,0.019279309
-0.039992627,1.1942178,-0.08148428,0.026548129,0.0037060515,-0.0045093712,0.0129023995,-0.027305724,0.0,-0.07454408,0.29418817,0.11681173,0.0,0.08227,0.0,0.043329466,0.0,0.002578,0.0,0.08405602,0.0,-0.06256289,0.0,-0.066813774,0.30007917,0.42243582,-0.22647017,0.012143209,-0.15349746,0.0023727235
-0.044572055,-0.40918404,-0.09248185,-0.36639243,0.03664962,0.041001637,-0.16135716,0.118993826,0.0,-0.02461372,-0.37173077,0.06593949,0.0,0.057346273,0.0,-0.006712949,0.0,-0.00114388,0.0,-0.2984795,0.0,0.04359458,0.0,0.09196503,0.14270696,0.30851084,-0.1472343,-0.08017064,-0.1610295,0.007857641
-0.030362165,0.4874987,-0.20953338,-0.10772038,0.0023188088,0.009457938,0.019772584,-0.039630767,0.0,-0.11157987,0.21385843,0.07823072,0.0,-0.28976926,0.0,0.044018548,0.0,-0.002136466,0.0,0.0542895,0.0,-0.06364074,0.0,-0.04996826,0.25524396,0.39132977,0.111133866,0.0048468304,0.2165535,0.019679248
-0.02953234,-1.2045436,-0.27642035,-0.30924958,0.014615705,0.0027256228,-0.09832668,-0.029494375,0.0,-0.0054830913,-0.2084656,0.042578224,0.0,-0.18423171,0.0,-0.05131206,0.0,0.009497248,0.0,-0.25641108,0.0,-0.0060853343,0.0,-0.28233224,-0.68995976,0.20536114,0.038178727,-0.030707337,-0.2841976,0.023332246
-0.10926351,-0.7230031,-0.1861263,-0.24082127,0.0529563,-0.0245051,0.09727487,-0.023550017,0.0,0.059482746,0.28915486,0.05230513,0.0,-0.33489335,0.0,-0.13599679,0.0,0.005007686,0.0,0.02257564,0.0,0.14496452,0.0,0.053878624,0.14629884,0.22649443,0.15173177,0.0016418012,0.16857989,0.038641687
-0.0428937,1.0365274,-0.23589845,0.07437638,0.01280394,-0.014313549,0.045281976,-0.036544584,0.0,-0.017034005,-0.37986353,0.14565606,0.0,0.08852592,0.0,-0.04112293,0.0,-0.0029476117,0.0,0.15483105,0.0,-0.052516885,0.0,-0.054232217,0.22173773,0.35832897,0.12819108,0.0056067687,0.23637271,0.0072130063
-0.021826075,0.54818726,-0.039811157,0.0739946,-0.03096553,0.0057261502,0.054702405,0.17394024,0.0,-0.10876569,-0.32707784,0.12487705,0.0,0.068135016,0.0,0.036609087,0.0,-0.001946622,0.0,-0.33088437,0.0,-0.07157375,0.0,-0.051786564,0.21374606,0.31280825,0.07832291,0.011512123,0.2726443,0.0147376545
0.26443306,-1.2510645,-0.62328196,-0.5911428,0.037135366,0.013507208,0.067226395,-0.060866375,0.0,0.0594209,-0.20610031,-0.35202506,0.0,0.14337808,0.0,-0.00389631,0.0,0.03895446,0.0,0.100072116,0.0,-0.44931713,0.0,-0.08549918,0.09924266,-1.3482566,-0.21412148,0.019764332,-0.13093984,0.0054204348
-0.055882163,0.72701067,-0.00017515395,0.0496227,0.003952731,-0.004118171,0.03618736,-0.034941096,0.0,-0.074224696,-0.3249049,0.143709,0.0,0.08673362,0.0,-0.06228906,0.0,-0.0075202123,0.0,0.047821082,0.0,-0.041441135,0.0,-0.07824753,0.2438417,0.36284596,-0.2515781,0.0048308126,-0.1511708,-0.06934785
-0.06736117,0.86313915,-0.37350026,0.17788565,-0.009947216,-0.024569694,0.036010955,0.16393508,0.0,0.00888219,-0.23440468,0.12524837,0.0,0.11087595,0.0,0.0037085088,0.0,-0.006892547,0.0,0.14368781,0.0,-0.09613332,0.0,-0.2361793,-1.0818056,0.2597124,-0.24332829,0.010593116,-0.18137963,-0.056374613
-0.061063185,-1.5341387,-0.35857922,-0.33956873,-0.08023423,0.027217064,-0.19177917,-0.028378243,0.0,0.12056285,0.12932293,0.03435203,0.0,-0.49967656,0.0,-0.07594249,0.0,-0.0027032348,0.0,-0.07798602,0.0,0.10367358,0.0,0.039801557,-0.01784223,-2.000498,0.067896396,0.08464076,0.20870055,0.036911532
-0.040816713,0.6788668,0.06545653,-0.04089788,0.016729128,-0.0015424457,0.01702065,-0.035602435,0.0,-0.1276535,0.34404832,0.099830344,0.0,0.11498221,0.0,-0.023656987,0.0,-0.0067569152,0.0,0.077680565,0.0,-0.07370111,0.0,0.108393446,0.20850456,0.41895273,0.14381884,0.0062631583,-0.13464275,0.012007843
-0.022308802,1.1695141,0.14690457,-0.007905229,0.005314367,-0.002301363,0.03355877,-0.024645772,0.0,-0.12971151,0.28995627,0.12376147,0.0,0.092930995,0.0,0.041953303,0.0,0.0027849246,0.0,0.10181051,0.0,-0.00021235863,0.0,-0.068528034,0.2877399,0.43043622,0.095472686,-0.22951731,-0.1588905,-0.005509226
0.17002566,-0.11785286,0.014804699,-0.31641576,-0.009006566,-0.00511614,0.018403947,-0.037791748,0.0,-0.1262834,0.24922754,0.08864873,0.0,0.08490017,0.0,0.041524917,0.0,-0.0010005054,0.0,0.086404555,0.0,0.13553995,0.0,0.07481554,0.1842634,0.33587813,-0.2473064,0.025274752,0.22355305,-0.010921832
-0.03091973,1.1804024,0.11298773,-0.012931077,-0.00833915,-0.0034976574,0.03469045,-0.036780804,0.0,-0.1317391,0.280001,0.122467995,0.0,0.11504804,0.0,0.05773279,0.0,-0.0016155334,0.0,0.13701558,0.0,0.07918066,0.0,0.062882215,0.2123688,0.40378365,0.10652299,0.015689312,0.19811046,-3.1329535e-05
-0.019727211,0.14465974,-0.3802871,-0.06881203,-0.023293162,-0.0037548288,0.02554949,-0.04221375,0.0,-0.106327936,-0.51161385,-0.5429386,0.0,0.037420675,0.0,0.038223796,0.0,-0.0013288092,0.0,0.024383605,0.0,-0.078652814,0.0,-0.08743592,0.20023958,0.28611696,-0.14809501,-0.11791267,-0.116498955,0.019863991
-0.03198781,0.24460967,-0.0886711,0.00041234947,0.012924196,-0.024527324,0.05883895,0.27183896,0.0,-0.0979522,-0.44126636,0.12127169,0.0,0.09510021,0.0,0.04463628,0.0,-0.002188489,0.0,0.09465717,0.0,-0.08312575,0.0,-0.06023426,0.19102699,0.27469856,0.10911311,0.009987287,0.31021494,0.014276469
-0.058961794,0.1754927,-0.20959225,-0.033388335,0.012433299,-0.003814213,0.024150293,-0.041479852,0.0,-0.08382158,-0.5118811,-0.5442257,0.0,0.05940715,0.0,0.038028106,0.0,-0.00676109,0.0,0.0029405043,0.0,-0.090622604,0.0,-0.09421535,0.20470506,0.28729844,-0.14640975,0.0052181543,-0.1168867,-0.07033493
-0.039760523,0.7989847,-0.3659984,0.15896365,0.05097648,-0.027172547,0.035375293,-0.026405446,0.0,-0.030253377,-0.3557492,0.1320016,0.0,0.07666673,0.0,0.022258952,0.0,-0.002188489,0.0,-0.50006217,0.0,-0.053181082,0.0,-0.04564093,0.22206481,0.364312,0.07743399,0.010805062,0.24079466,-0.0015849608
-0.013080247,-0.02216041,-0.31118864,-0.079267964,-0.012802135,-0.0037239895,0.010597955,-0.04417298,0.0,-0.121763915,-0.26631752,-0.52138454,0.0,0.048851233,0.0,0.01864638,0.0,-0.0014602658,0.0,0.03302106,0.0,-0.115556896,0.0,-0.29023272,-0.8759118,0.20234483,0.08905629,0.038980797,-0.19323616,0.020137286
-0.024437467,0.4306807,-0.037508253,-0.33652583,0.030850375,-0.0043429774,0.024127556,-0.024306625,0.0,0.17645244,0.3468109,0.07479429,0.0,0.086044796,0.0,0.0228508,0.0,-0.00062604994,0.0,-0.21403536,0.0,-0.055940293,0.0,-0.08101936,0.27801633,0.3896318,0.080745004,-0.03492788,-0.19505484,0.010282084
-0.024170006,0.20819788,0.17581792,-0.1327483,0.0024740137,-0.017515063,0.084500566,-0.020342568,0.0,0.11564412,0.3188131,0.09318289,0.0,0.06455715,0.0,-0.120222,0.0,0.0062622176,0.0,0.059081517,0.0,0.12414446,0.0,0.056420036,0.22060579,0.25223815,0.21246283,0.015737645,0.19342141,-0.0031857842
-0.048954766,0.24487062,-0.14909057,0.018521568,0.00396981,-0.0037376876,0.024394939,-0.044427298,0.0,0.100251146,-0.41166827,0.08261426,0.0,-0.33780947,0.0,0.03481362,0.0,-0.0070285406,0.0,0.046844162,0.0,-0.052882593,0.0,-0.09437574,0.2004291,0.30584967,0.10105567,-0.00447757,-0.24181749,-0.114980005
-0.0049869665,-1.5794423,0.020079574,-0.19973585,0.06290794,0.015194549,0.0502332,-0.10043582,0.0,0.120678075,0.13194865,0.038446352,0.0,-0.6425996,0.0,-0.13740955,0.0,-0.011769923,0.0,0.09537533,0.0,0.105537154,0.0,-0.09165926,0.10167153,-1.642805,0.11212721,-0.0014575036,0.35842258,0.03807558
-0.024012197,-0.40044853,0.16104008,-0.07605507,3.33419e-05,0.009732627,0.015168063,-0.04213866,0.0,0.11115315,0.3059728,0.07530907,0.0,0.10534901,0.0,0.018670224,0.0,-0.0011104592,0.0,0.08362451,0.0,-0.041782703,0.0,0.07020671,0.17785016,0.33343104,0.12686753,-0.012454784,0.26169086,0.0050251298
-0.039115302,-0.1697407,-0.45967215,-0.12805578,-0.011010169,-0.003378736,-0.08652162,-0.0504799,0.0,-0.07989129,-0.30294436,-0.41845813,0.0,0.07990959,0.0,0.03431962,0.0,-0.006892547,0.0,0.036575582,0.0,-0.10244066,0.0,-0.29995868,-0.78849894,0.19640088,0.08998661,0.006982034,-0.13342294,-0.054381706
-0.06849279,1.0573548,-0.38884655,0.70527816,-0.010849409,-0.013205825,0.019676268,-0.028413557,0.0,-0.011738696,-0.42287788,-0.41056418,0.0,0.08017738,0.0,0.03369542,0.0,-0.00676109,0.0,0.10850728,0.0,-0.086413786,0.0,-0.07430284,0.2559508,0.34704494,-0.19876818,0.013268201,-0.14882424,-0.016985346
-0.027929252,-1.3490038,-0.20733705,-0.19677761,-0.05495123,-0.011156032,-0.09670199,-0.051437594,0.0,0.11704626,-0.4071961,0.080232665,0.0,0.0695247,0.0,0.08736145,0.0,-0.011934925,0.0,0.10437821,0.0,0.06338626,0.0,0.1123256,0.12899087,0.3012054,0.101177335,-0.051985115,-0.28515887,0.031508043
-0.027165791,-1.7440143,0.16826053,-0.34300086,-0.11589428,0.00068532303,-0.21961667,-0.009645299,0.0,0.118333705,0.1315695,0.0336632,0.0,-0.35026658,0.0,-0.10103362,0.0,-0.006746866,0.0,-0.021486383,0.0,0.10472272,0.0,0.04992279,0.06965223,-2.0031965,0.062855504,-0.2968351,-0.12840055,0.036911532
-0.047508262,-0.40027884,-0.18901747,-0.27927247,0.051567122,0.022418354,-0.043551575,-0.034894153,0.0,-0.020645585,-0.41791072,0.0512061,0.0,-0.1466872,0.0,0.016492683,0.0,-0.00051823026,0.0,-0.14871638,0.0,-0.053250235,0.0,0.08944409,0.13163996,0.30055228,-0.10306965,0.023829632,-0.14817938,0.022432461
-0.026930448,0.4616519,-0.801321,0.16968079,0.011689685,-0.0019857725,-0.110582516,-0.020763239,0.0,-0.09551037,-0.26691887,-0.6449784,0.0,0.053822532,0.0,0.012250124,0.0,-0.0014602658,0.0,0.02471365,0.0,-0.053543832,0.0,-0.24459675,-0.96603966,0.22845036,0.07602698,-0.049579203,-0.11486043,0.014459958
-0.02694417,-0.18154325,-0.023179745,-0.108508505,0.013080026,0.013289234,-0.031880185,-0.012812839,0.0,0.068105966,0.22249608,0.056939602,0.0,0.098547496,0.0,0.013736423,0.0,-0.0014685418,0.0,-0.26561204,0.0,-0.08001836,0.0,0.1293036,-0.70614594,0.27881894,0.119122095,-0.010783366,0.2689761,0.006400321
-0.027977983,-0.43000436,0.103905246,0.09220693,-0.05395002,-0.017623903,0.013602728,-0.021971172,0.0,0.08068506,0.3065697,0.050045017,0.0,-0.2029673,0.0,-0.025509257,0.0,-0.0014726946,0.0,0.09188905,0.0,-0.0963091,0.0,0.10184771,0.1579241,0.31929484,0.093458414,0.018475413,-0.18219328,0.017070033
-0.06062174,-0.014325297,-2.0954528,-0.048831426,0.014222351,0.0051445793,-0.112472616,-0.045943644,0.0,-0.105360396,-0.5113362,-0.60298425,0.0,0.0419413,0.0,0.041209288,0.0,-0.0065192226,0.0,0.0055958726,0.0,-0.06534039,0.0,-0.09290468,0.21130401,0.26892266,-0.5438587,0.0076262616,-0.13794394,-0.06531382
-0.02057288,-0.45084688,-0.4815249,-0.42111984,0.012958913,-0.006529287,0.03272781,-0.05079548,0.0,0.019720035,-0.28990626,-0.42530316,0.0,0.067611806,0.0,-0.025046686,0.0,-0.0014602658,0.0,0.050892662,0.0,-0.06898345,0.0,-0.28216276,-0.79280007,0.19401108,0.084830776,0.0049591316,-0.15173055,0.0131964125
-0.05244326,0.23724297,-0.06943034,0.06279738,0.016845135,-0.041353475,0.07173398,0.16202226,0.0,-0.053897217,-0.20502247,0.06773954,0.0,-0.20127362,0.0,-0.029147945,0.0,0.03541419,0.0,-0.114539646,0.0,-0.08994976,0.0,-0.23680697,-0.8220816,0.22564061,-0.18469925,-0.0036331378,-0.19118966,-0.10070201
-0.055814512,-1.9332204,-0.7177187,-0.6848979,0.019421913,0.012597634,-0.20661263,-0.046344105,0.0,0.10054351,-0.20472713,-0.36870417,0.0,0.17856465,0.0,-0.02422068,0.0,0.037385993,0.0,0.16788584,0.0,-0.4343708,0.0,-0.08452687,0.09770155,-1.5398179,0.10510336,-0.280962,-0.21057059,0.013025867
-0.033508543,-0.55993575,-0.23229814,-0.35026547,-0.04159129,-0.036365505,0.07731192,-0.0035053205,0.0,0.059827976,0.30855173,0.046327103,0.0,-0.18301044,0.0,-0.20776261,0.0,-0.0023280114,0.0,-0.18039975,0.0,0.13855717,0.0,0.09323416,0.15342718,0.2020065,0.088393584,-0.012301469,-0.18217158,0.017752608
0.11328824,0.50825137,-0.10270979,-0.13518257,0.0025450103,-0.007307496,0.018424805,-0.04121646,0.0,-0.077170186,0.30563495,0.074105,0.0,-0.27879092,0.0,0.034632724,0.0,-0.000809866,0.0,0.05259255,0.0,-0.08096567,0.0,-0.062388465,0.24925537,0.37498888,0.095739625,0.0044850567,0.22484043,-0.004860907
-0.06807204,-1.1359406,-0.10257376,-0.07550929,0.012975961,0.012060056,0.040452365,-0.0517163,0.0,-0.0008849171,-0.23878375,0.044328887,0.0,0.00612224,0.0,-0.020491961,0.0,-0.013683057,0.0,-0.19060591,0.0,0.06737391,0.0,-0.28725198,-0.71173656,0.20580548,-0.08845335,0.031434305,-0.24846503,0.053604048
0.13166364,0.2834586,0.13740987,-0.21031033,-0.0011768768,0.0040928386,0.039301876,-0.01707675,0.0,0.15428287,0.34775573,0.0911823,0.0,0.072816625,0.0,0.039552018,0.0,-2.1434505e-05,0.0,0.06865618,0.0,0.12067097,0.0,0.1148596,0.20178443,0.34556404,0.08419945,0.006644203,-0.15745954,-0.006956844
-0.028440805,-0.062614776,-0.40460488,0.14324315,0.0010402822,-0.005169612,0.011932433,-0.023709198,0.0,-0.1541914,-0.40469426,0.09138368,0.0,0.06037426,0.0,0.037534334,0.0,-0.0008163913,0.0,-0.3143446,0.0,0.07096864,0.0,-0.0972941,0.17376088,0.30709654,0.09474538,-0.06097245,-0.26049176,0.0056170034
-0.046116672,-1.084823,-0.046449084,-0.01628899,0.04459355,-0.0057156784,-0.086452484,-0.054675367,0.0,-0.04621001,-0.23600021,0.05034633,0.0,-0.08481662,0.0,0.052203234,0.0,0.0074259285,0.0,0.06556297,0.0,0.06253214,0.0,0.26687855,-0.48931527,0.25037733,0.09343951,0.015668329,-0.2515231,0.04767565
-0.035131846,0.22506961,-0.21986946,-0.2704491,0.00818645,0.010462228,-0.10832736,-0.036232043,0.0,-0.03282093,-0.25247017,0.08078317,0.0,-0.23610403,0.0,-0.16040163,0.0,0.0065629203,0.0,0.026957864,0.0,0.023814512,0.0,-0.114359036,-0.70821,0.2441889,-0.24926023,0.0062491964,0.35176247,0.008072601
0.29435414,0.44556135,-0.3455592,-0.014542036,0.014092943,-0.0027149075,0.025518985,-0.032596093,0.0,-0.08372234,-0.43971327,-0.6663908,0.0,0.03812336,0.0,0.032097157,0.0,-0.0013073271,0.0,0.009572433,0.0,-0.09323859,0.0,-0.079308964,0.22326821,0.28333884,-0.13012418,0.01178295,-0.093501456,0.0013820984
-0.0491489,0.2541157,-0.42779103,-0.06937426,-0.015805433,-0.002125579,0.026818017,-0.042032294,0.0,-0.11305917,-0.5275342,-0.628467,0.0,0.06571565,0.0,0.03586366,0.0,-0.00676109,0.0,0.042079303,0.0,-0.090035595,0.0,-0.08799654,0.20513225,0.2966507,0.08010061,0.013777589,-0.15448765,-0.06080074
-0.011072281,0.6595758,0.023391107,0.013563887,-0.06645861,-0.0037871937,0.017188154,-0.030617082,0.0,-0.17695941,0.25525108,0.09234016,0.0,0.09471112,0.0,0.035746653,0.0,0.0027955733,0.0,-0.33559945,0.0,-0.08063452,0.0,0.048390783,0.19128492,0.39832926,0.12957913,0.00731151,0.16600834,-0.004035574
-0.030362165,0.47527227,-0.2173505,-0.09861704,0.0023188088,-0.007307496,0.017749846,-0.041351274,0.0,-0.11157987,0.22611551,0.07561546,0.0,-0.30095366,0.0,0.045722164,0.0,-0.002378333,0.0,0.054878693,0.0,-0.06367065,0.0,-0.049835037,0.25439695,0.39075267,0.11106944,0.004470495,0.22642387,0.018246586
0.38446575,-0.6615013,-0.17923918,-0.6656675,-0.064584576,-0.043156322,0.061846282,0.22782823,0.0,-0.063546374,-0.15338834,0.06273265,0.0,0.07079225,0.0,-0.021785496,0.0,0.0090687545,0.0,0.14146206,0.0,0.04613435,0.0,0.0698012,0.07134536,-1.6844294,0.056345593,0.015914477,-0.18361992,0.0029923366
-0.04793467,-0.16182323,-0.07722248,0.1275355,-0.057905916,0.019012034,-0.04575483,-0.030729491,0.0,0.0031414612,-0.26371357,0.04535402,0.0,-0.0483541,0.0,-0.030810066,0.0,-0.001138168,0.0,-0.20326464,0.0,-0.049502812,0.0,0.24423401,-0.51286685,0.25590885,-0.1876857,0.055352204,-0.11806996,0.03444691
-0.04812123,-0.19121712,-0.15724447,-0.30747977,-0.012847667,-0.012161816,0.01795578,-0.03534888,0.0,-0.07677382,-0.3046428,0.04535402,0.0,-0.13110387,0.0,-0.010984497,0.0,-0.0016432421,0.0,-0.18984114,0.0,0.07299778,0.0,0.2418688,-0.5169809,0.2579485,-0.18964733,0.030327398,-0.12636395,0.02302602
-0.029268865,-0.43754315,-0.193521,0.16208366,-0.060491104,-0.0046912585,0.03847171,-0.045065656,0.0,0.058876384,-0.28016528,-0.40672132,0.0,0.035861876,0.0,0.002754055,0.0,-0.0014602658,0.0,0.0062005636,0.0,-0.07765615,0.0,-0.24964055,-0.7654608,0.19306391,-0.1930014,-0.04047515,-0.1361591,0.019634496
-0.0038218542,-0.51998127,0.33595717,-0.34613973,0.04716302,0.006768286,-0.12033408,-0.07061417,0.0,0.22136185,0.14014056,0.047541574,0.0,0.06853963,0.0,0.15918833,0.0,-0.0019219017,0.0,-0.40783146,0.0,0.039319072,0.0,0.06552849,0.069598146,-1.745411,0.09148219,0.0036621005,0.28286022,0.034913033
-0.036481377,0.0313974,-0.0809424,-0.1205616,0.021901144,0.029151222,-0.30207726,0.23920532,0.0,-0.070229426,-0.19947423,0.07072802,0.0,-0.1758116,0.0,0.04955448,0.0,0.0066880574,0.0,0.089239776,0.0,0.06940646,0.0,-0.26728234,-0.8521361,0.22341315,-0.21779893,-0.039013956,-0.22549847,0.01918639
-0.04883226,0.9749706,-0.3931746,0.3996632,0.012484474,0.027258378,-0.12507583,-0.03363821,0.0,-0.021463582,-0.42128208,-0.63352185,0.0,0.064844795,0.0,0.029047854,0.0,-0.001946622,0.0,0.07247452,0.0,-0.052614294,0.0,-0.052492086,0.21820906,0.33362678,0.11896243,0.006442782,0.17131944,-0.050010648
-0.020385403,0.6087486,-0.07965436,-0.028230863,0.006236424,-0.003980286,0.014682817,-0.036668856,0.0,-0.14183334,0.290567,0.10166598,0.0,0.093652174,0.0,-0.034093224,0.0,-0.0013851725,0.0,0.066843174,0.0,-0.043090634,0.0,-0.0709428,0.2839429,0.4130034,0.109293304,0.005682337,-0.16745214,0.009543185
0.1105273,-0.63175756,0.06277373,-0.065287024,0.06070759,-0.0062320996,0.037180398,-0.011509888,0.0,0.11416891,0.28769425,0.06078916,0.0,0.074110284,0.0,-0.19435728,0.0,-0.0017007744,0.0,-0.27510905,0.0,0.099093,0.0,-0.06290512,0.18125936,0.31051654,0.08818726,-0.012656262,0.26448682,-0.004001847
-0.0390863,0.5165276,-0.16482525,-0.073102385,0.010866926,-0.002970847,0.015399142,-0.040942006,0.0,-0.10833454,0.20743895,0.105848126,0.0,0.08427442,0.0,0.06609591,0.0,-0.0014857298,0.0,0.054986607,0.0,-0.06195484,0.0,-0.055008892,0.25994417,0.3821138,-0.26412863,0.0061232843,0.20534521,0.010140655
-0.060802218,1.1463766,-0.25979376,0.198753,0.014057881,0.014353321,-0.110919096,-0.024638023,0.0,-0.011614217,-0.37677783,0.14484625,0.0,0.11562715,0.0,0.037061453,0.0,0.035661895,0.0,0.059057802,0.0,-0.05067808,0.0,-0.07660549,0.2599288,0.37284386,-0.20236525,0.007555913,-0.1620307,-0.021141792
-0.042037603,0.15417443,-0.43860394,-0.10018259,0.013967393,-0.003814213,0.0327821,-0.041479852,0.0,-0.08382158,-0.5118811,-0.5442257,0.0,0.05940715,0.0,0.038028106,0.0,-0.00676109,0.0,0.0029405043,0.0,-0.090622604,0.0,-0.0949223,0.20470506,0.28729844,-0.14640975,0.0051764855,-0.1168867,-0.07033493
-0.025816882,-0.27356204,-0.14604935,0.09926739,-0.038951214,-0.0040590274,0.008323152,-0.03502333,0.0,-0.0155874165,0.30041844,0.067903034,0.0,0.07894686,0.0,0.00704759,0.0,-0.00062604994,0.0,0.097645804,0.0,-0.064678445,0.0,-0.099606365,0.24086648,0.34694606,0.11127511,-0.05522134,-0.22811252,0.00912714
-0.05544348,-0.18877552,-0.14121072,0.013240446,0.038237754,0.012124776,-0.08873447,-0.022585226,0.0,0.14262426,-0.22658634,0.047763314,0.0,0.053852074,0.0,-0.03956932,0.0,-0.0012002434,0.0,-0.19949022,0.0,0.026608473,0.0,0.047470607,0.05971611,-1.7710754,-0.14748245,-0.0146779055,-0.13931802,0.005259313
-0.009495568,-0.19732393,0.41052255,-0.34732166,-0.2453078,-0.00959994,-0.27915707,-0.0067422665,0.0,0.13768595,0.1315695,0.033839475,0.0,-0.1807068,0.0,0.14546853,0.0,0.004014672,0.0,0.0535604,0.0,0.09086149,0.0,0.04990814,0.123690076,-1.3041557,0.07297606,-0.11508218,-0.08092283,0.0526607
-0.019352825,-0.063812666,0.004913838,-0.29845348,-0.0034738276,0.0053789406,-0.09524388,-0.031360045,0.0,0.1300134,0.26108927,0.0913105,0.0,0.10387921,0.0,0.050388377,0.0,0.0029852483,0.0,0.09286462,0.0,0.1074788,0.0,-0.06460162,0.21461344,0.35929427,0.1392743,0.02250009,0.33004412,-0.003458225
-0.019858036,-1.3288304,-0.08400946,-0.37312484,-0.066910185,-0.0011863051,0.016071495,-0.018205347,0.0,0.23321323,0.15846252,0.05257239,0.0,0.07424944,0.0,0.031970654,0.0,-0.010813094,0.0,-0.28735542,0.0,-0.10832049,0.0,-0.263067,-0.9484114,0.2177204,0.086215004,-0.042190205,-0.32673058,0.034115482
-0.06313807,-0.31035843,-0.13621895,0.053847346,-0.07516897,-0.015215177,0.028629092,-0.027669607,0.0,-0.10004668,-0.19388786,0.034175113,0.0,-0.07995534,0.0,0.06381475,0.0,0.004319148,0.0,-0.22320653,0.0,0.081807576,0.0,0.047177773,0.060257155,-1.6643384,-0.06418968,-0.022460457,-0.14738494,0.05755371
-0.06693225,1.0464121,-0.6375895,0.12736131,-0.016208937,-0.013205825,0.028974172,-0.032238767,0.0,-0.016367987,-0.42298073,-0.42507568,0.0,0.07965408,0.0,0.034005113,0.0,-0.00676109,0.0,0.13147539,0.0,-0.08715698,0.0,-0.07654241,0.2535572,0.34584188,-0.18949243,0.008236019,-0.11528992,-0.016985346
-0.06302565,-0.5496888,0.36021444,-0.3854376,-0.068191186,0.01308025,-0.09480859,-0.02745433,0.0,0.09863075,0.18748973,0.061578497,0.0,0.1009335,0.0,-0.020884342,0.0,-0.0028910874,0.0,0.077197045,0.0,0.07579526,0.0,0.3023269,-0.6561328,0.24266037,-0.25154832,0.0055808513,-0.1480073,-0.12124755
0.2061797,-1.3118452,-0.17091332,-0.27027592,0.011701862,0.02995619,0.01575988,-0.05669258,0.0,-0.15119849,0.10264478,0.056063365,0.0,0.16263351,0.0,-0.051977865,0.0,-0.032258473,0.0,0.16933513,0.0,-0.27608857,0.0,0.080158725,0.09194856,-1.8070424,-0.17055815,-0.1051511,-0.15595742,0.0039065164
-0.05192555,-0.1685092,-0.23124103,-0.03365125,0.019114008,0.012101767,-0.05325716,-0.029517815,0.0,-0.0047045113,-0.3112347,0.04698419,0.0,-0.21803026,0.0,-0.0032803765,0.0,0.033755776,0.0,-0.17504643,0.0,-0.053859424,0.0,-0.25650525,-0.72434115,0.21705665,0.060159333,0.011850267,-0.18925662,-0.0741088
-0.055222787,-2.3613462,-0.3850226,-0.1822999,-0.003202485,0.022982681,-0.09214348,-0.024649426,0.0,0.12339235,-0.19345398,0.035301965,0.0,-0.47546294,0.0,-0.10497732,0.0,-0.020100767,0.0,-0.33083484,0.0,0.05848022,0.0,0.058454845,0.04067747,-1.7025213,0.070172735,-0.18101177,-0.2044211,0.03648379
-0.07423068,-2.1530454,-0.39761108,0.034449022,-0.06737548,0.0056206468,-0.06358163,-0.056296792,0.0,0.06538622,-0.19313693,0.039488487,0.0,-0.6469085,0.0,0.026797384,0.0,-0.0069490895,0.0,0.13911502,0.0,0.08612364,0.0,-0.063103855,0.08355662,-1.4964299,0.097422674,0.024506185,-0.27264172,0.03921054
-0.04209198,0.6196862,-0.29131818,-0.0891345,0.01068282,-0.0029742077,0.014269028,-0.033780888,0.0,-0.100272596,0.24066284,0.106913246,0.0,0.07978232,0.0,0.05050616,0.0,-0.00062604994,0.0,0.04932191,0.0,-0.059883475,0.0,-0.06894117,0.29467437,0.40697145,-0.22646658,0.006073701,-0.1450186,0.010140655
-0.043025333,-0.4533349,-0.2196917,0.17925827,0.0027808165,-0.016560325,0.01288499,-0.054340918,0.0,0.031751595,-0.41379294,0.053782936,0.0,-0.21622711,0.0,0.012103522,0.0,0.005802484,0.0,0.037974425,0.0,-0.055105142,0.0,-0.08770688,0.18815051,0.28602207,-0.16694301,-0.012664418,-0.22388424,0.021017922
-0.058386113,-0.53262836,-0.13589408,-0.33445078,0.00647464,0.002159449,-0.09311592,-0.042218618,0.0,-0.10820847,-0.20990679,-0.3340454,0.0,0.058514066,0.0,0.014662788,0.0,-0.0065192226,0.0,0.0012665947,0.0,-0.053198043,0.0,-0.06852453,0.09887091,-1.7060927,-0.15206285,0.049591467,-0.11690277,-0.06713196
-0.04865449,-0.18600522,-0.16053608,-0.19577996,-0.012816618,0.0058401274,-0.06905485,-0.050107073,0.0,-0.063240126,-0.29112613,-0.39313498,0.0,0.05415746,0.0,0.06962357,0.0,-0.006892547,0.0,0.02096023,0.0,-0.10313429,0.0,-0.2819362,-0.7986724,0.19268218,-0.20407689,0.01225201,-0.15221414,-0.06879982
-0.08816518,-2.027861,-0.5286318,-0.026976869,-0.049131017,0.057144925,-0.23532146,0.14390264,0.0,-0.055629358,-0.16965158,0.03469939,0.0,-0.42287794,0.0,-0.057317015,0.0,-0.010408482,0.0,-0.45524493,0.0,0.062887676,0.0,0.052276455,0.054355852,-1.7920426,0.028257169,0.05462715,-0.25397027,0.035710536
-0.031618103,1.1375498,0.039467704,0.7485612,-0.053525,-0.004175438,0.015480142,-0.03869123,0.0,-0.106082834,0.29751718,0.12028745,0.0,0.104421586,0.0,0.038328353,0.0,-0.0014857298,0.0,0.123827785,0.0,-0.06259888,0.0,-0.05689137,0.2574859,0.40296444,0.11420956,0.012883455,0.24277772,0.009761243
-0.029730882,-0.488717,-0.12167816,-0.3495945,-0.038425654,-0.0063875,0.013822153,-0.048324753,0.0,-0.06167369,-0.46567386,0.07004795,0.0,0.08310266,0.0,-0.017882567,0.0,-0.002188489,0.0,-0.33000997,0.0,-0.066564396,0.0,-0.06629536,0.14564797,0.285071,0.09356896,0.020404505,0.26605573,0.0119119445
-0.050842136,0.7557143,-0.3641003,0.5754359,-0.10082641,-0.027190078,0.013844527,-0.018072618,0.0,0.11279199,-0.390004,0.13283706,0.0,0.09620002,0.0,0.007850058,0.0,0.030510724,0.0,-0.5988347,0.0,-0.058263924,0.0,-0.08487783,0.24330445,0.36680818,-0.19530055,0.0052908296,-0.17110674,-0.044581853
0.16483784,1.2529757,0.24171643,0.053185456,0.0024087909,-0.0032006511,0.025588553,-0.03295887,0.0,-0.12947854,0.24887955,0.122467995,0.0,0.10026953,0.0,0.029169858,0.0,-0.0006948039,0.0,0.11809176,0.0,-0.02215113,0.0,0.06372388,0.22071022,0.3940757,0.09193803,0.013278266,0.17851305,-0.010553844
-0.016141763,-0.5157886,0.28587767,-0.18169214,0.008155247,0.003993344,-0.12385425,-0.03207153,0.0,0.12839319,0.14210452,0.05702301,0.0,0.06159726,0.0,-0.16438313,0.0,-0.00081515516,0.0,0.12134573,0.0,0.017127043,0.0,0.07937654,0.087172866,-1.8216388,-0.19828217,0.0038868021,-0.12838973,0.03337092
-0.031708147,-0.25505266,-0.72252387,-0.17383465,-0.008754145,-0.004126793,0.028720306,-0.048589874,0.0,-0.17057082,-0.21806331,-0.34954122,0.0,0.032138757,0.0,0.023673318,0.0,-0.0013288092,0.0,0.052825246,0.0,-0.08261368,0.0,-0.062805615,0.09618374,-1.723959,0.046911277,-0.15493858,-0.13132688,0.010679664
-0.020212548,-0.13783519,-0.05884198,-0.4067337,-0.004052016,-0.005680691,0.0088424375,-0.041567333,0.0,-0.12735629,0.25712115,0.090141,0.0,0.07822842,0.0,0.020062596,0.0,0.0028455872,0.0,0.092297025,0.0,-0.0509891,0.0,-0.062201507,0.21820214,0.35547978,0.12946436,0.0076448023,0.32293338,0.0006822819
-0.03271742,-0.47980708,-0.17912395,-0.07207202,-0.009128542,-0.0056742453,0.020879086,-0.060201045,0.0,-0.013155509,-0.4393793,0.076115355,0.0,0.08207187,0.0,-0.020268103,0.0,0.005895884,0.0,0.09289723,0.0,0.054979824,0.0,-0.09825944,0.1841783,0.29263768,0.10487439,-0.14220147,-0.2089469,-0.0026674434
0.12863383,-0.038508568,0.3738189,-0.2564581,0.0025653564,0.0020348462,0.029793166,-0.030751469,0.0,0.16600771,0.2799207,0.08865988,0.0,0.06825236,0.0,0.04645112,0.0,0.00026946887,0.0,0.082410954,0.0,0.15060928,0.0,0.12447981,0.16354279,0.31919143,0.113178864,-0.07861587,-0.20917375,-0.00894625
-0.03382373,0.08803257,-0.0919362,-0.20791629,0.019539198,0.011031356,-0.09162668,-0.03347213,0.0,0.075078666,-0.23712027,0.075916044,0.0,-0.25571746,0.0,0.031711683,0.0,-0.0013285092,0.0,0.06862964,0.0,0.061691225,0.0,0.26905662,-0.48353115,0.27498147,0.13240294,0.015897738,-0.18409523,0.01421721
-0.03563388,-0.4217612,-0.12907256,0.037774116,0.037608292,-0.010643784,0.01813291,-0.021743568,0.0,0.06319821,-0.30064622,0.046650272,0.0,-0.23589434,0.0,0.014695429,0.0,0.0051473845,0.0,-0.22270373,0.0,0.09710653,0.0,0.24696568,-0.46772727,0.26087222,0.08019258,0.047093425,-0.15610507,0.014340176
-0.036388107,0.21865758,-0.9427499,-0.00896749,0.010458519,-0.07785363,-0.018986478,0.2075632,0.0,-0.09076497,-0.24243845,0.08594722,0.0,0.050634753,0.0,-0.089823365,0.0,0.006234516,0.0,-0.25316438,0.0,0.062101163,0.0,0.10895908,-0.5849022,0.21083564,-0.27104068,0.00628573,0.21672247,-0.0035516075
-0.047910187,0.18716905,-0.02987865,-0.25878465,0.0053745448,0.00907905,0.01891609,-0.052184097,0.0,-0.076076776,-0.46387523,0.115951,0.0,0.08309353,0.0,-0.14731716,0.0,-0.007278345,0.0,0.043873586,0.0,-0.06300679,0.0,-0.08675623,0.20737912,0.3259104,-0.2435468,0.0051143197,-0.17302537,-0.051994137
-0.05935275,-1.7867019,-0.6520753,-0.5601265,-0.030115576,0.012766953,-0.1703733,-0.062207296,0.0,0.04695399,-0.20266056,-0.35202506,0.0,0.17762841,0.0,-0.0784272,0.0,0.037385993,0.0,0.11206815,0.0,-0.42326647,0.0,-0.08038662,0.08724494,-1.5292373,-0.22413509,0.075140275,-0.23162176,0.013469242
0.17001668,-0.10586749,-0.265826,-0.3803699,-0.014874324,0.013365794,0.010419911,-0.052704725,0.0,-0.10920252,-0.3889121,0.081519924,0.0,-0.22795357,0.0,0.039335117,0.0,0.0010502366,0.0,0.07462843,0.0,-0.071303815,0.0,0.113478184,0.1153334,0.28323135,0.052935623,-0.04906469,-0.2562691,-0.002690828
-0.006839756,-0.14972153,0.6880306,0.17955923,-0.08591502,0.024676906,0.09176774,-0.013909304,0.0,0.09147431,0.14877567,0.030513372,0.0,-0.13970034,0.0,-0.12708351,0.0,-0.014611565,0.0,-0.22276382,0.0,0.1291292,0.0,0.0484624,0.063247174,-1.2856172,0.07532353,-0.17728046,-0.11931526,0.05431345
0.12364675,-0.32146648,0.32987112,-0.14797948,0.04667671,-0.006107089,-0.08584874,-0.0109300725,0.0,0.12733349,0.2857643,0.063505985,0.0,0.08041385,0.0,0.16296533,0.0,-0.00154609,0.0,-0.27597794,0.0,0.11057522,0.0,0.048673995,0.15163694,0.30827788,0.09921629,-0.010533818,0.22743015,-0.0061906422
-0.07572618,-0.4379225,0.29952675,-0.22207065,0.073833816,-0.0073244227,-0.22449999,-0.011289559,0.0,0.09332368,0.14260213,0.029443644,0.0,-0.23920423,0.0,-0.12395463,0.0,0.013832436,0.0,0.072926216,0.0,0.055333562,0.0,0.051424094,0.109442644,-1.3185331,-0.23836428,0.02004198,-0.042537075,-0.4494526
-0.02174774,0.23849167,0.11822483,0.26277423,0.0062603466,0.0045848945,0.033107027,-0.039166883,0.0,-0.15742953,0.31699425,0.09875761,0.0,0.056424275,0.0,0.052961033,0.0,0.0030025002,0.0,0.092457205,0.0,0.14624898,0.0,0.07284585,0.19605884,0.34737316,0.12562251,0.010469147,0.2040959,-0.009110291
-0.023377193,0.55548143,-0.24763204,0.24144833,-0.016142149,-0.00096546364,0.05386158,0.22974236,0.0,-0.09376988,-0.31415102,0.15155344,0.0,0.093938015,0.0,0.034090415,0.0,-0.0018132185,0.0,0.09892669,0.0,-0.07600041,0.0,0.065369695,0.19991346,0.306936,0.11077336,0.011422536,0.25945294,0.012149317
-0.036725253,0.121701084,-0.37494904,-0.08493551,-0.0058547426,0.0041763983,-0.13853207,-0.0208959,0.0,0.2235344,-0.19482929,-0.43539008,0.0,0.055900097,0.0,0.10088518,0.0,-0.0010869419,0.0,0.03306621,0.0,-0.06217976,0.0,-0.06289783,0.101703845,-1.6532476,0.11204266,-0.032847106,-0.12588465,0.019739924
-0.032462113,-0.608053,-0.036090072,-0.016690983,-0.025024876,0.03594592,-0.12712795,0.094528005,0.0,-0.02517443,-0.2651423,0.06154594,0.0,0.08251957,0.0,0.038441505,0.0,0.006805132,0.0,-0.49405995,0.0,0.060734756,0.0,0.11816521,-0.5805784,0.19892913,0.0810855,-0.001953847,0.24092026,0.0057009174
-0.0014603281,-1.2926102,0.2679626,-0.17143014,0.043262005,0.0014285574,0.09624391,-0.018011581,0.0,0.07322623,0.27306518,0.042145897,0.0,-0.28000087,0.0,0.10757838,0.0,0.006759205,0.0,-0.18485956,0.0,0.14450844,0.0,0.09991831,0.13650155,0.20693375,0.073922895,0.009636357,-0.26716393,0.052462097
-0.03972328,-0.295288,0.21889669,-0.38086787,0.049080454,-0.12440467,-0.013016981,-0.044459302,0.0,-0.058416735,-0.47816348,0.055657912,0.0,-0.27706677,0.0,-0.02328092,0.0,-0.0028392258,0.0,-0.13613062,0.0,-0.052074086,0.0,-0.041220553,0.17370339,0.2866015,-0.14840302,-0.00080246833,0.2615167,0.022936458
-0.0223926,-0.2613457,-0.050354782,-0.08729597,0.01815905,-0.0193052,0.11825499,-0.017430723,0.0,0.04979753,0.16479163,0.038479812,0.0,-0.16600269,0.0,-0.034159362,0.0,0.0048147845,0.0,0.29505545,0.0,0.12289985,0.0,0.28182566,-0.61254376,0.26358825,-0.0754317,0.00044948934,-0.08653384,0.05951202
-0.039099846,0.13851564,0.03453588,0.103754304,-0.03862247,0.0032556227,0.020273937,-0.042713016,0.0,-0.10370175,-0.48925126,0.09129766,0.0,0.08646444,0.0,-0.09117843,0.0,-0.0075202123,0.0,-0.14111349,0.0,-0.06939402,0.0,-0.08671186,0.17620213,0.3174615,0.09320195,0.0053977794,-0.22000356,-0.052643746
-0.034916315,-0.18617809,-0.22407748,-0.12155237,-0.0072523695,0.011778911,-0.035795934,-0.056539133,0.0,-0.035491753,-0.31116045,0.051282845,0.0,-0.21219644,0.0,-0.015952192,0.0,0.0058230488,0.0,0.06364835,0.0,-0.04324731,0.0,-0.27615976,-0.75257105,0.21595462,0.091844864,0.015719282,-0.18837392,0.011825592
-0.023133632,-0.5629126,-0.49709028,-0.24839666,-0.013839564,-0.003456394,0.03344345,-0.064380184,0.0,-0.07386791,-0.3032117,-0.42208648,0.0,0.04898706,0.0,0.018996095,0.0,-0.0014602658,0.0,0.03508093,0.0,-0.110231,0.0,-0.29110402,-0.8006109,0.19588926,0.079609044,-0.05218012,-0.13716984,0.010654628
-0.032560427,0.1781121,0.08651054,-0.25889826,-0.008629336,0.0065308395,-0.11060241,-0.03724347,0.0,-0.12627688,0.30844936,0.09173078,0.0,0.08999082,0.0,0.07774126,0.0,-0.0010389453,0.0,0.082129955,0.0,0.10622016,0.0,0.071449816,0.2042461,0.37044767,-0.23869115,0.010750049,0.1762388,-0.0010053407
-0.021018341,0.4279281,0.13635093,-0.058167737,-0.04614031,0.0049169743,-0.14708073,-0.026712494,0.0,-0.15822561,0.31051126,0.08608031,0.0,0.083673045,0.0,-0.16137868,0.0,-0.0021933268,0.0,-0.30432206,0.0,0.06831425,0.0,-0.05403047,0.21525909,0.40159887,0.11989803,0.0077851866,0.17490369,0.00075365417
0.13921322,-0.24221545,0.34816173,-0.06416681,-0.006088559,0.0084130755,0.0270536,-0.035457503,0.0,0.11092339,0.32265356,0.07059377,0.0,0.071547836,0.0,0.05288823,0.0,0.000120710116,0.0,0.07818949,0.0,0.12415174,0.0,0.12115467,0.18094118,0.31480724,0.10400899,-0.009927089,-0.20165141,-0.008914024
-0.023380872,-0.30419636,-0.037564218,0.0032421567,-0.054775957,-0.0063875,0.009743722,-0.025393547,0.0,-0.037415016,0.29317564,0.061436746,0.0,0.071620375,0.0,0.03552901,0.0,-0.0014857298,0.0,-0.36714056,0.0,-0.07105677,0.0,-0.06629536,0.18621075,0.34190091,0.10177948,0.00091819436,0.28446037,0.009425445
0.15634115,-0.65396726,0.53671783,-0.08422947,-0.043717224,-0.039587755,0.04426199,0.31010973,0.0,0.0084964335,-0.36552402,0.07467838,0.0,0.15119493,0.0,-0.05801761,0.0,0.009541655,0.0,0.17372873,0.0,0.057610147,0.0,-0.07863051,0.13655674,0.22486444,0.09651075,-0.0018166052,0.25506008,0.002549382
-0.030365797,-0.24433531,-0.023556847,-0.018852634,-0.0065039163,0.0061781225,-0.057750065,-0.028003683,0.0,-0.08017478,0.2008093,0.06356243,0.0,0.10070345,0.0,0.026607275,0.0,-0.0010610586,0.0,0.08021489,0.0,0.08973549,0.0,0.26484072,-0.71140987,0.2957246,0.1378322,-0.0072813747,-0.18360813,-0.002202624
-0.05158253,0.30655712,-0.30718097,0.018559072,0.026229933,-0.0066194544,0.0156130195,-0.037630595,0.0,-0.053149268,-0.25478256,0.083517976,0.0,0.06214821,0.0,0.019115236,0.0,-0.0068454146,0.0,-0.1830461,0.0,-0.083546355,0.0,0.23281077,-0.5546915,0.27530903,-0.21345994,0.0047295284,-0.11873874,-0.042738352
-0.03319459,-0.39180428,-0.13775374,0.19656955,0.014707845,-0.005542196,0.003280287,-0.047711447,0.0,-0.07415975,-0.29934666,0.07123469,0.0,0.08278794,0.0,0.006353204,0.0,-0.001687949,0.0,0.058556926,0.0,-0.056086,0.0,-0.26517045,-0.80914813,0.21020637,0.108890995,0.00151323,-0.21658729,0.012908663
-0.025157565,0.022681415,-0.23052523,-0.28711632,0.043205984,-0.010957758,0.010889997,-0.018619949,0.0,-0.1146868,0.2544073,0.062690474,0.0,-0.2423233,0.0,0.019301327,0.0,-0.0023177953,0.0,-0.23230967,0.0,-0.09999743,0.0,0.048166834,0.17530392,0.36025462,0.08194107,0.028183522,0.25201932,0.012634062
-0.015438361,-0.25662866,0.40612268,0.07388937,-0.0778903,0.0013490329,0.06833243,-0.01654938,0.0,0.08089199,0.14992361,0.034542166,0.0,-0.24257182,0.0,-0.09988811,0.0,0.0051115183,0.0,0.005178863,0.0,0.12744218,0.0,0.05145658,0.08295108,-1.3152645,0.15776101,0.0016551266,-0.084232144,0.049767647
-0.036326196,0.13830101,-0.3251786,-0.009959132,-0.014511061,-0.003814213,0.022104325,-0.04496869,0.0,-0.08443156,-0.289071,-0.48422906,0.0,0.058652937,0.0,0.019607404,0.0,-0.006892547,0.0,0.017538527,0.0,-0.10842307,0.0,-0.271326,-0.90439683,0.20365116,-0.16120955,0.038987048,-0.15463307,-0.08405437
0.008595893,-1.3861939,0.26629013,0.013526429,-0.046360753,-0.0046020113,-0.07232669,-0.023093788,0.0,0.101137795,0.14801806,0.04034713,0.0,-0.24581301,0.0,-0.068913005,0.0,0.008732728,0.0,0.07556527,0.0,-0.13104686,0.0,0.2351588,-0.6244996,0.2432622,0.09208136,0.034489684,-0.25166538,0.046163954
-0.06837151,1.0653787,-0.4345225,0.67167515,-0.008956434,0.027529385,-0.07450259,-0.024565114,0.0,-0.0066078445,-0.422333,-0.42507568,0.0,0.08027559,0.0,0.034192566,0.0,-0.0065192226,0.0,0.05322453,0.0,-0.06113155,0.0,-0.07443606,0.2565463,0.3484583,-0.19687396,0.014105461,-0.112948194,-0.025077904
-0.055038307,-0.0015950655,0.046862327,-0.011981507,0.010654631,0.0017325426,-0.050238945,-0.02820142,0.0,-0.1534185,-0.18773429,-0.39934584,0.0,0.057505462,0.0,0.046781193,0.0,-0.0065192226,0.0,-0.0012253472,0.0,-0.07470849,0.0,-0.06823517,0.10948863,-1.7344192,-0.113515705,0.037979722,-0.13817872,-0.06431842
-0.026603121,0.7147982,-0.03938632,-0.021804385,-0.048924427,-0.0018390261,0.024363179,-0.021041196,0.0,0.18513522,0.34716865,0.089880705,0.0,0.11045677,0.0,0.027868211,0.0,-0.00056551234,0.0,-0.29739806,0.0,-0.08452955,0.0,0.07539374,0.19664317,0.4165038,0.1346038,0.0047070733,-0.14412765,0.006370147
-0.036047943,0.36517054,-0.39939556,-0.027270934,0.04146884,-0.0032872509,0.019505084,-0.030995976,0.0,-0.11786308,-0.49493435,0.10958977,0.0,0.076966934,0.0,0.10090351,0.0,-0.0062486716,0.0,-0.22908136,0.0,0.0749829,0.0,-0.071167566,0.19877762,0.33225963,0.09774125,0.007290381,-0.24926172,-0.040406324
-0.03875607,0.19225343,0.43563333,-0.13552561,0.00072260224,-0.06997377,-0.043359134,-0.036528204,0.0,0.098083705,-0.47798306,0.12173186,0.0,0.15905488,0.0,-0.10172767,0.0,-0.007278345,0.0,0.060475633,0.0,-0.038350064,0.0,-0.07965848,0.21238525,0.3264538,0.13032326,0.003051692,-0.20762473,-0.05250956
0.19053456,0.9526637,-0.17605719,0.032750767,-0.06705904,0.25868675,-0.10163643,-0.014685981,0.0,-0.022396179,-0.35639882,0.13534448,0.0,0.05551723,0.0,0.021038266,0.0,0.00048152474,0.0,-0.5502967,0.0,-0.04281936,0.0,-0.06843247,0.2340044,0.3421064,0.074755214,-0.11916761,-0.17665045,-0.0025305725
-0.022301618,0.32790533,-0.15899226,-0.12285535,-0.004025321,-0.0037238467,0.016583413,-0.049700275,0.0,-0.17645185,0.30273095,0.09682378,0.0,0.08470083,0.0,0.037790164,0.0,-0.0014251922,0.0,0.10909982,0.0,-0.07948112,0.0,0.06910831,0.21311459,0.38154975,0.124990374,0.008051331,0.20791686,0.006020515
-0.03002515,-0.6590247,-0.57481277,-0.35458073,-0.00631272,0.008904033,0.036783114,-0.07598489,0.0,-0.046535693,-0.26196563,-0.4017667,0.0,0.041177977,0.0,-0.016554974,0.0,-0.0012183988,0.0,0.005608546,0.0,-0.117302194,0.0,-0.2561552,-0.7848057,0.1918426,-0.15414897,0.011666748,-0.12679277,0.018199844
-0.025780454,0.17344427,0.49782383,-0.023215787,0.0038982264,-0.010617209,0.03781639,-0.024987211,0.0,-0.10265,0.29706404,0.06902266,0.0,-0.1629227,0.0,-0.061880484,0.0,-0.0016630358,0.0,0.05592476,0.0,0.06367476,0.0,0.0891303,0.17390886,0.3494747,0.113039665,-0.058176786,-0.16687976,0.008652317
-0.03520965,-0.24160977,-0.27339035,-0.15692087,0.009370379,-0.008930684,-0.08955778,-0.049731612,0.0,-0.062634535,-0.2856616,-0.39676335,0.0,0.034344535,0.0,0.07250334,0.0,-0.0012183988,0.0,0.004859954,0.0,-0.08692664,0.0,-0.2558658,-0.84592915,0.19375522,-0.17363821,0.037961155,-0.15193647,0.016337143
0.28898522,-0.1653956,-0.13795707,0.35669395,-0.06253193,0.007470922,0.017290732,-0.038244966,0.0,0.26035938,0.11201931,0.05746089,0.0,0.048842344,0.0,0.0868742,0.0,0.01601908,0.0,0.09228738,0.0,-0.15175126,0.0,-0.07154944,0.108548656,-1.7225754,0.08449841,-0.043935224,-0.16803612,0.016434351
-0.02729575,-0.0913218,0.6699258,-0.09128556,-0.05912426,-0.0039920895,0.06945242,-0.011140756,0.0,-0.10907224,0.3168962,0.05135355,0.0,-0.10353854,0.0,0.11197344,0.0,0.003530141,0.0,-0.34053066,0.0,0.17733309,0.0,0.037611686,0.14720774,0.25807175,0.10125227,-0.004388902,0.22951597,0.0029151232
-0.02759375,-0.5286313,-0.2695755,-0.43041864,-0.009960189,0.038454432,-0.19754381,0.089502886,0.0,-0.029061034,-0.20425284,0.045791846,0.0,-0.18096682,0.0,-0.059161037,0.0,-0.0014858493,0.0,-0.32975504,0.0,-0.048922867,0.0,-0.25551584,-0.83372456,0.21234785,0.018190019,-0.12410526,-0.20182754,0.034433212
-0.047174003,-0.15151504,-0.11473619,-0.17142066,0.011909432,-0.038020246,0.049184818,0.22970836,0.0,-0.077127114,-0.36189142,0.100821,0.0,0.084098175,0.0,0.08635471,0.0,-0.00676109,0.0,0.05623089,0.0,-0.11681619,0.0,-0.109722495,0.1999191,0.30088207,-0.2655533,0.00990229,-0.25219125,-0.06575465
-0.023394044,-0.47777528,-1.5084003,-0.21677935,0.01501035,0.005714757,0.056310516,-0.07188433,0.0,-0.168027,-0.4914117,-0.550183,0.0,0.031024989,0.0,0.08171533,0.0,-0.0013288092,0.0,0.02867018,0.0,-0.11094448,0.0,-0.096076906,0.20457083,0.27105573,0.39241743,-0.066706166,-0.17704445,0.008678742
-0.06615874,-0.0083514955,-0.29206005,-0.05265777,-0.041028272,-0.012930331,-0.1969856,0.11234131,0.0,-0.14512363,-0.19738454,0.034949694,0.0,-0.15125458,0.0,0.033756986,0.0,0.035842683,0.0,-0.3042782,0.0,-0.076033846,0.0,-0.046646554,0.10192304,-1.8515192,-0.10563552,0.0003459872,-0.17550962,-0.077025175
-0.01553561,-0.36320463,0.3747452,0.1380534,0.11333155,-0.0028941724,-0.22489592,-0.0145943,0.0,-0.12202809,0.13338062,0.046675842,0.0,0.048273843,0.0,-0.107891485,0.0,0.004399511,0.0,-0.25807658,0.0,0.06974146,0.0,0.038893837,0.07060062,-1.8509738,-0.0938747,0.013376526,-0.100610994,0.028963983
-0.040953897,-0.49604174,-0.77458024,-0.4377977,-0.0015387504,0.002597083,-0.12878682,-0.045789592,0.0,-0.113937065,-0.21709543,-0.3441119,0.0,0.03156148,0.0,0.050085302,0.0,-0.0010869419,0.0,0.025551045,0.0,-0.07685463,0.0,-0.06001328,0.09497039,-1.7115049,-0.15964693,0.007214289,-0.09413813,0.010138509
-0.056415427,1.1292884,-0.2296873,0.09540122,-0.014123285,-0.012616498,0.03077534,-0.03610572,0.0,-0.050787393,-0.38602507,0.15046044,0.0,0.09474025,0.0,0.02513218,0.0,-0.00676109,0.0,0.17268832,0.0,-0.082163796,0.0,-0.080549605,0.24711859,0.37131298,0.1019471,0.0074093174,-0.19898814,-0.08264536
-0.046043664,-2.0911736,-0.0009640062,-0.19650929,0.095088564,-0.0018490292,0.07100409,-0.028054759,0.0,0.072841786,0.13172662,0.032942,0.0,-0.4034965,0.0,-0.114758745,0.0,-0.006746866,0.0,0.16867976,0.0,0.1303806,0.0,0.050581653,0.04151466,-1.9608475,-0.22391187,-0.25004262,-0.11020711,0.0384068
-0.05692798,1.0109205,-0.54941183,0.3436137,0.012253445,-0.0137015665,0.02659638,-0.03790936,0.0,-0.00455936,-0.4100995,-0.6289331,0.0,0.058748245,0.0,0.03284301,0.0,-0.002188489,0.0,0.10552362,0.0,-0.08109346,0.0,-0.05064461,0.22045349,0.32649782,-0.22139667,0.006768238,0.15190612,-0.048904926
0.17551543,-1.3075165,-0.062003452,-0.013537868,0.04838365,-0.002477355,-0.075328656,-0.03264744,0.0,0.15634692,0.22874336,0.04930154,0.0,-0.39427236,0.0,0.03354148,0.0,-0.065428995,0.0,0.087537855,0.0,-0.11051542,0.0,-0.06325202,0.20786925,0.30236706,0.051117808,-0.020125674,0.3429953,0.017952159
-0.023294825,0.34652346,-0.30819622,-0.14640817,-0.009101035,-0.0075131636,0.01067466,-0.047812685,0.0,-0.09248642,-0.26111364,0.08883649,0.0,-0.27536348,0.0,0.089913934,0.0,-0.0029377332,0.0,0.054307953,0.0,-0.07080778,0.0,0.13022351,-0.60659105,0.2574051,0.13683176,0.0041772253,0.26019922,0.019120002
-0.04497673,-0.80116963,-0.49419254,-0.33602443,0.018417725,-0.0020282473,0.03328388,-0.04895722,0.0,-0.061601907,-0.18991712,-0.3403916,0.0,0.058705,0.0,-0.0056416276,0.0,-0.017976549,0.0,0.03950567,0.0,-0.09453417,0.0,-0.066878736,0.105634905,-1.630241,-0.15878797,0.0460873,-0.19133656,-0.13564266
-0.03104963,0.055798072,0.047253795,-0.09970633,0.0017626284,-0.0057132193,0.060786653,-0.050711986,0.0,-0.104727805,-0.38298497,0.10233244,0.0,0.06291582,0.0,-0.12340033,0.0,-0.0029476117,0.0,0.046669375,0.0,-0.0589699,0.0,-0.05898257,0.16970895,0.29478028,-0.30557466,0.0047777556,0.26140985,0.02230342
-0.067357734,0.37016004,-0.36860204,-0.057162393,-0.024732808,0.017049141,-0.075382315,-0.028773947,0.0,-0.025559084,-0.25025973,-0.6405474,0.0,0.056837134,0.0,0.022515537,0.0,-0.0066506797,0.0,0.05567354,0.0,-0.07573134,0.0,-0.25291115,-0.98471886,0.22334166,-0.18115349,0.008377782,-0.12433733,-0.05930959
-0.027424455,0.093715526,-0.10493767,-0.29487076,-0.0054543284,-0.009032099,0.033308927,-0.033328574,0.0,0.12116973,-0.48243296,0.08757859,0.0,-0.33306733,0.0,0.06261431,0.0,0.0034146104,0.0,0.05663366,0.0,0.078113444,0.0,0.06172592,0.14476357,0.30023336,0.09255063,0.006787372,0.27785933,0.0070394184
-0.021400476,-0.24763727,0.35585573,-0.10238055,0.002327336,-0.0049799243,0.029843269,-0.029844282,0.0,0.1379805,0.32914788,0.07602745,0.0,0.078386605,0.0,0.075708926,0.0,0.0030025002,0.0,0.09594581,0.0,0.14510095,0.0,0.07215906,0.17843877,0.3127045,0.1370365,0.004472135,0.26757056,-0.0046140016
-0.051987827,-0.49231407,-0.15960298,-0.25475878,-0.0353311,0.13652173,0.07828016,0.3918333,0.0,0.008807206,-0.18446445,0.048623726,0.0,-0.30078351,0.0,-0.061855547,0.0,0.034413856,0.0,0.06119539,0.0,-0.06739074,0.0,-0.24954432,-0.8728005,0.21121554,-0.14018929,0.023069285,-0.19983838,-0.14726873
-0.05247826,1.042458,-0.44577911,0.20912829,-0.0182326,-0.013115601,0.025814096,-0.038373392,0.0,-0.033689026,-0.43470818,-0.47555855,0.0,0.06696552,0.0,0.020315107,0.0,-0.0013288092,0.0,0.14533953,0.0,-0.07697703,0.0,-0.068530716,0.25343603,0.34594503,0.11086862,0.0074093174,-0.13935797,-0.053013906
0.17138629,0.016459905,0.057134427,-0.102928825,0.0133942,-0.006798277,0.029861044,-0.02313239,0.0,0.12665494,0.2558159,0.088000834,0.0,0.09266016,0.0,-0.043843113,0.0,-0.00061584765,0.0,0.05548893,0.0,-0.056833766,0.0,0.07136995,0.1910418,0.33894944,-0.2879744,0.0041873213,0.17027031,-0.005268602
-0.031594377,0.7035327,-0.15302068,-0.009848304,0.0014563523,-0.0024157194,0.022156946,-0.02058916,0.0,0.14177975,0.2448604,0.10819466,0.0,0.09226612,0.0,0.08135881,0.0,-0.00062604994,0.0,0.047584955,0.0,-0.050419368,0.0,-0.07127552,0.2971707,0.40428644,-0.26118934,-0.04607578,-0.1514829,0.011738187
-0.024726547,-0.5309254,-0.028073626,-0.2281022,0.02238029,0.0073599434,-0.06661482,-0.031726595,0.0,0.09457797,0.30570218,0.07332627,0.0,0.12410143,0.0,-0.14411484,0.0,-0.0016077264,0.0,0.08526003,0.0,-0.054181654,0.0,0.069017924,0.1720443,0.3390523,0.12679836,-0.012590174,0.22799946,0.0034499476
-0.03673967,-0.21800658,-0.23050834,-0.18297206,-0.00055133423,-0.007063709,0.009838798,-0.03559838,0.0,-0.11271548,0.20640321,0.05989959,0.0,0.060215715,0.0,0.017431786,0.0,-0.001473671,0.0,0.056607943,0.0,-0.06554575,0.0,-0.26280794,-0.9848907,0.24123138,-0.24152659,0.022164768,-0.20805632,0.009535006
-0.05008087,0.22783007,-0.089578904,-0.0064496705,-0.014473139,-0.03877285,0.051864345,0.20231208,0.0,-0.04781154,-0.45498586,0.08015235,0.0,-0.2763948,0.0,0.03847861,0.0,-0.0070285406,0.0,0.019854879,0.0,-0.09637155,0.0,-0.08998463,0.22263208,0.31665283,-0.19462186,-0.00021171426,-0.20844,-0.10306643
-0.06693225,1.0582821,-0.38273686,0.6379621,-0.0031342553,-0.013205825,0.020342372,-0.031418677,0.0,-0.012277395,-0.42298073,-0.42507568,0.0,0.07965408,0.0,0.034005113,0.0,-0.00676109,0.0,0.13147539,0.0,-0.08715698,0.0,-0.07654241,0.2535572,0.34584188,-0.20100068,0.014785567,-0.11528992,-0.016985346
0.14488837,0.54850835,0.010722596,-0.016553067,0.0011383239,-0.0025395246,0.015893275,-0.042873662,0.0,-0.1545756,0.20980065,0.11196414,0.0,0.09893536,0.0,0.037573393,0.0,0.0001432749,0.0,0.07709841,0.0,-0.0536732,0.0,0.06735937,0.22646274,0.37969205,0.0859121,0.007510376,0.18002251,-0.0012335867
-0.040070646,0.17241657,-1.4795575,0.016528053,-0.02771644,-0.010760513,0.015776375,-0.053568095,0.0,-0.06377076,-0.25052708,-0.6591989,0.0,0.029062236,0.0,0.027099665,0.0,-0.0014602658,0.0,0.09645858,0.0,-0.080040514,0.0,-0.24160811,-1.035795,0.2153798,-0.1583775,-0.27380216,-0.13310379,-0.019688426
-0.029083682,0.078583,0.045489762,-0.018488735,-0.027939718,0.041638203,0.08902434,0.29855445,0.0,-0.09191447,-0.4715496,0.10528859,0.0,0.07483633,0.0,0.056665488,0.0,0.007899111,0.0,0.035893545,0.0,0.107965745,0.0,0.104314595,0.1369209,0.32656106,0.105939716,0.010752688,-0.23103927,0.009239346
-0.04789889,-0.24188304,-0.068915136,0.012442132,-0.017119255,0.012014346,-0.06324393,-0.054559097,0.0,0.011876973,-0.26769224,0.04855153,0.0,-0.23471639,0.0,0.008677811,0.0,0.0050599175,0.0,0.052841272,0.0,0.051118586,0.0,0.25053966,-0.540937,0.25701052,-0.23290199,-0.064180024,-0.12912445,0.014614541
0.16146255,-0.48090702,-0.08245911,-0.27919698,-0.019188873,-0.0063403817,0.032515682,-0.03428496,0.0,-0.14227319,0.16418402,0.06231854,0.0,0.086460665,0.0,-0.050937187,0.0,0.0025273925,0.0,0.08171463,0.0,0.11413068,0.0,-0.2848401,-0.9314294,0.20944738,0.051681176,0.008217617,-0.22399393,0.0011550133
-0.034224667,0.06657628,0.053128734,-0.018306442,-0.026093662,-0.02923468,0.0718863,0.2397612,0.0,-0.07104802,-0.44148105,0.108035095,0.0,0.06993734,0.0,0.07653548,0.0,0.008254165,0.0,0.024277776,0.0,0.105245374,0.0,0.068635955,0.1584179,0.25451323,-0.3006193,0.008418582,0.27744573,0.009455876
0.1693863,-0.4378232,0.06659001,-0.024411859,-0.016803764,-0.024093857,0.05558176,-0.017011771,0.0,0.025463395,0.29028228,0.050139062,0.0,-0.25783795,0.0,-0.12510845,0.0,-0.0017129834,0.0,0.031154385,0.0,0.13818589,0.0,0.102667004,0.18921435,0.2017732,0.13889623,0.0029784741,-0.17002374,-0.00094036286
-0.020678936,-0.4331288,-1.6307867,0.28995565,-0.046948574,0.0066510555,-0.07396687,-0.05750305,0.0,-0.10365698,-0.23579627,-0.41745487,0.0,0.021103553,0.0,0.009550796,0.0,-0.012433856,0.0,0.014411235,0.0,-0.08561285,0.0,-0.25402266,-0.8223346,0.1760919,-0.50384176,-0.10091194,-0.16735227,0.018531663
-0.06693225,0.998478,-0.23661993,0.3728849,-0.016208937,-0.013205825,0.037886247,-0.032238767,0.0,-0.016367987,-0.42298073,-0.42507568,0.0,0.07965408,0.0,0.034005113,0.0,-0.00676109,0.0,0.13147539,0.0,-0.08674832,0.0,-0.07654241,0.2466052,0.34880954,-0.18707976,0.008236019,-0.1064544,-0.016985346
-0.02263217,0.43074137,-0.1021195,0.10518348,0.035429906,0.007853607,-0.06160431,-0.027921887,0.0,-0.14353777,0.30031222,0.084078796,0.0,0.06872712,0.0,0.0405838,0.0,-0.0012438626,0.0,-0.13459162,0.0,-0.0572982,0.0,-0.04865881,0.25026095,0.39397165,0.1009783,0.005313423,0.23627739,0.008566463
-0.04468211,0.63386726,-0.34018263,-0.09020923,-0.012848137,-0.0018857758,0.012260922,-0.040762678,0.0,-0.11922479,0.25993323,0.10104221,0.0,0.09587675,0.0,0.038659062,0.0,-0.0060583306,0.0,0.08244539,0.0,-0.06784925,0.0,-0.082620956,0.2856348,0.41264525,0.10511077,0.0075848107,-0.17641367,-0.047857895
-0.067157514,-1.0215818,-0.6423174,-0.6552816,0.019680247,0.006592616,0.059827436,-0.06925077,0.0,-0.04286162,-0.18991712,-0.3336272,0.0,0.056666214,0.0,-0.007313617,0.0,-0.008382196,0.0,0.027707702,0.0,-0.078555316,0.0,-0.07292056,0.09658678,-1.6457964,-0.14399102,0.019717619,-0.15248552,-0.17633067
-0.0321005,-1.0128431,-0.91428477,-0.5341062,-0.008610154,0.005767063,-0.14698046,-0.04159845,0.0,-0.062116403,-0.18936193,-0.35101032,0.0,0.04247662,0.0,-0.0053074327,0.0,-0.012302399,0.0,0.013038775,0.0,-0.070563555,0.0,-0.05520002,0.09630382,-1.6676952,-0.1433969,0.010629283,-0.19292048,0.0132744815
-0.042489834,-0.009386772,-0.3848286,-0.1888118,-0.01434086,-0.0032497467,0.021898681,-0.040651105,0.0,-0.19222298,-0.19241408,-0.42113188,0.0,0.058588393,0.0,0.08891244,0.0,-0.00676109,0.0,0.044828407,0.0,-0.124257185,0.0,-0.071660265,0.10683903,-1.7883643,0.08271798,0.038930018,-0.14850968,-0.06790995
6.8807654e-05,-1.0122478,0.6451006,-0.012492483,0.015752561,0.0043348717,0.07412743,-0.020481503,0.0,0.059249148,0.18071125,0.042539656,0.0,-0.30030102,0.0,0.07556551,0.0,0.026591772,0.0,0.0667844,0.0,0.19272678,0.0,0.103115015,-0.7247252,0.18023811,-0.2735847,-0.018947335,0.36026302,0.05542442
-0.042514376,0.40725368,-0.11692254,0.043196782,-0.0066612647,-0.003210651,0.052744538,-0.027540287,0.0,0.1145842,-0.26800177,-0.77492946,0.0,0.05980395,0.0,0.032610953,0.0,-0.0023199457,0.0,0.0057234373,0.0,-0.0851541,0.0,-0.119377434,-0.75658894,0.21829078,-0.19484678,0.002901433,0.2896259,0.022596784
0.0075640767,-0.8875086,0.3910758,0.13010044,0.045614935,-0.0071223564,0.03831168,-0.10126383,0.0,0.10509302,0.14130768,0.06259827,0.0,0.0756847,0.0,0.124833025,0.0,0.022064827,0.0,0.114360094,0.0,0.16648494,0.0,0.019686176,0.0987971,-1.6606591,-0.22739956,0.0059777237,0.4994983,0.031755216
-0.04784682,-0.66767484,0.0011319561,-0.17413454,0.028058527,-0.04855679,0.048070043,0.3047919,0.0,0.006304242,-0.34284523,0.056037314,0.0,-0.36802602,0.0,0.062207974,0.0,-0.007787663,0.0,0.11660506,0.0,-0.048728116,0.0,-0.10190393,0.19070157,0.28792173,0.069891006,0.019425403,-0.20219311,-0.15011226
-0.038523093,1.1978596,0.13765395,0.022064907,-0.0056558973,-0.004041441,0.022386955,-0.036272574,0.0,-0.12257498,0.26967722,0.1168538,0.0,0.102712266,0.0,0.054766815,0.0,-0.0014251922,0.0,0.11534424,0.0,-0.056527376,0.0,0.0613848,0.2315053,0.39469904,-0.22734399,0.013566563,0.18451622,0.007850622
-0.03393647,-0.13142197,0.025555167,0.2824135,-0.054335296,0.016839037,-0.068560064,-0.03161151,0.0,0.009856714,-0.20441227,0.044425275,0.0,0.031703595,0.0,-0.013289431,0.0,0.003630413,0.0,-0.16237965,0.0,-0.053104308,0.0,0.2314986,-0.49269342,0.23458607,-0.09174159,0.04569265,-0.09326247,0.058010325
-0.07663901,-1.5600693,-0.20735106,-0.024427218,-0.06963056,0.009623314,-0.06589204,-0.057795156,0.0,0.17795381,-0.21135008,0.061894547,0.0,0.23458017,0.0,-0.0032391148,0.0,-0.012168609,0.0,0.24092482,0.0,0.09135098,0.0,0.08165618,0.06800814,-1.5915902,0.12255348,0.053474944,-0.2926355,0.029844698
-0.03867265,-0.571258,-0.754234,-0.14111084,0.009896,-0.04547374,-0.049873136,-0.06341273,0.0,-0.02292091,-0.44972178,0.055949006,0.0,-0.21451896,0.0,-0.028019657,0.0,0.006335429,0.0,0.045900043,0.0,-0.05629109,0.0,-0.053147633,0.15754646,0.27004877,-0.21570902,0.021353198,0.22718608,0.01853142
-0.024347888,0.28252822,-0.4234593,0.028083837,-0.042973284,-0.011063479,0.039238807,-0.04035156,0.0,0.07582929,-0.4717767,0.07996822,0.0,-0.26344773,0.0,-0.07877523,0.0,-0.0031374556,0.0,-0.22873314,0.0,-0.051877134,0.0,-0.054640725,0.14604978,0.31041256,0.09361108,0.0036426878,0.28711027,0.02021693
-0.018972918,-0.40830556,-0.28621227,0.3383142,-0.0441041,0.025182083,0.12171979,-0.034084518,0.0,0.044393804,0.17857347,0.038480777,0.0,-0.20262949,0.0,-0.029090453,0.0,0.0072850427,0.0,-0.048704643,0.0,0.1436822,0.0,0.26661673,-0.6622029,0.17451246,-0.5112675,0.03416971,-0.16126697,0.052638844
-0.023397382,0.32951567,-0.1501523,-0.024055095,-0.0028291503,-0.002175311,-0.08488123,-0.025654368,0.0,0.13387388,0.34804156,0.08533391,0.0,0.09830182,0.0,0.06848812,0.0,-0.00062604994,0.0,0.07511053,0.0,-0.051254913,0.0,-0.09377746,0.281074,0.38804877,0.12911953,-0.04418648,-0.21415636,0.008718869
-0.03780411,-0.6003666,-0.19576117,-0.4070391,9.8212084e-05,-0.00525217,0.0020678127,-0.060074672,0.0,0.012459804,-0.3354859,0.074808314,0.0,0.07118823,0.0,0.005457068,0.0,0.0067024585,0.0,0.04946322,0.0,-0.07361904,0.0,-0.11724112,-0.7103879,0.20782211,-0.27218255,0.017364388,0.42301336,0.012454208
-0.0500078,-0.28504977,0.6066763,-0.094504565,-0.05056098,0.01803471,0.08563539,-0.033841945,0.0,0.051739987,0.19415751,0.042725477,0.0,-0.19832917,0.0,0.044859473,0.0,0.0038276094,0.0,0.04361955,0.0,0.16839156,0.0,0.221213,-0.7504464,0.202039,-0.28857478,-0.004794909,-0.16842793,0.0444995
-0.049431466,0.56217366,-0.46409237,0.1561888,0.022054976,-0.002125579,0.024792876,-0.035666183,0.0,-0.106970765,-0.41099304,-0.71006906,0.0,0.07003912,0.0,0.025351927,0.0,-0.00676109,0.0,0.027325494,0.0,-0.08355557,0.0,-0.07808844,0.24778065,0.32742167,0.0820499,0.03080599,-0.14948775,-0.060720626
0.15924264,-0.18255696,0.5818873,-0.08440665,-0.033468068,-0.0056759426,0.040663727,0.0022068396,0.0,0.13089572,0.18803635,0.05342465,0.0,0.052929,0.0,0.1105091,0.0,0.0017262974,0.0,-0.25930506,0.0,0.15219879,0.0,0.2791514,-0.6487693,0.18711205,0.1195736,-0.05100706,-0.16976343,-0.0002079245
-0.0753844,0.021337697,-0.38423595,0.3584986,0.00011245615,0.019706791,0.029725825,-0.035928734,0.0,0.02286068,-0.17318912,0.033906616,0.0,-0.0051012253,0.0,-0.10981673,0.0,0.0052369814,0.0,-0.2123716,0.0,-0.05684725,0.0,-0.07502474,0.07185196,-1.6036738,-0.08627873,0.05398915,-0.14118049,0.050869495
-0.048554737,-0.24301659,-0.16417038,0.049026635,-0.106158294,-0.015886368,0.008535267,-0.036315214,0.0,-0.04033513,-0.20957711,0.045759145,0.0,-0.15483676,0.0,0.032608114,0.0,0.0032665075,0.0,-0.25329676,0.0,-0.08374391,0.0,0.24514657,-0.45463625,0.2346125,0.0578607,-0.025295367,-0.130522,0.04819414
-0.026842963,0.2532952,-0.32615316,-0.12841353,0.006555944,-0.0025481165,0.02254953,-0.050910823,0.0,-0.12949115,-0.4772417,0.119752355,0.0,0.08514803,0.0,0.09736198,0.0,-0.0016155334,0.0,0.07872232,0.0,0.07912751,0.0,0.06785494,0.15103824,0.31606954,0.13334708,0.008367681,0.25647303,0.004431907
-0.019752508,0.5284911,0.11297897,0.018446654,-0.03853352,-0.0045536845,0.017726963,-0.04293393,0.0,-0.14059065,0.21972407,0.09991081,0.0,0.11835001,0.0,-0.09669637,0.0,0.0059065325,0.0,0.085526235,0.0,-0.04326183,0.0,0.06591287,0.20680876,0.38068834,-0.30098957,0.007901932,0.13097405,-0.006142602
-0.026745446,-0.29791266,0.29872736,-0.1035466,-0.00018976069,-0.007028169,0.029258419,-0.012856093,0.0,0.18698622,0.3073361,0.063505985,0.0,0.07374806,0.0,0.11491092,0.0,-0.0017517281,0.0,-0.27862918,0.0,0.15678363,0.0,0.06291445,0.14100999,0.30836463,0.12728524,0.006051405,0.24879605,0.024594232
-0.019889405,-0.40630665,-0.2363567,0.2283192,-0.056553025,0.0062231123,-0.14420393,-0.055179156,0.0,0.07331577,-0.50111175,-0.6723518,0.0,0.06253763,0.0,0.028086232,0.0,-0.001946622,0.0,0.032401104,0.0,-0.06015776,0.0,-0.063800216,0.16096184,0.25568426,0.11984892,0.0030397251,0.17890966,0.010409219
0.32403928,-0.42736366,0.084142506,-0.15357469,-0.03391354,0.01925406,0.051537737,-0.034084775,0.0,-0.16986619,0.17672798,0.040671863,0.0,0.041137043,0.0,-0.091255434,0.0,0.0030032673,0.0,-0.33074233,0.0,0.107027836,0.0,-0.14832307,-0.7383986,0.1433636,0.034839194,0.014040696,0.41180968,0.004257776
-0.04225819,0.4744929,-0.3380029,0.16669127,0.023901029,-0.003210651,0.026909707,-0.040260516,0.0,-0.09989811,-0.3799146,-0.80422515,0.0,0.05000423,0.0,0.049881566,0.0,-0.002188489,0.0,0.012453396,0.0,-0.078736395,0.0,-0.052715957,0.21295974,0.3006309,-0.20942143,0.030861834,0.17544541,0.014343452
0.09750841,0.37004703,0.0262831,0.0036904446,0.0024709455,-0.0033049716,0.039631806,-0.031119917,0.0,0.17860165,0.303607,0.10231902,0.0,0.11199992,0.0,0.03356619,0.0,0.00056542875,0.0,0.085804656,0.0,0.12322728,0.0,-0.071554884,0.24754873,0.37382588,0.11736828,0.006693786,0.21405359,-0.007018593
-0.056021016,-1.6500257,-0.53688145,0.11129218,-0.012300456,0.012597634,-0.12689127,-0.044556852,0.0,-0.09843974,-0.19141822,-0.36374956,0.0,0.1616165,0.0,-0.011791457,0.0,0.037385993,0.0,0.14740853,0.0,-0.43043885,0.0,-0.08010652,0.098247856,-1.6207111,0.082261756,-0.24262737,-0.21167147,0.011591548
0.19692521,-0.51430255,0.090009734,-0.22262543,0.012480575,-0.015995577,0.02463676,-0.03875473,0.0,-0.09613943,0.24689358,0.05012014,0.0,-0.22887228,0.0,0.048992857,0.0,-0.0007493284,0.0,0.07633907,0.0,-0.015064785,0.0,0.0641931,0.17144841,0.31150866,-0.124580525,-0.007380004,0.18908167,-0.0054309787
-0.042014092,-0.847082,-0.5987787,-0.42242444,-0.02614976,-0.0019086965,-0.17260444,-0.031336196,0.0,0.0567112,-0.20499441,-0.31392127,0.0,0.09965976,0.0,-0.018334435,0.0,-0.01773468,0.0,0.04903533,0.0,-0.06437571,0.0,-0.06931458,0.09859071,-1.6113943,0.07597322,0.0038172777,-0.21255593,-0.16584605
-0.054289076,-0.17795411,-0.29003468,-0.36587736,0.010410897,0.021772584,-0.12300416,-0.02263481,0.0,-0.068043955,-0.19861867,0.02780652,0.0,-0.09121909,0.0,0.048878904,0.0,0.0031464733,0.0,-0.20132598,0.0,-0.0134584755,0.0,0.04480254,0.06855127,-1.7806249,-0.07010476,-0.018648084,-0.13617647,0.020083185
-0.02038152,0.16606593,-0.06917049,-0.058260858,0.026863815,-0.024144486,0.07493208,0.30726403,0.0,-0.08497251,-0.24750197,0.10476702,0.0,0.08516763,0.0,0.08678323,0.0,0.0069093844,0.0,0.10773829,0.0,0.11344431,0.0,-0.15783092,-0.7716806,0.19980092,0.13284495,0.0122921,0.4620593,0.007963389
-0.053633522,-0.1678525,-0.41109028,-0.18861575,0.0057368004,-0.008401404,0.020952795,-0.057785496,0.0,-0.15592024,-0.2328893,-0.3507245,0.0,0.059542622,0.0,0.08672269,0.0,-0.0065192226,0.0,0.028487593,0.0,-0.123697735,0.0,-0.070289426,0.107899874,-1.7536926,0.0818025,0.037901048,-0.13722055,-0.05604101
-0.07911517,-0.4582714,-0.8534863,-0.21219401,0.10453288,-0.0030407289,-0.43459553,-0.026542472,0.0,0.085336335,0.18151304,0.044412024,0.0,-0.3442756,0.0,-0.08602379,0.0,0.008753882,0.0,-0.07222364,0.0,0.08245321,0.0,0.16530283,-0.6943152,0.18161029,0.09377746,0.008317366,0.07763093,0.051746238
-0.029302698,-0.49028456,0.36342934,-0.22986455,0.08941891,0.012605711,-0.08786379,-0.013247551,0.0,0.2093638,0.20600256,0.054156106,0.0,0.07323493,0.0,0.12647915,0.0,-0.0012549041,0.0,-0.2864526,0.0,0.10753519,0.0,0.1515606,-0.65154356,0.23323995,0.13012032,0.007795541,0.26276478,0.028572887
-0.042445548,-2.1187675,0.024749016,-0.2899751,0.13637531,0.035544403,0.009479,-0.04058791,0.0,0.10739172,0.120555125,0.033158176,0.0,-0.516522,0.0,-0.12153063,0.0,0.088837646,0.0,-0.15765779,0.0,-0.29873788,0.0,0.050413784,0.052214343,-1.7905438,0.08062764,0.053617075,-0.212515,0.037635364
-0.029974267,-1.602779,-0.38822937,-0.13219655,0.0012452335,0.019771514,-0.10269087,-0.029131193,0.0,-0.10117688,-0.18728834,0.033776227,0.0,-0.31563646,0.0,-0.08446283,0.0,-0.010613991,0.0,-0.25100023,0.0,0.0466739,0.0,0.04781458,0.05866252,-1.7128603,-0.1757481,-0.033313014,-0.14244695,0.033305604
0.26275575,-0.29439187,-0.14689238,0.114621624,0.011291013,-0.0069934092,0.012174644,-0.028712688,0.0,-0.01671562,-0.22913821,0.059463058,0.0,0.05026501,0.0,0.016635165,0.0,0.0025467756,0.0,-0.21301343,0.0,0.07174136,0.0,0.23888984,-0.5428132,0.22663923,-0.1678145,-0.012021803,-0.12077213,0.00017591796
-0.034916315,-0.47451803,0.098830864,0.26646078,-0.00035031416,0.027981313,-0.05645412,-0.04504291,0.0,0.04298956,-0.28103656,0.04989126,0.0,-0.42875415,0.0,0.0014969753,0.0,0.0058230488,0.0,0.059711657,0.0,-0.020757329,0.0,-0.27482343,-0.74209654,0.21081544,0.08194258,0.003298482,-0.18626955,0.019756349
-0.041543033,0.17532878,-0.37435108,-0.041437477,0.0021928588,0.005681276,0.01455342,-0.039803874,0.0,0.13564256,-0.49358273,0.10508254,0.0,0.11035827,0.0,0.10213214,0.0,-0.005997793,0.0,0.065287806,0.0,-0.06941726,0.0,0.12365457,0.13888308,0.32194972,0.123903744,0.0033001907,-0.27247632,-0.04384677
-0.034325555,-0.19200036,-0.9530428,-0.05164344,0.012600531,-0.003216651,0.025081214,-0.057595238,0.0,-0.13764912,-0.52360857,-0.64142674,0.0,0.052276593,0.0,0.036523774,0.0,-0.00676109,0.0,0.023275875,0.0,-0.09117873,0.0,-0.09519266,0.21505833,0.28699607,0.06891056,0.036647484,-0.18238005,-0.06635254
0.3652191,-0.50238675,-0.25011623,0.033516515,-0.048569854,0.024077347,0.039419327,-0.031060461,0.0,-0.16863187,0.12015852,0.0337366,0.0,0.019758504,0.0,0.018308248,0.0,0.0025712813,0.0,-0.2745149,0.0,0.10099468,0.0,-0.055557735,0.09169183,-1.7698538,-0.05418404,-0.110046566,-0.12948014,0.0059101526
-0.033272833,0.15609714,0.053663507,-0.21580085,0.004540911,0.0010600877,0.041336913,-0.037721016,0.0,-0.081827626,-0.47591966,0.07595991,0.0,-0.1541071,0.0,0.08901831,0.0,-0.0015962599,0.0,0.022799037,0.0,-0.08501181,0.0,-0.080601186,0.21302241,0.3107923,-0.19555883,-0.014043102,-0.20236409,0.030996306
-0.03734139,-0.5451367,-0.05331837,-0.25709015,-0.028297564,-0.015693761,-0.12966599,0.20003842,0.0,-0.021326924,-0.33159208,0.0772821,0.0,0.062020477,0.0,0.017780006,0.0,0.010890611,0.0,0.09882299,0.0,-0.0346739,0.0,0.10820368,0.13382195,0.30666095,-0.20604773,-0.17179663,-0.13196523,0.010589122
-0.03380596,-0.2468644,-0.024002062,-0.11501637,-0.054064494,-0.0067881807,0.010724316,-0.0038711668,0.0,0.13200213,0.1945157,0.051755685,0.0,0.06978487,0.0,-0.027577024,0.0,-0.0012459877,0.0,-0.21493533,0.0,-0.06649922,0.0,-0.26016673,-0.97889245,0.23310396,-0.23725155,-0.02166191,-0.2352439,0.017449072
-0.007269118,-0.79493517,0.50086105,-0.110526584,0.19015476,0.024371516,0.12242639,-0.0060674497,0.0,-0.06889027,0.12939726,0.032647975,0.0,-0.085491754,0.0,-0.11632785,0.0,0.0078560505,0.0,0.22518246,0.0,0.13075994,0.0,0.047691807,0.073229484,-1.3550277,-0.19301206,-0.14231402,-0.19875546,0.04630785
0.106181346,-1.0387591,-0.3537777,-0.40461797,-0.023495384,-0.010326705,-0.09497673,-0.052795824,0.0,0.06896444,-0.27582312,0.06857522,0.0,0.101171516,0.0,0.1096276,0.0,0.019014854,0.0,0.09406237,0.0,0.031802528,0.0,-0.13766733,-0.65780705,0.20492804,0.10309935,0.004439549,0.5366791,0.0006238291
-0.058980282,-1.983686,-0.68956935,-0.6617846,-0.02838617,0.009992445,-0.17012173,-0.049485102,0.0,0.07715947,-0.202383,-0.35202506,0.0,0.15682776,0.0,-0.025284823,0.0,0.037385993,0.0,0.11180408,0.0,-0.4215626,0.0,-0.08038662,0.09523013,-1.5292373,-0.22437347,-0.27892092,-0.21011633,0.013469242
-0.0076559163,-0.4269367,-0.046986066,-0.044020288,-0.05517177,0.016616115,-0.25406414,-0.010151063,0.0,-0.17135075,0.28640768,0.04737421,0.0,0.037193153,0.0,-0.097857505,0.0,0.004234098,0.0,-0.27108285,0.0,0.090621926,0.0,0.09383718,0.22039405,0.20956106,0.056627233,0.042979594,-0.12125194,0.025900492
0.10279725,0.3160834,-0.009458582,-0.100581355,0.017266033,-0.0075472994,0.036388844,-0.043580793,0.0,-0.09481079,-0.45957038,0.09695307,0.0,-0.26049584,0.0,0.046452306,0.0,-0.0015126253,0.0,0.04962928,0.0,-0.093499035,0.0,-0.062388465,0.18655841,0.3066782,0.08156979,-0.0033469344,0.2485857,0.0075553106
-0.024289671,-0.329322,-0.1022768,-0.2471781,-0.0010971002,0.0062014097,-0.03915532,-0.036437973,0.0,-0.16242623,0.30994758,0.07433767,0.0,0.088191055,0.0,0.038158737,0.0,-0.0011104592,0.0,0.08483347,0.0,-0.06253963,0.0,0.06811367,0.18613331,0.3446571,0.11744298,0.021731373,0.24258141,0.0062098457
-0.030980904,0.043579362,-0.24998467,-0.0190929,-0.039868716,-0.00491259,0.033232424,-0.024710283,0.0,0.07220346,0.2542293,0.08808043,0.0,0.064048365,0.0,0.078528896,0.0,-0.0014857298,0.0,0.04646221,0.0,-0.05445262,0.0,-0.05841827,0.22611932,0.3418753,-0.31460354,0.0036370931,0.2763713,0.010427156
-0.021443166,0.43056163,-0.088469155,-0.1221391,0.0026424679,-0.002177129,-0.052616045,-0.03128318,0.0,-0.11874614,0.3105537,0.09582283,0.0,0.08928338,0.0,0.090656444,0.0,-0.0014857298,0.0,0.06773824,0.0,-0.058849916,0.0,-0.059044138,0.25223923,0.39059415,0.1360353,0.006171914,0.25265652,0.009648182
-0.022130314,0.57433975,-0.5063419,-0.017123269,0.0074931732,-0.004230254,0.028274788,-0.036551926,0.0,0.12360749,-0.39395332,0.12701896,0.0,0.10881602,0.0,-0.107354805,0.0,-0.002184315,0.0,0.08165012,0.0,-0.0453254,0.0,0.06585672,0.17262718,0.3322952,0.16902955,0.0033391628,0.24203801,0.008786717
-0.030757602,-1.2738183,-0.7083623,-0.6616856,-0.029126557,0.00852164,-0.19519103,-0.046380006,0.0,0.07901779,-0.202383,-0.35202506,0.0,0.13950045,0.0,-0.0010423275,0.0,0.037385993,0.0,0.07180623,0.0,-0.43486786,0.0,-0.08038662,0.1018889,-1.5066705,-0.20134091,-0.1212195,-0.15005262,0.013469242
-0.010358387,0.32175332,-0.08874993,-0.046554662,-0.032368474,0.019524714,-0.1860499,0.116267696,0.0,-0.0803593,-0.45002595,0.092394255,0.0,-0.21159105,0.0,0.066671506,0.0,-0.0028392258,0.0,-0.29894418,0.0,-0.055000447,0.0,-0.05225041,0.18826911,0.28362435,0.08361822,-0.0009530134,0.2782728,0.024511319
0.1837083,0.39283234,0.23083454,0.31280616,-0.016302884,-0.006680539,0.10539731,-0.015354373,0.0,0.12533288,0.31244618,0.085104644,0.0,0.10389372,0.0,-0.13672811,0.0,0.003775134,0.0,-0.22080447,0.0,0.1381512,0.0,0.057070177,0.15461206,0.28700072,0.10748496,0.007927484,0.14770812,-0.007088339
-0.049879454,-0.36606547,-0.540429,-0.1939793,-0.038578473,-0.058289226,0.04736443,0.071483165,0.0,-0.033479936,-0.19075559,0.033838075,0.0,0.01725881,0.0,-0.04265254,0.0,0.005992624,0.0,-0.37671208,0.0,0.03629655,0.0,0.046728622,0.056247093,-1.8394887,-0.08792497,0.009864446,-0.15410197,0.019641127
-0.048148908,-0.33729494,-0.41229022,-0.10672845,0.04431966,-0.017551756,0.020599186,-0.024271352,0.0,-0.040351182,-0.19974047,0.033472467,0.0,-0.09571035,0.0,-0.03071207,0.0,0.005802484,0.0,-0.16533023,0.0,-0.032153115,0.0,-0.039277077,0.07806258,-1.754571,-0.03547449,-0.021308899,-0.13004921,0.019531704
-0.03757236,-0.13982292,-2.1086435,-0.10107083,-0.014194856,-0.0038059782,0.023714896,-0.058955964,0.0,-0.12742832,-0.25459006,-0.54942584,0.0,0.04143318,0.0,0.019956743,0.0,-0.006892547,0.0,0.02324685,0.0,-0.12585449,0.0,-0.2804923,-0.8508953,0.1812113,-0.58172995,0.008508097,-0.17588992,-0.081031345
-0.028278053,0.54570395,-0.08675586,-0.021880772,-0.0037870104,-0.002624138,0.01630716,-0.046695597,0.0,-0.17707351,0.21445227,0.11196414,0.0,0.10129369,0.0,0.04032133,0.0,-0.0014251922,0.0,0.093856655,0.0,-0.053452514,0.0,0.06649643,0.21920885,0.39069188,0.10865463,0.008173008,0.19785848,0.00747121
-0.0018511269,-0.75241494,-0.03757357,-0.111098364,0.024608247,0.012566913,0.02196825,-0.019060194,0.0,0.19008793,0.28768432,0.055886477,0.0,0.061451305,0.0,-0.07171223,0.0,0.00068764976,0.0,-0.32528195,0.0,-0.11531743,0.0,0.1017494,0.1407532,0.3043132,0.09210423,-0.045114804,-0.1782772,0.029968923
-0.029110422,-0.22690627,0.18995003,-0.20408565,-0.0023848456,0.011182796,0.021570595,-0.047685444,0.0,0.12150814,0.31862345,0.07056057,0.0,0.07469978,0.0,-0.040036984,0.0,0.0058892826,0.0,0.07551337,0.0,-0.027563812,0.0,-0.06066178,0.20724459,0.3411113,-0.30856955,0.019899674,0.26690328,-0.00071439956
0.10566311,0.37390912,-0.30773142,-0.18430716,-0.013371543,-0.00015250224,0.015172522,-0.048227467,0.0,-0.13920401,0.30660552,0.09582283,0.0,0.08165521,0.0,0.081803985,0.0,8.2737184e-05,0.0,0.08207841,0.0,-0.0802257,0.0,-0.07151615,0.2494746,0.37487566,0.104912244,0.0077327765,0.24248576,-0.00061778375
0.12022981,-0.7150916,0.46541637,-0.4214828,-0.06546956,0.0062955488,-0.14335269,-0.0060513644,0.0,0.1550398,0.15673874,0.053072054,0.0,0.075274125,0.0,0.09090615,0.0,0.0013265561,0.0,-0.39192575,0.0,0.11955808,0.0,0.27386576,-0.6081803,0.18321691,0.09454017,0.0033761822,-0.13204683,0.013536917
-0.03227956,0.6503014,0.43644595,-0.047145683,-0.004074303,0.025293725,-0.02471379,-0.042446356,0.0,-0.1139681,-0.31810623,0.14054082,0.0,0.11634225,0.0,0.044754766,0.0,-0.0021279515,0.0,0.0944314,0.0,-0.041954167,0.0,-0.08675067,0.18422744,0.3518495,0.11909311,0.006761477,0.23078969,0.009752439
-0.031746957,-1.134428,-0.56977,-0.3046196,-0.052463003,0.00822459,0.06383734,-0.054502465,0.0,0.049893565,-0.20320547,-0.35202506,0.0,0.038828857,0.0,-0.022034116,0.0,-0.012302399,0.0,0.011192977,0.0,-0.090275794,0.0,-0.057534374,0.093735926,-1.5843949,-0.16360304,0.0029525533,-0.21251035,0.015829632
-0.021221759,0.7822289,0.13891375,0.04951614,-0.046756998,-0.00306545,0.028911242,-0.0239352,0.0,-0.14162001,0.26140985,0.09469905,0.0,0.10427689,0.0,0.068747886,0.0,0.030717649,0.0,-0.30658206,0.0,0.087753125,0.0,-0.069234245,0.26226667,0.41929433,0.0893014,0.00955763,-0.1392205,0.018267844
-0.056893762,-0.46012256,0.20465969,-0.17557535,0.014008141,0.011239819,-0.124614574,-0.03400714,0.0,0.16120557,0.20800582,0.06596481,0.0,0.09561508,0.0,-0.17098966,0.0,0.004321275,0.0,0.08842579,0.0,0.082428016,0.0,-0.16165799,-0.806744,0.14943339,0.10759817,0.0061487057,0.43338194,0.026191209
-0.035806306,-0.020156449,-0.18270877,-0.28865007,0.009952086,-0.0031693832,-0.080779694,-0.023077106,0.0,-0.0938196,0.28816244,0.07955304,0.0,0.06785908,0.0,0.04738193,0.0,-0.00062604994,0.0,0.044450063,0.0,-0.05188823,0.0,-0.087489285,0.2619944,0.36517555,-0.21623515,0.0064316583,-0.19348761,0.008624352
-0.024853874,-0.53515667,-0.5714575,-0.3739564,0.010285873,-0.0027060066,-0.11761855,-0.049544435,0.0,-0.061707046,-0.3026565,-0.42208648,0.0,0.050401628,0.0,-0.006559624,0.0,-0.0014602658,0.0,0.024414849,0.0,-0.07925957,0.0,-0.2740444,-0.7951351,0.1969276,0.080779664,-0.04571666,-0.1335957,0.010449357
0.33965734,-0.6368102,0.36089277,0.0127681345,-0.041898783,-0.014789141,0.049992792,-0.023847004,0.0,0.12056232,0.27418366,0.07375222,0.0,0.10266011,0.0,-0.09366623,0.0,0.003516305,0.0,0.09854036,0.0,0.13688512,0.0,0.023111558,0.1562842,0.24738482,0.09248244,0.0036102326,0.21414965,0.0060537267
-0.03193662,-0.028801413,-0.294522,-0.20907398,0.036879215,-0.0048903064,0.06796196,-0.0311522,0.0,0.07165711,-0.23444274,-0.31754968,0.0,0.060074046,0.0,-0.021880623,0.0,-0.003191783,0.0,0.07217124,0.0,-0.06727411,0.0,-0.06223,0.09797424,-1.588203,0.09000209,0.0047437185,-0.1346459,0.015073942
-0.050642222,-0.6093366,-0.034528628,-0.112498544,0.027652077,-0.007586006,0.015772097,-0.012685693,0.0,0.108165085,0.27638665,0.049080994,0.0,-0.22483823,0.0,0.07127526,0.0,-0.0024767504,0.0,-0.2536006,0.0,-0.14225593,0.0,0.058015622,0.14138165,0.29141554,0.071862966,-0.00899688,0.2433872,0.044052444
-0.054221295,0.655709,-0.13534853,-0.059578735,-0.0071026506,-0.0024751034,0.013832635,-0.037604976,0.0,-0.09453189,0.24069089,0.10722613,0.0,0.0921973,0.0,0.05170689,0.0,-0.0060583306,0.0,0.07359716,0.0,-0.06801836,0.0,-0.0809067,0.2944448,0.40574688,-0.22948468,0.0075910655,-0.14488254,-0.048520513
-0.05935275,-1.7705398,-0.6567672,-0.56283504,-0.030115576,0.012766953,-0.19243234,-0.062207296,0.0,0.04695399,-0.20266056,-0.35202506,0.0,0.17762841,0.0,-0.0784272,0.0,0.037385993,0.0,0.11005074,0.0,-0.42576772,0.0,-0.08038662,0.08724494,-1.5292373,-0.20123583,0.075140275,-0.23162176,0.013469242
-0.05136836,-0.40588805,-0.06153022,-0.19363639,0.030208128,0.020066654,0.035887137,-0.077363946,0.0,-0.03781936,-0.26073432,0.04821989,0.0,-0.18817343,0.0,-0.020594466,0.0,0.0059929863,0.0,0.057505302,0.0,0.041181143,0.0,0.25034884,-0.488375,0.25453517,-0.1579055,-0.017303435,-0.10535583,0.020540262
-0.04600261,-0.1046826,-0.39790872,-0.08165915,-0.068054475,0.017926995,-0.06343976,-0.01959543,0.0,0.08767722,-0.22408786,0.035556547,0.0,-0.20122194,0.0,0.025025245,0.0,0.0026242607,0.0,-0.26524884,0.0,-0.04213869,0.0,-0.06495833,0.07226205,-1.6928165,0.048383106,-0.04993124,-0.17008135,0.020590935
-0.035019398,-1.4193754,-0.07602393,-0.37472674,-0.052462846,0.008036153,0.008578542,-0.024296362,0.0,0.09004574,0.26338813,0.059415597,0.0,0.14145078,0.0,0.03634819,0.0,0.0140299825,0.0,0.09730644,0.0,-0.13047574,0.0,0.1277008,0.18942767,0.33845702,-0.22990295,0.0026853099,-0.29322895,-0.32288677
-0.045241594,-0.49607903,-0.61485624,0.24345411,-0.09604691,-0.00036440516,0.05213925,-0.03714982,0.0,-0.087626636,-0.18990684,-0.2965306,0.0,0.08345662,0.0,0.026788596,0.0,-0.017976549,0.0,0.01332792,0.0,-0.09252995,0.0,-0.06770272,0.09813362,-1.6363235,-0.15873395,0.009811727,-0.16887596,-0.1315975
0.19199185,0.67209333,-0.22692266,-0.061205823,0.0105413385,0.0057347533,0.03583798,-0.03342749,0.0,-0.09069512,-0.31962195,0.13423601,0.0,0.06903622,0.0,-0.1360507,0.0,-0.00027759784,0.0,0.044620693,0.0,-0.021055771,0.0,-0.07158958,0.24398649,0.33621803,-0.19484486,-0.116292596,-0.14215124,-0.023655467
-0.07833176,-1.0074841,-0.34880498,-0.009179522,-0.00930832,0.0077134273,-0.11679836,-0.022772983,0.0,-0.10766421,-0.18728834,0.03361259,0.0,0.020891001,0.0,-0.06830731,0.0,0.0081884395,0.0,-0.18859048,0.0,0.029753456,0.0,-0.04235997,0.08009478,-1.6778762,-0.053180132,0.038830526,-0.22640312,0.049249627
0.097123325,0.5797543,0.14113685,-0.03640316,0.014010247,-0.002624138,0.026647799,-0.027944962,0.0,0.1835965,0.25767368,0.10312617,0.0,0.11801041,0.0,0.04079076,0.0,0.0001432749,0.0,0.07494105,0.0,-0.026595268,0.0,0.075224586,0.22138813,0.37765738,0.13001712,0.004355979,0.17193276,-0.0038114006
-0.0015298387,-1.232257,0.25632435,-0.24100967,0.013235574,-0.0063365833,0.028658886,-0.009846142,0.0,0.05112523,0.15925598,0.03795029,0.0,-0.23488812,0.0,-0.010957534,0.0,-0.06523301,0.0,-0.19072543,0.0,-0.17477266,0.0,0.13760065,-0.58132267,0.24083012,-0.24903235,-0.026857274,0.28314856,0.051622983
0.018620357,-1.155506,0.01466715,-0.10693058,-0.024331057,0.0095226895,0.024013767,-0.02888618,0.0,0.09412895,0.16359258,0.043961078,0.0,-0.35401973,0.0,-0.057562206,0.0,0.023332424,0.0,0.081829354,0.0,-0.14159507,0.0,-0.13548285,-0.7912162,0.23974751,0.081743486,-0.02168148,0.56775385,0.048194032
-0.010070833,-0.53574,0.23098145,-0.29642028,0.0071435883,-0.006833918,0.0405591,-0.008967007,0.0,0.21424374,0.14394675,0.045208767,0.0,0.048045654,0.0,-0.160329,0.0,0.004340127,0.0,-0.38104916,0.0,0.05686474,0.0,-0.08909853,0.083030306,-1.7783445,0.06517414,-0.038668867,-0.13804343,0.033869397
-0.028452195,0.5845485,0.67674977,0.049081657,-0.0035447546,-0.0055940966,0.10735924,-0.015973596,0.0,-0.12606548,0.15403196,0.08411624,0.0,0.04970287,0.0,-0.10159625,0.0,0.0063500465,0.0,-0.3057599,0.0,0.10814862,0.0,0.13931823,-0.7695194,0.23786213,0.14376509,0.006066601,0.15536626,-0.0075693186
-0.032538235,-0.5517892,-0.11295694,0.14871337,-0.002957477,0.09303452,0.03811902,0.15832525,0.0,-0.01604143,-0.22386064,0.05742424,0.0,0.03721981,0.0,0.026318902,0.0,-0.0015030201,0.0,-0.43711793,0.0,0.052510224,0.0,0.24798056,-0.5109275,0.26623297,0.049695123,-0.067297615,-0.1327909,0.012667137
-0.03406907,-0.5583298,-0.08888743,-0.15567654,0.0144165885,-0.011247003,0.02835659,-0.02505339,0.0,0.14267467,-0.27913705,0.045485016,0.0,-0.17862439,0.0,-0.047943167,0.0,0.0039921524,0.0,-0.23299141,0.0,0.06565786,0.0,-0.30659366,-0.6976871,0.20553121,0.044559497,-0.00048431,-0.1998857,0.046723034
-0.033271298,-0.32443494,-0.07769583,0.1965923,0.08647934,-0.04880244,0.05066404,0.29569647,0.0,-0.0612593,-0.4141984,0.056765217,0.0,-0.25223976,0.0,-0.039009854,0.0,-0.002294845,0.0,0.12517545,0.0,-0.07058197,0.0,0.10518389,0.119970724,0.30797374,0.08886434,-0.0001247354,-0.1839294,0.02291542
-0.016389491,0.26142007,-0.092893526,-0.08150458,0.0010900128,-0.003805646,0.03593404,-0.050139003,0.0,-0.13087663,-0.45605794,0.118907355,0.0,0.078252904,0.0,0.09142635,0.0,-0.002188489,0.0,0.06538723,0.0,-0.08866515,0.0,-0.059044138,0.19338718,0.31757486,0.12537988,0.0052198134,0.28447354,0.014550033
-0.017375603,-0.62359947,-0.057626463,-0.19536206,-0.04639864,-0.01462485,0.026396524,-0.009360959,0.0,0.11762771,0.18502322,0.044056907,0.0,0.062421937,0.0,-0.049450845,0.0,-0.0029760657,0.0,-0.28579795,0.0,-0.16205443,0.0,0.11513204,-0.65017194,0.2248646,-0.25527164,0.0037275185,0.21391557,0.034184128
-0.03350577,-0.65788096,-0.190154,-0.3386289,0.012536874,0.009096172,0.028131893,-0.07611663,0.0,-0.038864605,-0.43512377,-0.4503217,0.0,0.032398954,0.0,-0.001570757,0.0,-0.0010869419,0.0,0.006337683,0.0,-0.1058619,0.0,-0.09622911,0.20048,0.26917136,-0.18332131,0.039067697,-0.13113976,0.01049573
-0.02851352,-0.40986428,0.05765443,-0.13759632,0.0025529193,-0.0058573866,0.02759912,-0.03542258,0.0,-0.09739459,0.19896936,0.06337141,0.0,0.07513084,0.0,-0.14234857,0.0,-0.001484084,0.0,0.09048444,0.0,0.12319441,0.0,0.28994265,-0.6277295,0.26514548,0.12828831,0.003928951,-0.17147218,-0.003075726
0.07589268,-0.36804643,-0.28507346,-0.21068105,-0.21778181,-0.003208244,-0.2914903,-0.00818642,0.0,0.14806242,0.17065749,0.05916555,0.0,0.0865823,0.0,-0.102078214,0.0,0.0022508295,0.0,0.030974885,0.0,0.07851615,0.0,0.15429074,-0.6847097,0.17009291,0.069226965,0.01491398,0.114224456,0.013550115
-0.019702753,-0.092554726,0.02333294,-0.17637303,-0.009200631,-0.0043545105,-0.103470095,-0.032591358,0.0,-0.116073206,0.25890008,0.08924588,0.0,0.0939948,0.0,-0.072259195,0.0,0.0061634714,0.0,0.09679874,0.0,0.076176345,0.0,-0.061781924,0.20722389,0.36299047,0.12893774,0.023454078,0.29010943,-0.007275967
-0.031056412,-0.41657588,-0.049605172,-0.4787486,-0.035135455,-0.044445205,0.057563573,0.11155812,0.0,0.02121025,-0.39023292,0.051915012,0.0,-0.18281277,0.0,0.030431615,0.0,-0.002545724,0.0,-0.38683367,0.0,0.052949563,0.0,-0.10037547,0.16842453,0.29410496,0.051551405,-0.12569368,-0.1975711,0.03415907
0.14868136,-0.43158823,-0.007233886,0.008592158,0.003250469,0.010139605,0.013446869,-0.037973635,0.0,0.14456198,0.29235518,0.0686315,0.0,0.092898235,0.0,-0.0068618925,0.0,0.0004251615,0.0,0.07513454,0.0,-0.059711415,0.0,-0.10696992,0.24580386,0.3147675,0.096066095,-0.016665062,-0.21517278,0.0012236543
-0.014322914,-1.1594509,-0.07735527,-0.2858113,0.14935638,0.06537792,0.12694769,-0.0006685067,0.0,0.059680793,0.16715303,0.03672915,0.0,-0.23178521,0.0,-0.10235926,0.0,0.0075819017,0.0,0.1599118,0.0,0.13772283,0.0,0.29651767,-0.5784071,0.181511,0.074115925,0.040350992,-0.20602317,0.05050183
-0.05738734,0.990195,-0.48296076,0.416519,0.009607716,0.027963687,-0.06869578,-0.03409312,0.0,0.0077294703,-0.40955463,-0.57104194,0.0,0.05626761,0.0,0.05483513,0.0,-0.001946622,0.0,0.053810023,0.0,-0.05581123,0.0,-0.050777834,0.2300971,0.32971334,-0.22148979,0.038999096,0.20160235,-0.04903508
-0.025661575,0.14594066,0.014117919,-0.08708432,0.012207618,0.004079879,-0.060707092,-0.035772517,0.0,-0.10825189,-0.49285302,0.10207925,0.0,0.065939024,0.0,0.07383065,0.0,0.0027176617,0.0,0.059690922,0.0,0.051121473,0.0,-0.08921325,0.20578212,0.31648767,0.1067858,-0.059055082,-0.24012212,-5.1226853e-06
-0.054847706,-0.30793154,-0.62138414,0.12731238,-0.045568574,0.0027593614,-0.09365176,-0.04132663,0.0,-0.10875673,-0.20990679,-0.32923377,0.0,0.058696322,0.0,0.026035052,0.0,-0.0065192226,0.0,0.0031882196,0.0,-0.053198043,0.0,-0.06852453,0.09887091,-1.6792437,-0.1517578,0.019080851,-0.11793901,-0.065520994
-0.025454942,-0.043023087,0.0610091,-0.29622605,-0.00035450928,0.005726675,-0.04303644,-0.033096503,0.0,-0.113182716,0.25682247,0.09031009,0.0,0.08253451,0.0,0.025577152,0.0,-0.0011104592,0.0,0.08185637,0.0,-0.05993913,0.0,0.06811367,0.19266704,0.35790545,0.1282114,0.021184087,0.26585057,0.0061776196
-0.06992346,0.960071,-2.1922143,0.4691625,-0.008205451,0.026414048,-0.10511626,-0.030900812,0.0,-0.011364262,-0.29247698,-0.4223012,0.0,0.06514856,0.0,0.017738026,0.0,-0.0066506797,0.0,0.066092126,0.0,-0.07808837,0.0,-0.24939594,-1.0793425,0.21360032,-0.7455455,0.010388745,-0.15983495,-0.025499897
-0.036456063,-0.28461775,0.3832883,-0.31436962,0.026208594,0.0062016626,-0.10246911,-0.03393626,0.0,0.1038944,0.21184388,0.06791644,0.0,0.07543047,0.0,0.066207334,0.0,0.0052898596,0.0,0.07142117,0.0,0.10229192,0.0,0.16995876,-0.69947594,0.24023348,-0.35785013,0.006782331,0.26165935,-0.0032620474
-0.019880887,0.7448007,0.32693207,0.12876113,0.053194795,-0.011413293,0.031290967,-0.017752102,0.0,0.19507574,0.26017728,0.091260426,0.0,0.07999545,0.0,-0.069760405,0.0,-0.0020649238,0.0,-0.27467662,0.0,-0.04609551,0.0,0.046718888,0.20280498,0.2960468,0.15306051,0.003672941,0.16328013,0.007826318
-0.02338531,-0.06844933,-0.18917899,0.13652186,0.048762884,-0.0067366078,0.029590266,-0.08886371,0.0,-0.13530026,0.14436065,0.047872413,0.0,0.062343292,0.0,0.035070576,0.0,0.0028455872,0.0,-0.31428897,0.0,-0.07007796,0.0,-0.07836016,0.083002746,-2.1116838,0.063222595,-0.011309893,0.36854836,0.0014813226
0.04857775,-0.88556904,0.019332904,-0.080797285,0.024388984,0.01389149,0.021842482,-0.037466466,0.0,0.101242244,0.23462385,0.047327794,0.0,-0.2532719,0.0,-0.07194493,0.0,0.014404522,0.0,0.07931859,0.0,-0.10534975,0.0,-0.10341255,0.2350297,0.30100775,0.04124221,0.0020598765,-0.20212571,0.018260399
0.14900163,0.2931267,-0.3631698,-0.118140236,-0.04766331,0.0067480393,0.013580487,-0.033330273,0.0,-0.13804404,-0.47937497,0.109500416,0.0,0.06220614,0.0,0.07357498,0.0,-0.0010498585,0.0,-0.29489338,0.0,-0.061993744,0.0,0.08106519,0.11841568,0.30460984,0.0756051,-0.057521615,-0.18663996,-0.0029938996
-0.0533775,-1.0053043,-0.6375772,-1.1205109,0.033851825,0.00597378,0.06394334,-0.053631734,0.0,0.09203518,-0.20293818,-0.35202506,0.0,0.018035332,0.0,-0.022160802,0.0,-0.0029499158,0.0,0.030058354,0.0,-0.07481368,0.0,-0.06552896,0.09217006,-1.5749955,-0.18622312,-0.12301692,-0.13425729,0.016271994
0.19537577,0.5296173,-0.119728655,-0.0076569733,0.0045583,-0.002970847,0.015091582,-0.040682357,0.0,-0.108288705,0.20281535,0.105848126,0.0,0.085553765,0.0,0.06506568,0.0,8.2737184e-05,0.0,0.054593388,0.0,-0.06551921,0.0,-0.057943676,0.25964192,0.37550184,-0.21596482,0.007525304,0.18733303,0.0014358581
0.24215399,-0.17644338,-0.002715796,-0.32020822,0.020613141,0.09666616,0.07830403,0.4286498,0.0,-0.06662425,-0.37693396,0.055546,0.0,-0.18288518,0.0,0.018379591,0.0,0.00034747738,0.0,0.102138415,0.0,-0.0869631,0.0,0.11167465,0.13752165,0.27839437,-0.09312856,0.0029480425,-0.15882093,-0.002129328
-0.02898217,-0.5544873,-0.35215935,-0.3148867,-0.00965649,0.009333502,0.039326448,-0.06940336,0.0,0.031783365,-0.4844242,0.08291933,0.0,0.08445259,0.0,0.026800996,0.0,-0.001946622,0.0,0.07081341,0.0,-0.056539085,0.0,-0.06277491,0.17038374,0.275185,0.12153316,0.023675837,0.29669446,0.010817734
-0.06478574,-0.7865056,-0.10669078,-0.15173122,-0.0660502,0.014564228,0.044148624,-0.04580046,0.0,0.14215732,-0.31422344,0.052749015,0.0,0.08226907,0.0,-0.08501442,0.0,-0.0041626133,0.0,-0.33552754,0.0,0.060950384,0.0,0.11908282,-0.5303371,0.22912072,0.086601034,0.0033165095,0.2113733,0.033935554
-0.038907383,1.1401478,0.23813796,0.13638854,-0.0061184075,0.009777395,-0.1407571,-0.032604262,0.0,-0.07711052,0.2694066,0.1168538,0.0,0.10474927,0.0,0.055611603,0.0,-0.0011104592,0.0,0.10478721,0.0,-0.036681846,0.0,0.06181754,0.23269007,0.39948565,-0.2237382,0.013300246,0.18176103,0.0078082304
-0.039654646,-0.5061236,-0.111955725,-0.14041413,-0.027856523,0.04502314,-0.24900982,0.25825295,0.0,-0.0036867594,-0.33283696,0.05440313,0.0,-0.21139331,0.0,0.030742597,0.0,-0.0021135153,0.0,0.055962235,0.0,-0.038579464,0.0,-0.08777544,0.19521321,0.2937618,-0.12901711,0.005637378,-0.1530661,0.033143945
-0.01980985,0.47341734,-0.088854596,-0.012618837,0.012479667,-0.00024208904,0.057275265,0.2542576,0.0,-0.09578228,-0.37591654,0.12975019,0.0,0.08916646,0.0,0.029566253,0.0,0.008064024,0.0,0.09769431,0.0,-0.082713366,0.0,-0.05856418,0.20903598,0.29435006,0.11910859,0.009934712,0.28830478,0.00650854
-0.00836286,0.11331015,-0.61442655,-0.14745203,-0.0067244796,0.0049042185,-0.12539816,-0.04233352,0.0,-0.11322517,-0.5046406,-0.793301,0.0,0.05134671,0.0,0.0461313,0.0,-0.001946622,0.0,0.034914985,0.0,-0.06004844,0.0,-0.061196275,0.17527232,0.27750018,0.08220091,0.006961985,0.18422496,0.01944219
-0.037061565,-0.6064699,-0.25863206,-0.3183589,0.01887626,0.016214514,0.04930315,-0.07334884,0.0,0.0002758084,-0.24977614,0.045079615,0.0,-0.042961918,0.0,-0.026572682,0.0,0.0069596404,0.0,0.065646864,0.0,0.018140336,0.0,-0.25680092,-0.74158746,0.20595814,-0.13322438,0.016282767,-0.1789537,0.022066755
-0.044615377,-0.40562975,-0.46671116,-0.21263188,-0.018893482,0.051564753,0.09802076,-0.05216983,0.0,-0.0500527,-0.23826812,0.05966857,0.0,0.024366383,0.0,0.00803408,0.0,0.004739467,0.0,0.067957945,0.0,-0.034664318,0.0,0.25074178,-0.5711499,0.2527217,-0.2129582,-0.09255425,-0.1330787,0.0070459633
-0.03217247,0.5953904,0.05543174,-0.045874476,0.0013084264,-0.00234245,0.025280401,-0.051957153,0.0,-0.12313516,-0.34717676,0.12738585,0.0,0.091992654,0.0,0.07649639,0.0,-0.0023788305,0.0,0.07203474,0.0,0.06164368,0.0,-0.056723148,0.21637668,0.34959307,0.11320029,0.00752365,0.2665839,0.0091162305
-0.056127034,-1.7355132,-0.6225839,-0.5503017,-0.059964962,0.01863424,0.056092553,-0.06862232,0.0,0.07025271,-0.20553932,-0.36870417,0.0,0.19885722,0.0,-0.08172769,0.0,0.037385993,0.0,0.15485539,0.0,-0.45022652,0.0,-0.082440875,0.09185189,-1.5107917,0.10316041,0.07479707,-0.23809236,0.014290778
-0.049381413,-0.04840953,-1.3255044,-0.070315495,-0.0156065915,-0.0033016682,0.060840886,-0.057015255,0.0,-0.14153838,-0.51709026,-0.69704044,0.0,0.052015625,0.0,0.036244635,0.0,-0.00676109,0.0,0.04484472,0.0,-0.090651,0.0,-0.08655266,0.21113573,0.28894782,0.4127826,0.008492729,-0.15694328,-0.057697605
-0.024580158,-0.1205412,-0.24606413,-0.17815642,-0.003441865,0.0043085767,-0.12264871,-0.05097154,0.0,-0.118864104,-0.32763568,-0.437866,0.0,0.043985818,0.0,0.06772172,0.0,-0.0012183988,0.0,0.032055497,0.0,-0.07693237,0.0,-0.290366,-0.77161896,0.20213,0.084263444,-0.054572053,-0.14303213,0.016559783
0.13305713,-0.62794167,-0.15342723,-0.29179984,-0.008707781,0.009746084,0.01678169,-0.055548903,0.0,-0.175932,0.25185603,0.07433767,0.0,0.09378714,0.0,0.037005514,0.0,-0.0007822714,0.0,0.089795075,0.0,-0.07195002,0.0,0.07550661,0.16957982,0.3179369,0.059503693,0.008189148,0.2232471,-0.0107730115
-0.03623635,-0.5256204,-0.12844995,-0.30866995,-0.03136903,0.14074239,0.07990136,0.38743636,0.0,0.0038592536,-0.3483699,0.054676924,0.0,-0.20068747,0.0,-0.01836194,0.0,-0.001544734,0.0,0.07419409,0.0,0.07451381,0.0,-0.08797322,0.20204002,0.29090428,-0.11738292,0.026419643,-0.1982148,0.03469697
-0.045221724,-0.78382057,-0.44075778,-0.29503545,-0.052463003,0.0077869543,0.051218748,-0.048239943,0.0,0.03942156,-0.20320547,-0.29724222,0.0,0.07688069,0.0,-0.022551093,0.0,-0.01773468,0.0,0.014079091,0.0,-0.0785632,0.0,-0.06726032,0.0964143,-1.57705,-0.18733525,0.0029525533,-0.21251035,-0.18152858
-0.029311743,0.54071754,-0.20297103,-0.10287125,-0.012976332,-0.0023815194,0.016362032,-0.04680927,0.0,-0.13680394,0.21445227,0.10978359,0.0,0.08822335,0.0,0.046302255,0.0,-0.0014857298,0.0,0.087271295,0.0,-0.062528916,0.0,-0.05896272,0.2554543,0.3926923,0.118916415,0.007634394,0.23026143,0.009761243
-0.026062172,0.76122385,0.17573264,-0.03210296,0.034315035,-0.0035339529,0.01825569,-0.018740073,0.0,-0.16005315,0.28833708,0.09011486,0.0,0.07653299,0.0,0.03151778,0.0,-0.00056551234,0.0,-0.25985357,0.0,-0.028685737,0.0,0.061513394,0.21251677,0.42374378,0.10759342,-0.047482997,-0.12694268,0.0037323567
-0.02452229,0.6487906,-0.053472683,0.08199215,-0.023761872,-0.0072755544,0.06994945,0.21932474,0.0,-0.05053518,-0.30675402,0.11513987,0.0,-0.30620107,0.0,-0.051502693,0.0,-0.003779678,0.0,0.080987506,0.0,-0.033951484,0.0,0.05395355,0.19247092,0.30581862,0.13811302,-0.0005140592,0.23151308,0.0200693
-0.044102926,-0.30738607,-0.07963201,-0.20255958,-0.046505984,-0.01258785,0.020827018,-0.029962717,0.0,0.16814396,-0.46733588,0.051510777,0.0,-0.16064239,0.0,-0.009853461,0.0,0.005785699,0.0,-0.21204717,0.0,-0.05383335,0.0,0.09089102,0.10032602,0.3010121,-0.14712502,0.027906599,-0.16052109,0.011871321
0.011859471,-1.1202375,0.5414094,0.02536488,-0.007630032,-0.006067885,0.07793106,-0.03725334,0.0,0.12142305,0.27883503,0.06569443,0.0,0.12200227,0.0,-0.110243134,0.0,0.023034556,0.0,0.11615599,0.0,0.14618474,0.0,0.015643474,0.1614017,0.24246068,0.109339714,0.004731929,0.31543404,0.031082854
-0.05254332,-0.41580266,-0.18891251,0.08400814,0.045604397,0.022522323,-0.37787774,-0.008470244,0.0,0.09520321,0.18073393,0.038870078,0.0,-0.16472091,0.0,-0.047460385,0.0,-0.0014377929,0.0,0.14440916,0.0,0.1027762,0.0,0.28096998,-0.697682,0.17073126,-0.20131983,-0.1405972,-0.133594,0.051553875
-0.06529512,0.7722373,-0.10277079,-0.0704334,-0.011047662,0.0055920747,-0.06678208,-0.027527336,0.0,0.06844378,-0.32963693,0.10405476,0.0,-0.32557812,0.0,0.058740605,0.0,-0.006083914,0.0,0.053423032,0.0,-0.048444785,0.0,-0.07648617,0.25600746,0.35797712,-0.21147726,-0.0027350364,-0.16700938,-0.100536525
-0.021242669,-1.1224618,0.5958277,-0.09144319,0.011418835,-0.006056979,0.05760662,-0.04056394,0.0,0.10261229,0.17425478,0.06900542,0.0,0.11385778,0.0,-0.113306105,0.0,0.020412972,0.0,0.09549075,0.0,0.1671303,0.0,0.1308991,-0.61389214,0.18852977,0.09321174,0.004715367,0.3459494,0.011504917
-0.06793926,-0.5496316,-0.14047632,-0.12542555,0.048615392,0.018990679,0.031500325,-0.037220724,0.0,0.15957172,-0.2590478,0.04558141,0.0,-0.17380765,0.0,-0.04876758,0.0,0.003996177,0.0,-0.20336285,0.0,-0.0627418,0.0,0.2636624,-0.4370889,0.25507724,0.054212708,-0.000773081,-0.12911694,0.04601227
-0.02338702,-0.20258443,-0.043887574,0.32398918,0.042026017,-0.010630412,0.011459152,-0.050174166,0.0,0.08834196,-0.21330109,0.05030872,0.0,-0.1978344,0.0,-0.050870247,0.0,0.0037178805,0.0,0.06235257,0.0,-0.07022333,0.0,0.27693397,-0.4803963,0.23871295,0.0744023,0.0572925,-0.13497669,0.05038458
-0.024241542,-0.116485246,0.063658886,-0.30162883,-0.004079174,-0.0043245065,0.025107114,-0.019130317,0.0,0.12250605,0.28526658,0.08518817,0.0,0.08313105,0.0,0.024554992,0.0,-0.0008163913,0.0,0.07621615,0.0,0.033943143,0.0,-0.09882984,0.25065592,0.36371756,0.124965504,0.021394938,-0.2584897,0.0055265846
0.31653473,0.9469185,-0.232897,0.172392,-0.011818673,0.056386176,0.045806818,0.24415654,0.0,0.0004010559,-0.34653023,0.13573731,0.0,0.09393648,0.0,0.047999408,0.0,-0.00037815515,0.0,0.12569287,0.0,-0.08316618,0.0,-0.057902627,0.2229871,0.3015725,-0.1983229,0.015562444,0.23911078,-0.005428791
0.1158147,0.52856207,-0.07110344,-0.03314499,0.02093971,-0.00037043262,0.0569677,0.27559662,0.0,-0.09667001,-0.3217372,0.13059519,0.0,0.09115138,0.0,0.035112202,0.0,0.004523633,0.0,0.12141488,0.0,-0.08227496,0.0,0.06828533,0.18692653,0.29201448,0.1002952,0.011355772,0.25069883,-0.00053442764
0.11326559,0.03267603,0.2828121,-0.22151698,-0.006891107,0.0040961993,0.032825273,-0.023626164,0.0,0.16997987,0.25992948,0.0947822,0.0,0.06597252,0.0,0.06961392,0.0,-0.0008811143,0.0,0.070375234,0.0,0.08922665,0.0,0.076009564,0.18368997,0.31657106,0.12748696,0.009564044,0.23495793,-0.0068970122
0.11691735,-0.4222342,-0.027320933,0.072527654,0.005407169,-0.006994535,0.01730696,-0.040779103,0.0,-0.017926866,0.27479634,0.070843406,0.0,0.08484737,0.0,-0.026361292,0.0,-0.00067638536,0.0,0.07903206,0.0,-0.06330021,0.0,-0.06983083,0.20540622,0.32740372,0.102923974,-0.004545433,0.26803893,-0.00047279563
-0.036832146,-0.30244228,-0.43732965,0.19227844,0.07209765,0.00096873636,0.049053088,-0.037147213,0.0,0.1059426,-0.22868502,-0.34763166,0.0,0.030865356,0.0,0.023804193,0.0,-0.0013288092,0.0,0.03278004,0.0,-0.077484205,0.0,-0.060175736,0.09335285,-1.5273697,-0.18922378,0.0047738454,-0.111633435,0.012656607
-0.06724741,1.17641,-0.21195953,0.07494984,-0.015388257,0.028340984,-0.111408405,-0.026601028,0.0,-0.017681913,-0.38542506,0.11927792,0.0,-0.30926764,0.0,0.029178185,0.0,-0.0067866733,0.0,0.10163799,0.0,-0.05876646,0.0,-0.07379473,0.24683246,0.3702441,0.09494447,-0.0001914002,-0.1742052,-0.10612327
-0.031189201,0.4697478,0.17795308,-0.16402633,0.0018713837,-0.00064837286,0.018910566,-0.040031116,0.0,-0.12764978,0.30383903,0.09491577,0.0,0.08061351,0.0,0.04871814,0.0,0.002828801,0.0,0.060150687,0.0,-0.04363764,0.0,0.066336244,0.22169866,0.3751429,-0.3000616,0.006630754,0.16545376,-0.0073518767
-0.043672677,1.0180466,-0.17514317,0.15616108,-0.017899761,-0.0056165513,0.029317021,-0.041732427,0.0,-0.03582724,-0.38277125,0.14565606,0.0,0.113238014,0.0,-0.044356387,0.0,-0.0029476117,0.0,0.1054796,0.0,-0.034074806,0.0,-0.056471787,0.21909663,0.3572904,0.12931946,0.007124133,0.23595937,0.00029882067
-0.058377262,-0.122853,-0.63376766,-0.2891282,0.008270362,-0.013106659,-0.10219814,-0.038267225,0.0,-0.13140288,-0.22267476,-0.34048355,0.0,0.045398135,0.0,0.09178249,0.0,-0.0065192226,0.0,-0.0009768573,0.0,-0.08558777,0.0,-0.06823517,0.099843256,-1.7218328,-0.17367278,0.006000837,-0.10139688,-0.05430855
-0.061584145,1.3102965,-0.7447144,0.47904423,-0.012013042,-0.011989248,0.029188406,-0.03720491,0.0,-0.061798934,-0.43470818,-0.4615341,0.0,0.07692406,0.0,0.021810777,0.0,-0.00676109,0.0,0.1402412,0.0,-0.08436872,0.0,-0.07681278,0.26204956,0.34476358,0.12837091,0.03837377,-0.18058467,-0.00086550205
-0.009382356,-0.77735525,-0.0649895,-0.20948496,-0.079502136,0.002157868,0.044303745,-0.023254473,0.0,-0.17713664,0.27627817,0.052664414,0.0,0.046495274,0.0,0.075007625,0.0,-0.0039321133,0.0,-0.41719753,0.0,0.13959666,0.0,0.05291735,0.14224605,0.29691356,0.05311484,0.014111816,0.22380677,0.031126983
0.1827094,-0.5359965,0.013809621,0.06216393,-0.06112925,0.01142499,-0.102512956,-0.036206175,0.0,-0.08351471,-0.43311793,0.0679341,0.0,0.07029567,0.0,-0.06530616,0.0,-0.001444895,0.0,-0.38670668,0.0,0.024345174,0.0,0.06022734,0.09446821,0.27633956,0.07076443,0.001616114,0.168549,-0.0034128104
-0.05770747,-0.50051904,-0.37843028,-0.3121929,-0.011434176,0.0021133798,0.028017757,-0.05551952,0.0,-0.11054948,-0.21764034,-0.3340454,0.0,0.058501277,0.0,0.0061561856,0.0,-0.00676109,0.0,0.031595152,0.0,-0.11303958,0.0,-0.07047729,0.10558716,-1.697362,-0.15500395,0.040245198,-0.12317431,-0.060118843
-0.043289594,-0.33536595,-0.25054032,-0.36888337,0.026626755,-0.007162887,0.031854622,-0.035551008,0.0,-0.016940199,-0.26905853,0.059239544,0.0,0.053631775,0.0,-0.03772649,0.0,-0.0014602658,0.0,-0.16914752,0.0,-0.054183554,0.0,-0.23926829,-0.80923396,0.20970722,-0.18894249,0.024916802,-0.19173145,0.016430551
-0.04124799,-0.80941427,-1.0048598,-0.29201758,0.0065646106,0.0025664412,-0.09784989,-0.05594734,0.0,-0.14329913,-0.20990679,-0.38336948,0.0,0.022690376,0.0,0.015560308,0.0,-0.0010869419,0.0,0.0037279015,0.0,-0.077164054,0.0,-0.057354696,0.10533237,-1.658517,-0.12272585,0.04505468,-0.12371415,0.010603638
-0.024172485,-0.5517282,0.23727877,-0.3276923,-0.01018716,-0.031500235,0.039486907,-0.027540104,0.0,0.1429698,0.30894098,0.07353414,0.0,0.093452044,0.0,-0.18570507,0.0,-0.0029202409,0.0,0.08334671,0.0,0.12787001,0.0,0.071009584,0.15659744,0.30644545,0.13465445,0.0035193032,0.24268647,0.0028436587
-0.05368276,-0.8571886,-0.9257592,-0.8631295,0.0318154,0.0015758434,0.059940714,-0.04855466,0.0,-0.05241995,-0.18991712,-0.34707046,0.0,0.03284881,0.0,-0.031662244,0.0,-0.003191783,0.0,0.03878587,0.0,-0.09029782,0.0,-0.05715279,0.092872165,-1.633919,-0.1382549,0.012460669,-0.12914146,0.01451158
-0.058972258,-1.3044891,0.28100657,-0.325364,-0.042220235,0.016985392,0.03477009,-0.08649745,0.0,-0.046937454,-0.18990684,-0.34008005,0.0,0.17891578,0.0,-0.09164908,0.0,0.037385993,0.0,0.11180065,0.0,-0.43880802,0.0,-0.07805226,0.09645762,-1.5597478,-0.18163916,0.1013554,-0.23802611,0.011805564
-0.039641485,-0.49230984,-0.17503145,-0.13663548,0.004321349,0.006537529,-0.012290163,-0.062089663,0.0,0.0693375,-0.25694385,0.06959098,0.0,0.07462799,0.0,-0.03309847,0.0,0.006367608,0.0,0.07833466,0.0,-0.060335357,0.0,-0.26644295,-0.81516445,0.20630102,-0.24924646,-0.0011415931,-0.21817471,0.012400495
0.44976002,-0.33758748,-0.33145833,0.07722815,-0.0011768418,0.007779525,0.044739727,-0.06404588,0.0,-0.02202186,-0.16786356,0.055070765,0.0,0.059432488,0.0,-0.0005990339,0.0,-0.0018245826,0.0,0.07693708,0.0,-0.03290371,0.0,-0.07980635,0.08916072,-1.6385171,-0.1721298,0.0074396804,-0.13097169,0.07898973
-0.009272248,0.5680108,-0.18300666,-0.004407132,-0.0038275002,-0.0023815194,0.022309296,-0.034523122,0.0,0.1281877,0.26232535,0.10094562,0.0,0.109043844,0.0,0.07345044,0.0,-0.0014857298,0.0,0.08438731,0.0,-0.068142295,0.0,-0.062004026,0.25778645,0.38762465,0.13306753,0.004548376,0.24880935,0.011387021
-0.0023520696,-1.3483083,-0.063590966,-0.16564861,0.020749321,0.01148947,0.021472698,-0.033566236,0.0,-0.13723205,0.25352982,0.04730919,0.0,0.022998944,0.0,-0.10401647,0.0,0.0059913276,0.0,-0.2859321,0.0,-0.1393395,0.0,0.09910843,0.14584184,0.30520007,-0.11113767,-0.09473555,-0.24470547,0.026234252
-0.060412593,0.28121406,-0.6076757,-0.06680878,-0.0018624926,0.0040751626,-0.11673004,-0.029787336,0.0,-0.07481881,-0.29244146,-0.52959776,0.0,0.06474096,0.0,0.019211562,0.0,-0.0066506797,0.0,0.022541892,0.0,-0.081468165,0.0,-0.26057968,-0.84175396,0.21224658,-0.16899592,0.0073471214,-0.11216313,-0.07356156
0.19841222,0.020106744,0.1258893,-0.3170462,-0.012996145,-0.015819613,0.017361654,-0.027555676,0.0,-0.12055429,0.2983333,0.082642674,0.0,0.08014765,0.0,0.020206885,0.0,-2.1434505e-05,0.0,0.076549165,0.0,0.09620171,0.0,0.10709393,0.18795589,0.35335007,-0.20693229,-0.081049584,-0.14287698,-0.010981665
-0.034693476,-0.39332852,-0.13167965,-0.14678843,0.029135307,0.014923485,0.027249886,-0.060213555,0.0,-0.058061894,-0.5052189,0.067778155,0.0,0.06275293,0.0,-0.05124549,0.0,-0.0020599235,0.0,-0.30754572,0.0,0.053672697,0.0,0.051051613,0.1212399,0.29115492,0.08613624,0.020524682,0.22529134,0.0049364907
0.17012475,-0.44988027,0.0004946642,0.20513575,0.007846283,-0.005510923,0.0087717725,-0.03838276,0.0,0.008991777,0.2642316,0.07158424,0.0,0.07329175,0.0,0.021898957,0.0,8.2737184e-05,0.0,0.057742298,0.0,-0.0798789,0.0,-0.068536155,0.20994684,0.32046306,-0.2236034,-0.011457983,0.26048496,0.0008017545
0.038139123,-0.41198736,0.2390529,-0.22287649,-0.07367731,0.015380508,0.042315915,-0.033318788,0.0,-0.20148577,0.17635763,0.043388695,0.0,0.041578956,0.0,0.10610008,0.0,0.0015731216,0.0,-0.3112819,0.0,0.14154124,0.0,0.13929094,-0.6131822,0.22806282,0.08200754,0.014088531,0.23276232,0.005560336
-0.03489689,0.52143687,0.19529606,-0.030478794,0.0016132139,0.005445257,0.039882347,-0.021491682,0.0,0.13262275,0.34535572,0.10064628,0.0,0.06080959,0.0,0.03461593,0.0,-0.0006364627,0.0,0.07359847,0.0,0.12004616,0.0,0.093190454,0.22260204,0.36800438,-0.28813297,0.0065209297,-0.12769629,0.003365582
-0.032002397,1.0791178,-0.043799885,0.010966858,-0.006144389,-0.003971048,-0.05356677,-0.031591464,0.0,-0.094605684,0.27639186,0.12028745,0.0,0.0958144,0.0,0.04786829,0.0,-0.0014857298,0.0,0.12741357,0.0,-0.045932427,0.0,-0.05689137,0.2575634,0.40571082,0.113366455,0.0129464725,0.23803435,0.009555971
0.001705548,-0.6772375,0.29265395,-0.27474952,-0.044617593,0.014240429,-0.03764889,-0.007459394,0.0,0.11351702,0.14739996,0.038474444,0.0,-0.21096973,0.0,0.06588042,0.0,0.0029620316,0.0,-0.27266297,0.0,-0.09873911,0.0,0.2839271,-0.5770898,0.24392577,0.10703533,-0.012405626,-0.13385852,0.050587397
-0.058386113,-0.050073758,-0.11366174,-0.1869926,0.008935982,0.01285371,-0.0703381,-0.03485178,0.0,-0.15807436,-0.2281658,-0.33586383,0.0,0.041550204,0.0,0.09431624,0.0,-0.00676109,0.0,0.003996813,0.0,-0.08561768,0.0,-0.06810194,0.10044051,-1.7237877,-0.16792424,0.041853078,-0.12888286,-0.052159492
-0.035424486,-1.2631977,-0.5451763,-0.42268485,-0.023369128,0.007011194,-0.13735345,-0.051473588,0.0,-0.0091517605,-0.24962668,-0.40748635,0.0,0.06456622,0.0,-0.04619974,0.0,-0.017866137,0.0,0.01100144,0.0,-0.06515151,0.0,-0.25625125,-0.77257514,0.19669296,-0.19115056,0.0070406524,-0.23449636,-0.195581
0.20396116,-0.50453186,0.10733196,0.1273261,0.0039254697,0.006212474,-0.0372629,-0.026851887,0.0,0.05030771,0.29208454,0.06790978,0.0,0.102284156,0.0,-0.0123876855,0.0,-0.0011218234,0.0,0.07617242,0.0,-0.04286677,0.0,-0.11669587,0.24507892,0.31680346,0.09570861,-0.017653292,-0.19992879,0.001610268
-0.036195923,0.26607534,-0.43547642,-0.015980396,-0.018115418,0.0039138277,-0.090819664,-0.028381534,0.0,-0.08716123,-0.2921639,-0.5184957,0.0,0.04283432,0.0,0.026945058,0.0,-0.0012183988,0.0,0.02115776,0.0,-0.061110526,0.0,-0.25085378,-0.8235891,0.21151341,-0.13533476,-0.12252292,-0.13702849,0.020956859
-0.058961794,0.26865062,-0.39151177,-0.056664392,0.012973118,-0.0027149075,0.03449097,-0.03605003,0.0,-0.08376817,-0.5157964,-0.6042498,0.0,0.058734156,0.0,0.023338875,0.0,-0.00676109,0.0,0.008788491,0.0,-0.0900072,0.0,-0.08404271,0.20631245,0.29286516,-0.16901752,0.0052181543,-0.10778917,-0.06168
-0.041251134,0.39994642,0.64657325,-0.39431086,-0.026586289,-0.0100820605,0.020008445,-0.016384263,0.0,0.14396445,0.3501751,0.077771984,0.0,0.06139658,0.0,0.11132528,0.0,-0.0060687433,0.0,-0.29559365,0.0,0.09617534,0.0,0.092245206,0.17938851,0.36456522,0.13022226,0.007152105,-0.18269497,-0.037851777
-0.028244972,-1.1329579,-0.75812525,-0.32784203,0.018091287,-0.0014710615,-0.19940732,-0.04196773,0.0,0.064509064,-0.20500469,-0.36870417,0.0,0.061073884,0.0,-0.017422063,0.0,-0.012302399,0.0,0.069573686,0.0,-0.07661786,0.0,-0.06167463,0.09694464,-1.6119401,0.088632606,0.0041207657,-0.21231373,0.014121344
-0.023643585,-0.6505789,0.29828823,-0.2422261,0.012731574,0.008758447,0.030223632,-0.044041615,0.0,0.17300938,0.30896902,0.07602745,0.0,0.08859777,0.0,0.12479549,0.0,0.0030241394,0.0,0.09880686,0.0,0.16966043,0.0,0.07463796,0.15308185,0.30067477,0.1320636,0.006747379,0.25720745,-0.003866251
-0.0229604,0.5651574,0.5218839,0.06891449,-0.010726403,-0.0055628736,0.05413323,-0.028011533,0.0,0.19109726,0.34035558,0.10418285,0.0,0.07741787,0.0,-0.09272332,0.0,-0.0013955852,0.0,0.106432855,0.0,0.114878036,0.0,0.09395207,0.19892989,0.3754175,0.13289894,-0.046589307,-0.1447722,0.002611937
-0.033334196,-0.03242146,-0.46184018,-0.2618946,-0.01602097,-0.0037548288,0.030095363,-0.039310563,0.0,-0.11423843,-0.25431252,-0.48938015,0.0,0.029133387,0.0,0.0702321,0.0,-0.0014602658,0.0,0.01761341,0.0,-0.12077239,0.0,-0.27221024,-0.7906622,0.19804016,-0.18973158,-0.054703366,-0.15196237,0.026495544
-0.055364635,-0.51044905,0.4533667,-0.103129454,0.00038962017,0.013445417,-0.015202578,-0.060135234,0.0,-0.0008211169,-0.43501955,0.05554221,0.0,-0.48268443,0.0,-0.008102579,0.0,-0.007787663,0.0,0.08286827,0.0,-0.043823447,0.0,-0.08644138,0.19220686,0.2902571,0.07706707,0.015607034,-0.18167616,-0.13370761
0.14803515,-0.5591371,0.25333008,-0.24843298,0.041567057,0.028201962,0.037014473,-0.020547964,0.0,0.09303276,0.2889075,0.045725692,0.0,-0.19333342,0.0,-0.10421219,0.0,-0.0013891894,0.0,-0.20728616,0.0,0.12481683,0.0,-0.09979305,0.21768175,0.29403323,0.05740316,-0.006991473,-0.20499253,0.00043641188
-0.05866821,0.29156488,-0.116014406,0.053229745,-0.001457803,-0.0027149075,0.049304496,-0.029829891,0.0,0.10497032,-0.52283126,-0.60894656,0.0,0.06811938,0.0,0.04969977,0.0,-0.00676109,0.0,0.030472638,0.0,-0.08682892,0.0,-0.08861664,0.19818291,0.29016522,-0.18843359,0.0036911708,-0.1133261,-0.08011281
0.18445599,-0.25258926,-0.33413646,-0.20004542,-0.016833145,0.004396434,0.019350348,-0.055459455,0.0,-0.08170747,-0.28864765,-0.39676335,0.0,0.034192678,0.0,0.07070403,0.0,0.0001082012,0.0,0.018635968,0.0,-0.124336764,0.0,-0.2824427,-0.77942693,0.16414264,-0.13014185,-0.37252986,-0.14179572,0.005883796
-0.045331024,-0.30644193,0.2576957,0.51455766,0.06259483,0.001382163,-0.0971013,-0.03270901,0.0,-0.091408834,-0.18937221,-0.28954023,0.0,0.08350887,0.0,0.0323952,0.0,-0.017976549,0.0,0.040328626,0.0,-0.06924985,0.0,-0.0697887,0.09721279,-1.6435772,-0.16015595,0.049367666,-0.1479963,-0.12882556
-0.066159435,0.5510068,-0.21012166,-0.119066745,-0.01599701,-0.011411908,0.038779657,-0.03871393,0.0,-0.03910654,-0.38076347,-0.7172272,0.0,0.050893754,0.0,0.039613303,0.0,-0.00676109,0.0,0.11129292,0.0,-0.08439125,0.0,-0.07861376,0.23349422,0.32912955,-0.17255303,0.006682944,-0.087393895,-0.03741749
-0.015463614,-0.39878684,0.42893162,-0.064830154,-0.082079,0.016640022,0.04444611,-0.02476048,0.0,0.11130885,0.14917478,0.035577692,0.0,0.03462699,0.0,0.08297198,0.0,0.0060045747,0.0,-0.34585398,0.0,0.14303239,0.0,0.03662983,0.07819922,-1.7227942,-0.18812628,0.005444511,-0.14469095,0.03350069
0.017680395,-0.7045368,0.6647847,-0.19793935,-0.13848202,-0.0043906854,0.08378547,-0.036772955,0.0,0.10637137,0.17385,0.069000855,0.0,0.110800065,0.0,-0.058460902,0.0,0.0022508295,0.0,0.07912422,0.0,0.14371584,0.0,0.117663495,-0.63895583,0.18603225,0.09112037,0.0039985557,0.1904802,0.011947277
-0.05562511,-0.4686721,-0.40900457,-0.45873743,-0.002287247,0.0063006887,-0.11041151,-0.053707868,0.0,-0.0020497115,-0.45502514,0.07501145,0.0,0.0720603,0.0,0.0029553394,0.0,-0.0065192226,0.0,0.05292292,0.0,-0.048453897,0.0,-0.10697476,0.20426267,0.28929082,-0.2381364,0.009665338,-0.20392781,-0.05250351
-0.05349683,-0.09404621,-0.39463463,0.12877604,0.041118085,-0.00487163,0.026924616,-0.030510353,0.0,0.0520609,-0.39509875,0.07727602,0.0,-0.22426899,0.0,0.07703658,0.0,0.030831173,0.0,0.061196674,0.0,0.091436796,0.0,-0.10213697,0.19443269,0.2949375,-0.21522138,0.007590246,-0.24100403,-0.07202257
-0.027273824,-1.5520102,-0.42575926,-0.12484874,-0.04258866,0.019867932,-0.10158274,-0.020285875,0.0,0.1266319,-0.1934437,0.035301965,0.0,-0.43717924,0.0,-0.098684944,0.0,-0.020100767,0.0,-0.32549778,0.0,0.057382774,0.0,0.053226236,0.053488888,-1.6693877,0.061259266,-0.021102918,-0.16028868,0.03648379
-0.054890804,-1.9783144,-0.38095564,-0.13598916,0.037437588,-0.19871473,0.024871673,-0.036509044,0.0,0.16522095,-0.21826665,0.048366234,0.0,0.1657016,0.0,-0.13484852,0.0,0.00024312758,0.0,-0.46883512,0.0,0.08046236,0.0,0.060181465,0.035929933,-1.7249069,0.09644814,0.055170123,-0.25129163,0.030593665
0.16812994,1.1617918,0.058673732,0.22838205,-0.004732459,-0.0032464468,0.03138986,-0.031785853,0.0,0.12751521,0.26465747,0.122904405,0.0,0.115847856,0.0,0.032240827,0.0,8.2737184e-05,0.0,0.12473209,0.0,-0.051187158,0.0,-0.062160507,0.2614597,0.39012617,0.10328689,0.011203994,0.22741815,0.002590015
-0.06747899,0.9884785,-0.37687695,0.35871726,-0.013591139,-0.013205825,0.018983338,-0.031418677,0.0,-0.012277395,-0.42298073,-0.43969402,0.0,0.075230755,0.0,0.035413127,0.0,-0.00676109,0.0,0.13188656,0.0,-0.08715698,0.0,-0.07654241,0.2535572,0.34584188,-0.19319136,0.043737248,-0.14792384,-0.0066308165
-0.047203694,-0.6927725,-0.37416896,-0.20644334,0.0118071595,-0.004412544,0.03580059,-0.05964999,0.0,-0.037959132,-0.43512377,-0.45313156,0.0,0.062061172,0.0,0.047297552,0.0,-0.00676109,0.0,-0.029480949,0.0,-0.114962,0.0,-0.10553248,0.19401288,0.2682696,-0.18646319,0.0049405075,-0.10899857,-0.061664563
-0.01933049,0.41735026,-0.066512644,-0.03739144,0.0010258536,-0.002379402,0.035546467,-0.03019524,0.0,0.17725638,0.31911707,0.09782419,0.0,0.115646504,0.0,0.04954335,0.0,-0.001676071,0.0,0.087303236,0.0,0.11271642,0.0,-0.06137849,0.24822845,0.38707358,0.13942751,0.006465153,0.23136625,0.0052122413
0.010531067,-0.64105994,0.53154576,-0.0021176364,-0.035045095,-0.01473362,0.0641791,-0.0234812,0.0,0.12396479,0.29416785,0.07375222,0.0,0.10359717,0.0,-0.1152061,0.0,0.0046288036,0.0,0.10729362,0.0,0.13691613,0.0,0.015732886,0.1614017,0.24123712,0.11408658,0.0058676642,0.19221044,0.028632851
-0.056460697,-1.7382965,-0.7467215,-0.55710256,-0.032001305,0.01537214,-0.19270845,-0.055930372,0.0,0.063862026,-0.20499441,-0.36870417,0.0,0.19936535,0.0,-0.07801374,0.0,0.037385993,0.0,0.14677085,0.0,-0.44066986,0.0,-0.082440875,0.09137447,-1.5466169,0.09141808,0.07513402,-0.23796688,0.013025867
-0.0335069,-0.33398327,-0.6833843,-0.4758976,-0.015454553,0.0075631007,-0.1608723,-0.03854446,0.0,0.10645433,-0.2360087,-0.36400765,0.0,0.04870531,0.0,0.0018780964,0.0,-0.0010869419,0.0,0.051774014,0.0,-0.050790776,0.0,-0.06027723,0.09963899,-1.578837,0.09070532,0.004747619,-0.11606517,0.011071099
-0.05868808,0.54691213,-0.29990134,0.12402524,-0.028249528,-0.0027149075,0.026525263,-0.03703849,0.0,-0.08609546,-0.39927587,-0.65995264,0.0,0.06301936,0.0,0.041021314,0.0,-0.00676109,0.0,0.033497445,0.0,-0.084799916,0.0,-0.07861376,0.23512545,0.3213945,-0.17482002,0.0077661797,-0.1256955,-0.06168
-0.041671578,-0.7956397,-0.13828258,0.068689115,-0.00068905763,0.14648952,0.09386901,0.19626428,0.0,-0.026899813,-0.14818606,0.031196162,0.0,-0.16628526,0.0,0.033940673,0.0,-0.014439452,0.0,-0.21732289,0.0,-0.07185134,0.0,-0.038657047,0.08993841,-1.7736418,-0.019565279,-0.017535249,-0.2409998,0.036290053
-0.01857046,0.59471035,0.31906992,0.036102362,-0.003542475,0.0060379445,0.040395122,-0.027245017,0.0,0.20841971,0.23497404,0.107973605,0.0,0.09416917,0.0,0.11386892,0.0,-0.0014961422,0.0,0.076099105,0.0,0.06833673,0.0,0.068998896,0.2169137,0.358564,0.137116,0.006667278,0.18823542,0.004465113
-0.0272324,-0.13033178,-0.10968718,-0.25850236,-0.016210059,-0.0045692427,0.012457759,-0.02167808,0.0,0.1341733,0.28195614,0.08603317,0.0,0.1054927,0.0,0.014385464,0.0,-0.00056551234,0.0,0.09460083,0.0,-0.107209824,0.0,0.11349053,0.17926255,0.37422296,0.12629578,0.005632198,-0.22076413,0.004830022
-0.031618103,1.1396208,-0.086625084,0.0053250617,-0.013136292,-0.004175438,0.015480142,-0.03869123,0.0,-0.106082834,0.2766625,0.12028745,0.0,0.08943293,0.0,0.038328353,0.0,-0.0014857298,0.0,0.123827785,0.0,-0.06259888,0.0,-0.05689137,0.2574859,0.40296444,0.11420956,0.012883455,0.24201159,0.009761243
-0.024468886,0.62466776,0.39763027,0.021945141,-0.004702147,0.0015492615,0.07588726,-0.023852685,0.0,0.1496921,0.31874672,0.10270485,0.0,0.08588155,0.0,-0.11550522,0.0,0.0061350986,0.0,0.06369334,0.0,0.11214387,0.0,0.01616176,0.2023098,0.31257212,0.17664386,0.004891632,0.17514318,-0.005216647
-0.039705604,-0.5439224,-0.08349142,0.03933671,-0.089845516,0.016680354,-0.048987377,-0.03417758,0.0,-0.012468152,-0.38839012,0.050040845,0.0,-0.015734766,0.0,-0.025664244,0.0,-0.001410756,0.0,-0.23691598,0.0,-0.032029122,0.0,-0.098623574,0.160822,0.28494006,-0.08547179,0.04775265,-0.19442219,0.031281937
0.13698988,-0.05403838,-0.01034814,-0.3154867,-0.03846697,-0.0059508975,0.02440573,-0.0050709667,0.0,0.14669691,0.27918583,0.07676671,0.0,0.08523419,0.0,0.024120849,0.0,-8.1972335e-05,0.0,-0.30944,0.0,0.12548946,0.0,-0.10702415,0.2289866,0.33265772,0.08625226,0.022097236,-0.24218643,-0.004308673
-0.021511994,-0.8065573,-1.509381,-0.38513494,0.006319088,0.0053004823,-0.19088054,-0.07391341,0.0,-0.09231691,-0.3509132,-0.6020805,0.0,0.03979527,0.0,0.047419067,0.0,-0.0020780785,0.0,0.033081137,0.0,-0.090777814,0.0,-0.14065729,-0.7129533,0.19432637,0.35379055,0.0072184843,0.34571302,0.010199193
0.20796238,-0.5986191,0.2965619,0.04406998,0.044418752,0.008451466,0.027056715,-0.043875374,0.0,0.18750027,0.27458844,0.07602745,0.0,0.09805338,0.0,0.097965956,0.0,0.0022706997,0.0,0.08889225,0.0,0.143838,0.0,0.08040326,0.16840746,0.28730252,0.09766197,0.006853896,0.2352551,0.0065268767
-0.041996077,-1.1761122,-0.1608291,-0.7139214,0.053139277,-0.04118696,0.06346789,0.3192351,0.0,-0.006681807,-0.30976,0.081625596,0.0,0.1018132,0.0,-0.026784612,0.0,0.008237954,0.0,0.15803756,0.0,-0.083702825,0.0,0.121116355,0.12824295,0.30408892,0.09919647,0.0084985085,-0.20456831,0.0077603334
-0.05582456,0.40607092,-0.6399472,0.009668273,0.009304665,-0.011311004,-0.092522934,-0.027544884,0.0,-0.0043348134,-0.25024945,-0.64569855,0.0,0.046024635,0.0,0.028474422,0.0,-0.0014602658,0.0,0.08388912,0.0,-0.060209937,0.0,-0.22657427,-0.97335577,0.22546983,-0.16310072,0.0056153936,-0.093084835,0.009672128
-0.07950053,0.7628473,-0.6190525,0.6195771,-0.00057234033,-0.006079889,-0.104731105,-0.026504591,0.0,-0.07557128,-0.19988929,-0.29794168,0.0,0.07997955,0.0,0.043022156,0.0,-0.00676109,0.0,0.12583251,0.0,-0.0611312,0.0,-0.059045013,0.11542855,-2.1660142,-0.19973044,0.009969249,-0.106017865,-0.02283843
-0.040010963,-0.5271098,-0.14358912,0.058122367,0.046092574,0.021775037,-0.07322026,-0.038973376,0.0,-0.018711112,-0.45636743,0.054933734,0.0,-0.14513075,0.0,0.078829624,0.0,0.0033641309,0.0,-0.14062577,0.0,0.06088476,0.0,-0.049843844,0.1600993,0.27569896,-0.13357382,-0.0059319525,0.2732801,0.01807899
-0.060280528,0.58712906,-0.43526307,0.15158819,0.023716925,-0.011411908,0.019210644,-0.035036642,0.0,-0.035288922,-0.3807532,-0.6398859,0.0,0.06693044,0.0,0.039303612,0.0,-0.00676109,0.0,0.08846569,0.0,-0.084056735,0.0,-0.07637418,0.25188795,0.32645854,-0.17869522,0.03081225,-0.118508495,-0.030498521
-0.095366985,-0.72723603,-0.34459183,-0.5344139,-0.0021098214,0.015777694,-0.099577054,-0.02332359,0.0,-0.05359553,-0.16824579,0.03361259,0.0,0.032008976,0.0,-0.072197795,0.0,0.0052369814,0.0,-0.216635,0.0,-0.042692117,0.0,-0.076103896,0.07149191,-1.7066203,-0.06864935,0.04238415,-0.12646386,0.049182165
-0.021206345,0.045978613,-0.23494643,0.07506611,0.049474247,0.008906596,0.03526684,-0.04391397,0.0,0.18650566,0.26124266,0.092015885,0.0,0.087881036,0.0,0.06924006,0.0,-0.0012438626,0.0,0.078440994,0.0,-0.054557253,0.0,-0.06250533,0.22457185,0.35293677,0.14280473,0.004693231,0.3043287,0.010146662
-0.04129377,-1.9716188,0.17104526,-0.3653894,0.1157487,-0.03310475,0.07734688,-0.015861008,0.0,0.101931356,0.13315718,0.033839475,0.0,-0.4532782,0.0,0.16334473,0.0,-0.0077165943,0.0,0.08972834,0.0,0.1517328,0.0,0.057140585,0.043188754,-1.9230719,0.07364703,-0.19207107,-0.10944615,0.03848671
-0.050728958,-0.12905529,0.17201631,-0.37529176,-0.04757525,0.04069986,0.028077595,-0.029968547,0.0,0.11632848,0.15474471,0.04450264,0.0,0.06776823,0.0,0.12085773,0.0,0.030577507,0.0,-0.28328007,0.0,0.12878627,0.0,-0.059886314,0.093479484,-1.7385378,-0.17922595,0.006338563,-0.16428214,-0.025525881
-0.036784634,0.0299429,-0.31646812,0.20706043,0.0060935146,0.0024298662,-0.15777536,-0.033258844,0.0,0.0861144,-0.22786255,-0.28813896,0.0,0.02434511,0.0,0.004597168,0.0,-0.0010869419,0.0,0.033722345,0.0,-0.040595442,0.0,-0.06030896,0.098515995,-1.5890087,-0.19519742,-0.044861678,-0.118121,0.011514474
-0.04176234,-0.4482911,0.16986126,-0.26809525,-0.013797426,-0.0063372115,0.013092868,-0.021586003,0.0,0.09882569,0.30177462,0.06812289,0.0,0.081196055,0.0,0.041719448,0.0,-0.00056551234,0.0,0.067905106,0.0,-0.00957777,0.0,0.1108009,0.18741147,0.35432765,-0.24276991,0.0030935896,-0.17870753,0.0059243743
-0.059687026,-0.50661504,0.0114418315,-0.21677111,-0.029442705,-0.012451064,0.018433455,-0.028617721,0.0,0.14410791,0.19803172,0.067175604,0.0,0.10023803,0.0,-0.08098891,0.0,0.004204479,0.0,0.08559153,0.0,-0.11450717,0.0,0.14767785,-0.6846341,0.23038332,0.120565414,0.002998057,0.26200765,0.02224422
-0.008500735,0.6111282,0.45377523,0.018235916,0.00021703057,0.004341537,0.043085273,-0.029853754,0.0,0.197815,0.23463173,0.107973605,0.0,0.093932234,0.0,0.115771785,0.0,0.0031512585,0.0,0.091444574,0.0,0.11198838,0.0,0.017434368,0.20075579,0.35830933,0.13712503,0.0075048064,0.18821587,-0.0033028177
-0.03698695,1.0477846,-0.10445586,0.12927343,0.003994588,-0.0045060106,0.014032514,-0.032823965,0.0,-0.10999954,0.26939687,0.11467326,0.0,0.087243214,0.0,0.056784358,0.0,0.0028455872,0.0,0.08935571,0.0,-0.064408354,0.0,-0.052881498,0.2634592,0.3974962,-0.26413226,0.012192791,0.2178694,0.0023727235
-0.04198448,-0.089047424,-0.8868672,-0.09382629,-0.017890751,-0.0032024167,0.028216653,-0.06043704,0.0,-0.13786513,-0.49737322,-0.80644053,0.0,0.0330253,0.0,0.05005265,0.0,-0.002188489,0.0,0.03823912,0.0,-0.08521642,0.0,-0.055125684,0.17945118,0.2641656,-0.21025527,0.032816716,0.21872689,0.014152074
-0.014951346,0.33888185,-0.019128723,-0.004904152,0.016460588,0.0028262557,0.05389087,0.256725,0.0,-0.09090631,-0.4693001,0.12278576,0.0,0.071476564,0.0,-0.009653328,0.0,-0.0020879318,0.0,0.10552599,0.0,-0.06500201,0.0,-0.080023244,0.20782967,0.33137465,0.12193988,-0.07286013,-0.21185121,0.014058412
-0.033512995,-0.5976336,-0.11721156,-0.060379706,0.028951656,-0.00933365,0.023801768,-0.022649793,0.0,0.09856568,0.29513505,0.04789228,0.0,-0.31572434,0.0,0.063975155,0.0,-0.0013621885,0.0,0.085142426,0.0,0.125698,0.0,-0.09725833,0.23927163,0.3356954,0.06881602,-0.01438415,-0.2252265,0.047202937
-0.037473474,-0.33966598,-0.31008834,-0.32166892,-0.029538289,0.008628942,0.031021694,-0.059124365,0.0,0.09837074,-0.28740954,0.06239245,0.0,0.060166933,0.0,0.08142792,0.0,-0.0012679915,0.0,0.09509076,0.0,0.055004597,0.0,0.26699495,-0.5197609,0.25625917,0.12735292,-0.057759,-0.15937516,0.010807794
0.122042105,0.030546186,-0.053386625,0.10475192,0.046448004,-0.0044812686,0.026135325,-0.042321727,0.0,-0.16862635,0.26101682,0.09117142,0.0,0.082364924,0.0,0.031984508,0.0,0.0001432749,0.0,0.08723271,0.0,-0.059368685,0.0,0.079092816,0.1850419,0.34592178,0.11086487,0.0076105604,0.22474833,-0.0025446182
-0.010877077,0.601834,0.17497349,-0.0138169965,-0.0020925924,-0.002624138,0.02717588,-0.03150626,0.0,0.18823837,0.23166357,0.10312617,0.0,0.12203532,0.0,0.043809373,0.0,-0.0014251922,0.0,0.09175132,0.0,-0.0200643,0.0,0.069099255,0.21630168,0.39076766,0.13053192,0.00508699,0.18976867,0.0061734333
-0.053643942,-0.7303093,-0.74451226,-0.43542406,-0.0031146053,0.0020446815,-0.18340361,-0.045358904,0.0,-0.0710166,-0.18909465,-0.34707046,0.0,-0.0007484633,0.0,-0.005434119,0.0,-0.0029499158,0.0,0.02575475,0.0,-0.0699677,0.0,-0.06319462,0.09473795,-1.6635084,-0.14311771,-0.15490378,-0.12334998,0.0149701405
-0.058317613,-0.05556132,0.44086123,-0.3562016,-0.027205454,-0.00579791,-0.09175901,-0.009971603,0.0,0.14579567,0.15281475,0.044726152,0.0,0.076125786,0.0,0.11569806,0.0,-0.0067337183,0.0,-0.33214968,0.0,0.11037539,0.0,0.043329578,0.07487914,-1.8412521,-0.21996027,0.0064064744,-0.15498576,0.00798648
-0.066159435,0.5184159,-0.5084224,-0.104611464,-0.028132163,0.018483005,0.021708108,-0.04293993,0.0,-0.03910654,-0.38076347,-0.7074123,0.0,0.05034455,0.0,0.039349332,0.0,-0.0065192226,0.0,0.06766405,0.0,-0.08477001,0.0,-0.07874698,0.24044617,0.3261356,-0.1794183,0.01212316,-0.11899404,-0.038191352
-0.025627572,-0.13266727,-0.16057192,-0.28079516,-2.4112742e-06,-0.0043266243,0.015720544,-0.023484766,0.0,0.1684749,0.28195614,0.085032225,0.0,0.08583702,0.0,0.048794698,0.0,-0.00062604994,0.0,0.08851347,0.0,-0.07027291,0.0,-0.10106942,0.25356057,0.35971537,0.12922917,0.0045595425,-0.2592264,0.010043611
0.30929506,-1.9025292,-0.6147668,-0.6520068,0.036784284,-0.0485532,0.065125644,-0.039181475,0.0,0.10697859,-0.20815659,-0.36870417,0.0,0.14952308,0.0,0.074868426,0.0,0.010833276,0.0,0.16826473,0.0,-0.45002306,0.0,-0.074528575,0.097912885,-1.3723898,0.09580947,-0.2705446,-0.15982226,0.004897831
-0.030257726,-0.61375135,0.5040731,0.1499477,-0.00255813,0.008776301,-0.04563215,-0.06532858,0.0,0.0060643055,-0.42858744,0.057909407,0.0,-0.43971965,0.0,-0.023456601,0.0,-0.0038402157,0.0,0.09532189,0.0,-0.03800967,0.0,-0.040237904,0.16514294,0.27264294,0.07338997,-0.026415221,0.24089918,0.029292356
-0.044260815,-0.09471454,-0.3576392,-0.16445944,0.015675815,0.0051752212,-0.054122105,-0.029319722,0.0,-0.08459993,-0.41727638,-0.5344108,0.0,0.04384408,0.0,0.08672301,0.0,-0.0065192226,0.0,0.0051995856,0.0,-0.07548195,0.0,-0.1056657,0.19732195,0.27724817,-0.20243226,0.013049164,-0.1690049,-0.06841695
-0.029680684,-1.5649536,-0.38561058,-0.28483504,-0.015880428,0.019771514,-0.10140645,-0.029074842,0.0,0.113898166,-0.19112013,0.03443336,0.0,-0.37986293,0.0,-0.1140211,0.0,-0.010961408,0.0,-0.24101181,0.0,0.052655805,0.0,0.053522084,0.05756658,-1.6699421,-0.2080335,-0.020001465,-0.1407436,0.03671415
-0.020803612,0.4512878,-0.16521005,-0.08569009,-0.0011559787,-0.00015250224,0.023291819,-0.035348248,0.0,0.17100124,0.3158066,0.097668245,0.0,0.10617446,0.0,0.114718944,0.0,-0.0014857298,0.0,0.08086918,0.0,-0.07336215,0.0,-0.063618064,0.25512356,0.38268578,0.14344805,0.00458191,0.26918027,0.00962058
-0.031062856,-1.1491328,-0.7210633,-0.38815776,-0.015202085,0.00928877,-0.13643631,-0.049485646,0.0,-0.043376118,-0.18936193,-0.33725554,0.0,0.14734155,0.0,-0.010807744,0.0,0.037385993,0.0,0.074073724,0.0,-0.4414329,0.0,-0.07805226,0.102591015,-1.5730062,-0.18122245,0.01902695,-0.16799243,0.012931351
0.005043385,-0.50379777,-0.028090926,-0.2654658,-0.049696527,-0.01293548,0.0261897,-0.011207324,0.0,-0.1793704,0.17091975,0.03926699,0.0,0.019414505,0.0,-0.05733553,0.0,0.0026414618,0.0,-0.31158546,0.0,-0.10778226,0.0,0.26107535,-0.62203854,0.24107431,0.055585675,-0.09094123,-0.15238619,0.023183089
0.14623545,-0.30290246,-0.054606758,0.10536193,-0.008035848,0.009336832,0.008534703,-0.05090826,0.0,0.011086783,0.28156766,0.067903034,0.0,0.08283027,0.0,0.0048302333,0.0,0.0011842841,0.0,0.088632464,0.0,-0.07482621,0.0,-0.10997202,0.24050814,0.3152545,0.08846846,0.0005621035,-0.21973604,0.0005852242
-0.076389916,-1.135601,-0.39494213,-0.1860677,0.057237726,-0.0022644934,0.023207327,-0.04593183,0.0,0.011790051,-0.23187631,0.060130566,0.0,0.09805694,0.0,-0.08442138,0.0,-0.013702126,0.0,-0.2852965,0.0,-0.05300125,0.0,0.27077,-0.45959288,0.2540768,0.08883387,0.0032199826,-0.22156315,-0.24241884
-0.033384737,0.6210593,-0.07483345,0.039474133,-0.038969535,-0.003621035,-0.11609798,-0.0143552,0.0,-0.11164837,-0.40288618,0.11627744,0.0,0.06836678,0.0,0.03215818,0.0,-0.0013288092,0.0,-0.2773193,0.0,-0.049897462,0.0,-0.06592813,0.21202216,0.3531944,0.0858487,0.006366047,-0.19005056,0.02394357
0.008135946,-0.68489605,0.67911804,0.014059368,-0.05777149,0.011600503,0.055144876,-0.034745444,0.0,0.09254094,0.14127964,0.050435446,0.0,0.09217266,0.0,-0.14733586,0.0,0.023161672,0.0,0.1030423,0.0,0.13966176,0.0,0.0030406888,0.08572233,-1.4978887,-0.3009233,0.003331706,0.36940852,0.031069053
-0.046585545,0.76366985,-0.18169193,0.06262506,-0.0072213714,-0.0035288436,0.03622133,-0.042497136,0.0,-0.10251466,-0.33766156,0.14932321,0.0,0.09816484,0.0,-0.0791972,0.0,-0.0075202123,0.0,0.08375336,0.0,-0.02661611,0.0,-0.08220137,0.24130914,0.36789158,0.121841125,0.008053759,-0.1855013,0.019601138
-0.040242776,-0.25900656,-0.08570202,-0.33168775,0.0020568932,-0.056858044,0.023645852,0.12029107,0.0,-0.046139874,-0.29262698,0.064152524,0.0,0.055752974,0.0,-0.03078629,0.0,0.0068925982,0.0,-0.3870983,0.0,0.07565009,0.0,0.10095011,-0.6528676,0.19279385,-0.24155572,0.010829048,0.23250116,0.0047702678
-0.05937558,0.24296597,-0.17872585,-0.056855176,0.015071207,0.0040751626,-0.084941134,-0.0262985,0.0,-0.073428355,-0.5152515,-0.5978115,0.0,0.05854558,0.0,0.026170708,0.0,-0.0065192226,0.0,0.008766218,0.0,-0.064724974,0.0,-0.08417593,0.21595606,0.2942785,-0.16709669,0.032575764,-0.12731357,-0.059681907
-0.040855248,-0.868293,0.13098688,-0.13428305,0.08003841,-0.008443388,-0.30549556,-0.02413241,0.0,0.13615602,0.12935098,0.03177598,0.0,-0.27986148,0.0,0.16883305,0.0,0.023645654,0.0,-0.22972575,0.0,0.09422258,0.0,0.045015514,0.10944445,-1.2538824,0.08796937,-0.018719928,0.1388319,0.051115908
-0.022582319,-0.53835535,0.21168956,-0.20439409,0.0012350358,-0.014914158,0.039814036,-0.027394248,0.0,0.1013503,0.30894098,0.07353414,0.0,0.09682537,0.0,-0.18542753,0.0,-0.0029202409,0.0,0.083074465,0.0,0.12832771,0.0,0.071009584,0.15624268,0.30644545,0.13956276,-0.012398913,0.24604736,0.0028436587
-0.04549286,-1.0105854,-0.05939035,-0.6690845,0.043645572,-0.052462325,0.06711894,0.10749687,0.0,-0.00934406,-0.1913524,0.045931965,0.0,-0.17749123,0.0,0.0013259671,0.0,0.007684988,0.0,-0.401795,0.0,0.07639944,0.0,-0.2823435,-0.74761325,0.20952696,0.053417936,-0.018625302,-0.2106582,0.036547452
-0.030095955,-0.21026509,-0.41503668,-0.48317418,0.010198276,-0.007118614,0.05080031,-0.040455535,0.0,0.010889993,-0.28045315,-0.3511685,0.0,0.045999933,0.0,-0.015767148,0.0,-0.0014602658,0.0,0.026263826,0.0,-0.05850905,0.0,-0.26414028,-0.757926,0.19258216,-0.15956625,0.004965387,-0.14039999,0.019594394
-0.033859648,0.19260825,0.44592047,-0.1825202,0.053974327,-0.14825407,-0.018969342,-0.029323822,0.0,-0.08612468,-0.4762567,0.091212384,0.0,0.08784936,0.0,0.037076574,0.0,0.0077291746,0.0,-0.1378291,0.0,-0.044977922,0.0,-0.06734856,0.21539529,0.3164335,-0.19434448,-0.041922227,-0.20343566,0.0035805725
-0.037861165,0.7409806,-0.20801207,0.3036295,0.05097648,-0.027172547,0.016895058,-0.025951434,0.0,-0.081340425,-0.3557492,0.1320016,0.0,0.09389653,0.0,-0.0054957336,0.0,-0.002188489,0.0,-0.50006217,0.0,-0.05397722,0.0,-0.04564093,0.22206481,0.364312,0.07609711,0.0048042457,0.24079466,0.010259362
-0.031309064,-0.69720066,-0.32483277,-0.22724551,-0.0033038976,0.10563616,0.06632327,0.2498418,0.0,-0.03603856,-0.3728677,0.056868594,0.0,0.07783238,0.0,0.009388734,0.0,0.008357413,0.0,-0.5411724,0.0,0.06732566,0.0,0.097266294,0.109898515,0.30484304,0.058728818,0.012898967,-0.1944296,0.008135477
-0.07341946,-0.6524504,-0.15112062,-0.14686535,-0.04135062,-0.0044361334,0.027378151,-0.03800727,0.0,0.076113746,-0.1972676,0.03743089,0.0,-0.28152752,0.0,-0.07468804,0.0,0.014136912,0.0,0.072884664,0.0,0.04055143,0.0,0.083963305,0.07002859,-1.699849,-0.1384249,-0.01169707,-0.14331381,-0.47278398
-0.043032248,-0.6880963,-0.24680963,-0.49636117,0.047380947,0.01813084,0.034593236,-0.057777505,0.0,-0.024474913,-0.41797587,0.06509162,0.0,0.043374643,0.0,0.004761928,0.0,-0.0010869419,0.0,-0.18395153,0.0,-0.0496456,0.0,-0.08596766,0.19202097,0.28856006,-0.1590628,0.025205877,-0.1858283,0.009961883
-0.009977582,-0.18579087,0.47754356,-0.31282625,-0.2635526,0.011728953,0.08650337,-0.0020602823,0.0,0.07608133,0.13169856,0.032942,0.0,-0.17772733,0.0,-0.10209039,0.0,-0.0035590127,0.0,0.17292386,0.0,0.10535825,0.0,0.044362493,0.07011612,-1.4674904,-0.19829342,-0.06501948,-0.09484602,0.054781415
-0.002824099,-0.4673781,0.03844379,0.09675398,-0.03506402,0.020025361,0.122688845,-0.027289495,0.0,0.060142025,0.17475784,0.040293764,0.0,-0.21592806,0.0,-0.08335147,0.0,0.004710251,0.0,0.04919873,0.0,0.13100465,0.0,0.28299376,-0.62723845,0.16473274,0.14151171,-0.1989136,-0.17584324,0.051466357
-0.021873912,0.40611038,-0.19103692,-0.10969647,0.0026187613,-0.008491818,0.019890567,-0.04350323,0.0,-0.10215585,0.3021371,0.07386856,0.0,-0.26039276,0.0,0.036542553,0.0,-0.002378333,0.0,0.07215212,0.0,-0.08326748,0.0,-0.052156027,0.24914959,0.381965,0.10855406,0.0042649955,0.24171613,0.018555662
-0.024046589,0.55746675,-0.09860934,-0.07189014,-0.008363865,-0.0017640586,0.023087852,-0.037900668,0.0,-0.17411685,0.34665817,0.099071346,0.0,0.084651776,0.0,0.03128642,0.0,-0.0008163913,0.0,0.08093555,0.0,0.07648954,0.0,-0.08127048,0.2799491,0.4035708,0.12767783,-0.07642333,-0.1761033,0.006721941
0.005650389,-0.53920656,0.6748647,0.019721868,0.04615048,0.016638547,0.06281467,-0.036777228,0.0,0.07845552,0.204154,0.048220787,0.0,-0.26798904,0.0,0.09187661,0.0,0.0041550454,0.0,0.06662483,0.0,0.18405133,0.0,0.12039572,-0.6328274,0.16769636,0.113661356,-0.003256326,0.2594013,0.04826419
0.4433351,-2.4540205,-0.19742908,-0.11319786,0.0043885685,0.023289898,-0.08612706,-0.027185326,0.0,0.10425221,-0.1605829,0.034896005,0.0,-0.39512962,0.0,-0.07208607,0.0,-0.016091328,0.0,-0.27973902,0.0,0.0525796,0.0,0.050838973,0.048221484,-1.6021782,-0.17969857,-0.18040374,-0.15253858,0.015271113
0.16189992,-0.44255903,0.07634897,-0.16775055,0.026968114,0.0997512,0.07112791,0.40838844,0.0,-0.0011163035,-0.39534113,0.08266395,0.0,0.09839062,0.0,-0.012502484,0.0,0.008790573,0.0,0.14885885,0.0,0.06047817,0.0,0.07640009,0.12675628,0.22855209,0.087886095,0.027255146,0.22727014,-0.0050766463
-0.047258046,0.6464153,-0.07118632,0.040438738,-0.038804304,-0.0033263203,0.013336433,-0.028258663,0.0,-0.118878834,-0.40454236,0.11659031,0.0,0.092006534,0.0,0.027765825,0.0,-0.00676109,0.0,-0.279537,0.0,-0.06335619,0.0,-0.06858334,0.21200758,0.35263973,0.0866989,0.005883194,-0.19359705,-0.054664396
-0.03511297,-0.428697,-0.23332164,-0.3190186,-0.022778604,0.05127299,-0.24706782,0.15563296,0.0,-0.03776269,-0.24255624,0.04855039,0.0,-0.17342934,0.0,-0.036751688,0.0,0.007014078,0.0,-0.31114632,0.0,-0.06636131,0.0,-0.1327075,-0.70590824,0.17984524,-0.10892677,0.01978447,0.40579194,0.032999303
0.000742566,-1.3194013,0.08577154,-0.010912621,0.020576106,-0.0065609887,-0.1265522,-0.026678445,0.0,0.09384933,0.16694987,0.042810984,0.0,-0.2299785,0.0,-0.07148079,0.0,-0.013232157,0.0,0.07710459,0.0,0.091387354,0.0,-0.29051572,-0.93055546,0.19367078,0.07333189,0.02664319,-0.29635525,0.053121515
-0.044260815,-0.08929566,-0.58474,-0.18374991,0.0042761965,0.0051752212,-0.08201082,-0.029319722,0.0,-0.084645756,-0.41727638,-0.5442257,0.0,0.046792854,0.0,0.039451934,0.0,-0.0065192226,0.0,0.0047884104,0.0,-0.07548195,0.0,-0.1056657,0.19732195,0.27724817,-0.20243226,0.0057373066,-0.1462384,-0.06841695
-0.017029796,0.5683624,-0.089994155,-0.017757665,-0.00021680727,0.0038518542,0.022779588,-0.030565768,0.0,0.17533332,0.23163553,0.10228117,0.0,0.11446666,0.0,0.038498577,0.0,-0.0012438626,0.0,0.06731597,0.0,-0.050074775,0.0,-0.059897676,0.2623475,0.39025125,0.13024928,0.0039192867,0.24898078,0.011549902
-0.049196213,-0.9177798,-0.6870916,-0.8853635,0.037913524,-0.004385616,0.062867224,-0.04071617,0.0,0.07628453,-0.2055496,-0.36870417,0.0,0.05198013,0.0,-0.020332836,0.0,-0.003191783,0.0,0.06441479,0.0,-0.08202718,0.0,-0.061541405,0.09731457,-1.5920213,0.08507232,0.019009866,-0.14169186,0.015665734
-0.0056193653,-0.75590247,0.02926139,-0.1561538,0.04535667,0.011393661,0.025786899,-0.047739286,0.0,0.11055064,0.17294705,0.05921248,0.0,0.08646481,0.0,0.044864923,0.0,-0.0026705824,0.0,0.08002094,0.0,-0.120922536,0.0,0.13399947,-0.7615273,0.24312423,-0.27447748,0.0055592796,0.2716113,0.038524847
-0.030276917,-1.1284568,-0.21529634,-0.27667663,-0.028177695,0.019501291,0.037830047,-0.034369502,0.0,-0.06432572,-0.25141755,0.049769767,0.0,0.021116154,0.0,-0.043964624,0.0,0.007081462,0.0,-0.29693097,0.0,0.067042395,0.0,-0.2601238,-0.72296554,0.21192877,0.047157336,-0.083996825,-0.3079093,0.03076887
-0.049422614,0.16014254,-0.57885844,-0.117485374,-0.0002730026,-0.0032248853,0.03493932,-0.04293211,0.0,-0.10851449,-0.52360857,-0.60574657,0.0,0.06528504,0.0,0.032769576,0.0,-0.00676109,0.0,0.019573562,0.0,-0.090121455,0.0,-0.0959296,0.20752586,0.2920372,0.069083124,0.005211899,-0.14303342,-0.069239035
-0.04928734,0.26119784,-0.30141336,-0.05045525,0.017183708,0.013036171,-0.20118813,0.18565693,0.0,-0.11570166,-0.19332589,0.054974325,0.0,-0.27203518,0.0,-0.06987439,0.0,0.03888638,0.0,0.07482662,0.0,-0.037130274,0.0,-0.05880864,0.10253564,-2.0592685,-0.1731391,-0.0006864318,-0.14133853,-0.0723038
-0.03257845,-0.3509837,-0.14398645,-0.1901623,-0.09931309,-0.0070310137,0.005784564,-0.02383293,0.0,-0.12564386,0.29504013,0.061599653,0.0,0.06383202,0.0,0.022393176,0.0,0.0027955733,0.0,-0.35439318,0.0,-0.1117733,0.0,0.05195138,0.15711002,0.33900514,-0.2275568,0.007119322,0.2108904,-0.004967346
0.118175246,-0.29713497,0.01234365,-0.08836882,-0.038117345,0.01603903,0.013480251,-0.028517623,0.0,0.05846231,0.2971897,0.0625641,0.0,0.0819098,0.0,0.018530188,0.0,0.0003246041,0.0,-0.30213478,0.0,-0.07193871,0.0,-0.06985398,0.19876526,0.33363938,0.089817144,-0.00073346606,0.28416747,0.0018322298
-0.062782444,0.91572374,-0.6706263,0.46896845,-0.008365492,0.026824076,-0.0641532,-0.026778953,0.0,-0.04145764,-0.30420443,-0.40963858,0.0,0.080939226,0.0,0.008213425,0.0,-0.0066506797,0.0,0.08277172,0.0,-0.07530012,0.0,-0.2688623,-1.0897312,0.23572169,0.1269811,0.040026974,-0.17323588,-0.011147882
-0.044596862,-0.32890096,-0.25436464,0.11595051,-0.0015160844,-0.015136944,0.019810436,-0.045071755,0.0,-0.08614854,-0.28342423,0.04862377,0.0,-0.18366344,0.0,0.0289419,0.0,-0.0017037799,0.0,0.037814897,0.0,0.07482286,0.0,-0.2424855,-0.8105415,0.20480649,-0.2064635,-0.002242146,-0.21409158,0.030333325
-0.036860075,-0.31500074,-0.48711357,0.20620795,-0.061379515,0.006094262,-0.14631566,-0.038209595,0.0,0.15090713,-0.2360087,-0.36574563,0.0,0.05967767,0.0,0.025442887,0.0,-0.0010869419,0.0,0.033701915,0.0,-0.055059265,0.0,-0.0631872,0.09952772,-1.6060363,0.09889484,0.0033261555,-0.10762937,0.011111202
-0.047603797,-0.9265765,-0.07022059,-0.24151021,0.06978012,-0.0061020297,0.03954348,-0.07319629,0.0,0.12833051,-0.31300095,0.06708285,0.0,0.1158089,0.0,-0.08752372,0.0,0.020402627,0.0,0.09516118,0.0,0.06727985,0.0,0.14784387,-0.5328402,0.21554315,0.11600788,0.0031991934,0.3592949,0.029511811
-0.031414747,-0.71982664,-0.56350774,0.2891244,-0.080210656,0.007168118,0.02582769,-0.061253265,0.0,-0.090538435,-0.18962927,-0.34432307,0.0,0.008011358,0.0,0.02626424,0.0,-0.012302399,0.0,0.0008347601,0.0,-0.09804772,0.0,-0.05520002,0.1049457,-1.6481116,-0.1439187,-0.37535876,-0.16206686,0.013556578
0.0098260455,-1.0947186,0.0053389547,-0.07934787,0.030318242,-0.009495556,-0.09037679,-0.034968644,0.0,0.14382601,0.17413954,0.06886977,0.0,0.13142106,0.0,-0.097085655,0.0,-0.05562994,0.0,0.0970452,0.0,-0.11300126,0.0,0.15689284,-0.6703747,0.2623917,0.11049001,0.005285992,0.33906078,0.02994647
0.11553952,-0.3831457,-0.011559192,-0.04070545,0.002254515,0.009055384,0.013153421,-0.043120965,0.0,0.045405746,0.28598863,0.07446407,0.0,0.0975468,0.0,0.031444233,0.0,0.0003246041,0.0,0.071309984,0.0,-0.07613069,0.0,-0.07300734,0.21319717,0.3226083,0.10577872,-0.015845096,0.29237854,0.0021187929
0.32901525,-1.7344611,-0.62276316,-0.54581845,-0.057310753,0.016985392,0.055864323,-0.07249176,0.0,0.05338908,-0.20595182,-0.35202506,0.0,0.17627054,0.0,-0.082136534,0.0,0.03895446,0.0,0.11171659,0.0,-0.44139007,0.0,-0.08341319,0.086349055,-1.3788582,-0.21156043,0.07485316,-0.18032409,0.0054204348
-0.03565039,-0.3800256,-0.23525308,0.05323542,-0.039463922,0.016049428,-0.08549344,-0.021374987,0.0,0.11527939,-0.19110985,0.03458077,0.0,-0.13029869,0.0,-0.08499784,0.0,0.0052014096,0.0,-0.22322835,0.0,0.058926012,0.0,0.04487059,0.054451205,-1.7039379,-0.07187592,0.0069883075,-0.12571396,0.05215305
-0.05460494,1.2642238,0.36852774,0.096947804,0.00220901,0.005031772,0.04009378,-0.020471448,0.0,0.07473311,0.30248094,0.12300729,0.0,0.0977117,0.0,0.054292873,0.0,-0.0060687433,0.0,0.09373813,0.0,0.072018355,0.0,0.09640289,0.23077565,0.3939708,-0.24725515,0.012052919,-0.12650067,-0.018765392
-0.024580821,0.33581316,-0.05650159,-0.14425348,0.0008607316,0.0070803873,0.017167816,-0.0541769,0.0,-0.15399976,0.3027029,0.09682378,0.0,0.08170546,0.0,0.030475583,0.0,-0.0011104592,0.0,0.09325092,0.0,-0.076321185,0.0,0.068287686,0.22067073,0.38081717,0.12315308,0.0062037907,0.20808828,0.006183397
-0.06601036,1.0074447,-0.30084738,0.13229685,0.00051374064,-0.024569694,0.038030088,0.19615771,0.0,0.0049027735,-0.36446637,0.13308029,0.0,0.10509817,0.0,0.03562588,0.0,-0.00676109,0.0,0.16986728,0.0,-0.08495206,0.0,-0.07849284,0.25448623,0.36958155,-0.22251058,0.011444458,-0.17931312,-0.036188215
0.12060602,0.82336605,0.51820403,-0.029129524,0.008369821,-0.003889857,0.039841488,-0.030115109,0.0,-0.16110264,0.28815487,0.10735841,0.0,0.067662165,0.0,-0.080445535,0.0,0.003358788,0.0,0.07530104,0.0,0.07690633,0.0,0.089587,0.203851,0.37133178,0.12685147,-0.06204695,-0.11926089,-0.012480223
0.14736044,-0.38740948,-0.09297,-0.03843295,0.0020704097,0.009336832,0.010822615,-0.037933756,0.0,0.01147646,0.29235518,0.06887443,0.0,0.09259591,0.0,0.055819623,0.0,0.0011842841,0.0,0.07045819,0.0,-0.07282949,0.0,-0.10948487,0.2482483,0.3138205,0.09861063,-0.017686773,-0.22982733,0.0021187929
-0.04148069,-0.46283266,-0.1953079,0.106171176,-0.049506262,0.010860055,-0.016743902,-0.03390838,0.0,0.009125769,-0.39701092,0.06469808,0.0,0.10778384,0.0,-0.03368985,0.0,0.03355442,0.0,-0.3483316,0.0,-0.03892285,0.0,-0.10722587,0.15782805,0.29228267,0.07525778,-0.0006728286,-0.18676817,-0.027621988
-0.034418188,-0.14702415,-0.16694783,0.20878547,-0.04627723,0.009275405,0.005325673,-0.05906227,0.0,-0.07174642,-0.3959313,0.10199323,0.0,0.08608676,0.0,-0.034598876,0.0,0.038772855,0.0,0.0709176,0.0,-0.06811836,0.0,-0.10581157,0.19485052,0.30765954,0.11028204,0.0052302363,-0.25711393,-0.024594916
-0.003615216,-0.44246483,0.072192684,0.1341637,-0.052622914,-0.009132906,0.10607372,-0.012854721,0.0,0.07923622,0.18919243,0.03839956,0.0,-0.20942609,0.0,0.09005675,0.0,0.0037492185,0.0,0.024546057,0.0,0.16789393,0.0,0.28457585,-0.6826059,0.13030797,0.1741176,-0.06953293,-0.18177336,0.04789323
0.121709675,-0.24853581,-0.030666837,-0.1877126,-0.0067287693,0.009087625,0.020217834,-0.05673336,0.0,-0.16277546,0.30172694,0.07623977,0.0,0.08995511,0.0,0.040155154,0.0,-0.00042391696,0.0,0.09978874,0.0,0.1386442,0.0,0.077546075,0.17166342,0.33842108,0.10059671,0.025772143,0.23609091,-0.011321739
-0.020046236,-0.35539722,-1.2868364,-0.1354203,0.016248489,-0.003157267,0.04940677,-0.051358066,0.0,-0.16316561,-0.42927113,-0.64013964,0.0,0.031271037,0.0,0.035852253,0.0,-0.0013288092,0.0,0.027783373,0.0,-0.1000652,0.0,-0.096076906,0.20456195,0.27600974,0.42036927,-0.06587975,-0.19681644,0.01926896
-0.054149188,-0.31018236,-0.60958433,-0.421023,0.009243471,-9.358498e-05,0.043300066,-0.038934972,0.0,0.08943081,-0.22868502,-0.34400332,0.0,0.055412028,0.0,-0.00027757708,0.0,-0.00676109,0.0,0.039592516,0.0,-0.06975253,0.0,-0.069901675,0.09579243,-1.5257494,-0.19005673,0.0047738454,-0.115897685,-0.08587179
-0.031454306,-1.023367,-1.01354,-0.48206925,0.007875384,0.0049999324,-0.1940597,-0.044421237,0.0,-0.08975688,-0.18909465,-0.35131347,0.0,0.0123923505,0.0,-0.005434119,0.0,-0.012302399,0.0,0.038448174,0.0,-0.07526676,0.0,-0.057286013,0.09473795,-1.6613368,-0.14632964,-0.087886155,-0.1923356,0.0132744815
-0.049381413,-0.017074514,-1.3373214,-0.079201244,-0.0156065915,-0.0021173446,0.06068528,-0.055830933,0.0,-0.14219378,-0.5275342,-0.69704044,0.0,0.052121565,0.0,0.036213003,0.0,-0.00676109,0.0,0.04484472,0.0,-0.090035595,0.0,-0.08655266,0.21113573,0.29148126,0.42266172,0.008492729,-0.15274255,-0.057697605
-0.020083152,-0.23688266,-0.03059071,-0.14045505,0.0014248563,-0.0059642144,0.01734379,-0.03769001,0.0,-0.11885327,0.26043162,0.08697178,0.0,0.07770539,0.0,-0.048084717,0.0,-0.0024351936,0.0,0.08036113,0.0,0.03286505,0.0,-0.059598394,0.20869166,0.3593238,0.1325188,0.0069119846,0.30690625,0.0011867774
-0.06149999,-0.30712304,-0.034507923,0.10012102,-0.0032337732,-0.010102212,-0.07802791,-0.05095152,0.0,0.055349704,-0.26796982,0.047729738,0.0,-0.27167678,0.0,-0.0153457085,0.0,0.034029964,0.0,0.053300984,0.0,0.05450514,0.0,-0.2664611,-0.73313797,0.20976806,-0.1781319,-0.0268006,-0.17480116,-0.07435254
-0.04078226,0.5309069,0.3501017,0.1475691,-0.0060244035,-0.0076358537,0.03693409,-0.035348874,0.0,-0.122119926,0.19528487,0.09481842,0.0,0.06770005,0.0,-0.035615698,0.0,-0.006916365,0.0,0.034869444,0.0,0.12485273,0.0,0.28203088,-0.7890133,0.2949817,0.13733411,0.006865572,-0.11272568,0.041572675
-0.04370705,1.004621,-0.44720194,-0.05060282,-0.0120573295,-0.003971048,-0.14224306,-0.033289347,0.0,0.0036557904,-0.388674,0.1492905,0.0,0.11053125,0.0,0.08335857,0.0,-0.002188489,0.0,0.10659021,0.0,-0.04216639,0.0,-0.059225723,0.22515073,0.35571426,0.1302596,0.010478387,0.24345462,-0.059709415
-0.03603243,-1.0760782,-0.24879482,-0.33467957,-0.005381899,0.009672529,0.019430077,-0.047307774,0.0,0.027139388,-0.22792411,0.06030058,0.0,0.049545906,0.0,0.016157228,0.0,0.00797929,0.0,-0.21802197,0.0,-0.054417048,0.0,-0.24092379,-0.8389269,0.20510897,-0.18071954,0.0024406952,-0.31527567,0.017128222
-0.029527243,0.5614924,-0.25075516,-0.028000314,-0.0017509011,-0.0023815194,0.022088775,-0.031567927,0.0,0.23059772,0.23163553,0.10094562,0.0,0.11114689,0.0,0.07650093,0.0,-0.0014857298,0.0,0.06811885,0.0,-0.058260657,0.0,-0.0590575,0.2623475,0.3904314,0.13192914,0.003752517,0.24898559,0.011387021
0.12579866,-0.69305074,-0.12167499,-0.31532228,-0.017785769,0.009559662,0.020517694,-0.056927457,0.0,-0.11836009,0.25185603,0.07304662,0.0,0.07150897,0.0,0.04382335,0.0,0.0003246041,0.0,0.09881362,0.0,-0.07628368,0.0,-0.070673,0.20560655,0.31719,0.060787134,0.013216002,0.28803173,0.0014633986
-0.036273986,-0.12722145,-0.08804988,0.30829558,0.037795797,0.010511381,0.016728256,-0.04839069,0.0,0.1289187,-0.38749427,0.0995903,0.0,0.061981607,0.0,-0.054374952,0.0,-0.0011433054,0.0,0.06858945,0.0,-0.056342687,0.0,-0.10058103,0.19536969,0.29794794,-0.2749364,-0.034346703,-0.22510655,0.012553252
-0.036518745,0.10433959,0.03488463,-0.12941484,0.008802545,0.0058181146,-0.024925819,-0.050555494,0.0,-0.08721752,-0.45876393,0.10567076,0.0,0.073068015,0.0,0.07426698,0.0,-0.0018132185,0.0,0.05507372,0.0,-0.059358265,0.0,0.06939609,0.15906799,0.29858434,-0.2814922,0.0053901207,0.24440727,0.008983701
-0.028938478,-0.31067702,-0.33640867,0.039863635,0.03890625,0.019087933,-0.11562361,-0.024195822,0.0,-0.12801616,-0.18743363,0.033776227,0.0,-0.10087319,0.0,-0.10586652,0.0,-0.004007955,0.0,-0.20819148,0.0,0.041459676,0.0,0.0524854,0.050722476,-1.7355825,-0.07458309,-0.005880657,-0.11073914,0.056165338
-0.04778632,1.2967324,0.17951903,0.22980773,0.00054202124,-0.0041918177,0.02811683,-0.025824422,0.0,0.10963756,0.30612773,0.12497442,0.0,0.124592155,0.0,-0.032877598,0.0,-0.006817453,0.0,0.101486154,0.0,-0.030097919,0.0,-0.078418784,0.2943551,0.4233146,0.118615694,0.008580093,-0.17318204,-0.06525045
-0.017917968,0.5353044,-0.018810285,-0.06473767,-0.010925178,-0.008080553,0.041187797,-0.027222076,0.0,0.1348465,0.2573424,0.0754461,0.0,-0.36120284,0.0,0.08760681,0.0,-0.0024492834,0.0,0.0594172,0.0,0.09357636,0.0,-0.054227524,0.24629897,0.37856862,-0.2840782,0.010641386,0.17236324,0.015591657
-0.057827264,1.0417669,-0.21979144,0.23472276,-0.014237999,-0.0036406245,0.02175984,-0.035806462,0.0,-0.071473844,-0.3992784,0.15046044,0.0,0.118274175,0.0,0.048519805,0.0,-0.006951431,0.0,0.10733129,0.0,0.07160381,0.0,-0.080549605,0.24072681,0.371228,0.09854951,0.00970502,-0.18988223,-0.03542501
-0.051249806,-0.2834124,0.12422292,-0.05970636,-0.00092687324,0.006718617,-0.048207376,-0.06037012,0.0,-0.020745464,-0.2928313,0.06813137,0.0,0.09095502,0.0,0.040688418,0.0,0.0352334,0.0,0.05809784,0.0,-0.0575521,0.0,-0.27254367,-0.78445435,0.2150092,-0.226434,0.0073101516,-0.17158172,-0.024672618
-0.05081697,-0.12953985,0.021932995,0.11706134,-0.029084928,0.0058888886,-0.037207168,-0.04201159,0.0,-0.08435662,-0.38734335,0.098456666,0.0,0.07869894,0.0,0.05023755,0.0,-0.0067095645,0.0,0.05098511,0.0,0.06863997,0.0,-0.10795864,0.19890988,0.3036505,-0.23925443,0.007972253,-0.23897156,-0.034695696
-0.0544259,-0.28384134,-0.5056648,0.20432279,0.07083268,0.0028592984,-0.15826137,-0.04278594,0.0,0.10714693,-0.22814012,-0.34400332,0.0,0.06007479,0.0,0.02516313,0.0,-0.0065192226,0.0,0.027125696,0.0,-0.05268429,0.0,-0.0725948,0.096768506,-1.5786515,-0.18569688,0.005530263,-0.105426595,-0.07356603
-0.023133632,-0.18190536,-0.6372324,-0.20563221,-0.0017079778,0.005201833,0.03392874,-0.064380184,0.0,-0.12980726,-0.32818055,-0.42208648,0.0,0.04574208,0.0,0.062168203,0.0,-0.0014602658,0.0,0.03254211,0.0,-0.10733442,0.0,-0.29023272,-0.81200343,0.19800928,0.08043142,-0.05316986,-0.14586365,0.01006976
-0.031618103,1.1375498,-0.019353589,0.48511025,-0.053525,-0.004175438,0.015480142,-0.03869123,0.0,-0.106082834,0.29751718,0.12028745,0.0,0.104421586,0.0,0.038328353,0.0,-0.0014857298,0.0,0.123827785,0.0,-0.06259888,0.0,-0.05689137,0.2574859,0.40296444,0.11420956,0.012883455,0.24277772,0.009761243
-0.052612167,0.54982245,-0.049356386,-0.07594823,-0.006778993,-0.005337471,-0.15466553,0.14555028,0.0,-0.047408927,-0.39706925,0.10685196,0.0,-0.35947526,0.0,-0.074105136,0.0,0.03392535,0.0,0.0881892,0.0,0.019807622,0.0,0.086957656,0.15134625,0.35622722,0.11008392,-0.0008231225,-0.17063032,-0.019639337
-0.06693225,1.0507305,-0.5078714,0.2208814,-0.01994153,-0.013205825,0.028974172,-0.032238767,0.0,-0.016367987,-0.42298073,-0.42507568,0.0,0.07965408,0.0,0.034005113,0.0,-0.00676109,0.0,0.13147539,0.0,-0.08715698,0.0,-0.07654241,0.2535572,0.34584188,-0.18949243,0.008236019,-0.11528992,-0.016985346
-0.021187913,0.3007044,-0.11745467,-0.036103737,-0.0010723628,0.0047525135,-0.09135792,-0.03361002,0.0,0.10339092,0.31557432,0.092015885,0.0,0.1008817,0.0,0.07950432,0.0,-0.0012438626,0.0,0.078926265,0.0,-0.06277315,0.0,-0.065823555,0.24942784,0.37689948,0.14144556,0.0047737756,0.28222865,0.00888175
-0.03441648,0.51248056,-0.35266706,-0.033639703,-0.06338668,0.011254768,-0.024999604,-0.016115,0.0,-0.11312534,-0.39164746,0.113590926,0.0,0.06640991,0.0,0.04377925,0.0,-0.00025077956,0.0,-0.28190628,0.0,-0.036670215,0.0,0.06387852,0.14944096,0.3525924,-0.18693197,-0.054901373,-0.15861002,0.009863596
0.2110342,0.17443648,-0.08879524,0.008579725,0.01413082,-0.003210651,0.026602143,-0.042153608,0.0,-0.10212309,-0.49594957,-0.7376738,0.0,0.044800933,0.0,0.046986997,0.0,-0.0006200222,0.0,0.0111186,0.0,-0.088866666,0.0,-0.05726478,0.18145084,0.26498705,-0.14492112,0.0341494,0.16411005,0.0040712487
-0.022973873,0.63054127,0.099882096,0.016235813,0.013711071,0.0013727812,0.032325447,-0.029013569,0.0,0.18616886,0.31577855,0.10213416,0.0,0.1258081,0.0,-0.041513603,0.0,-0.0016077264,0.0,0.073850654,0.0,-0.072648294,0.0,0.069191925,0.2123537,0.3876219,0.17586818,0.0043351925,0.18607166,0.0042596026
-0.05794217,-2.3178573,-0.39230818,-0.3703159,-0.01252322,-0.1214007,0.02530393,-0.040866237,0.0,0.09744783,-0.19771966,0.034748595,0.0,-0.37477988,0.0,-0.12455162,0.0,-0.0016081935,0.0,-0.31518593,0.0,0.05591985,0.0,0.053147674,0.03679947,-1.6827842,-0.21263316,0.03406539,-0.20930092,0.037573017
-0.051309854,-0.19457212,-0.26384115,-0.17739527,-0.0032377278,-0.0052157496,0.02585143,-0.043164127,0.0,-0.07544469,-0.21713232,0.037214562,0.0,-0.18375799,0.0,0.018641353,0.0,-0.0023553825,0.0,0.036996186,0.0,-0.056352854,0.0,-0.05045127,0.09491936,-1.8244447,-0.1579088,-0.0013805518,-0.138268,0.02322676
0.17351645,1.1214974,-0.103427246,0.05406481,0.0048418213,-0.003971048,-0.053097405,-0.02776953,0.0,-0.09074224,0.2486089,0.12028745,0.0,0.09400336,0.0,0.045120344,0.0,8.2737184e-05,0.0,0.10944811,0.0,-0.048753604,0.0,-0.057586584,0.25855142,0.39626747,0.09869488,0.012831128,0.22032696,0.0008270747
-0.044113226,0.007171575,-0.24222681,-0.13700226,0.009451445,-0.003814213,0.01316062,-0.03857667,0.0,-0.09177792,-0.25457978,-0.49066725,0.0,0.051949117,0.0,0.017897243,0.0,-0.006892547,0.0,0.004864128,0.0,-0.13033663,0.0,-0.2654585,-0.81573105,0.1986883,-0.20098966,0.0052272673,-0.15235011,-0.08413449
-0.10271384,-0.81139445,-0.5486627,-0.60331494,2.5433255e-06,-0.016364343,0.03322852,-0.020724948,0.0,0.0121954,-0.17332412,0.033906616,0.0,-0.10959664,0.0,-0.11012886,0.0,0.0053042453,0.0,-0.22576922,0.0,-0.0657932,0.0,-0.07495897,0.07175972,-1.6432717,-0.0867151,-0.026982352,-0.14507069,0.0494601
-0.03644059,0.2102228,-0.60540146,0.6047677,0.05180596,0.0019370819,0.0149921775,-0.038249925,0.0,-0.11204634,-0.21018441,-0.28098923,0.0,0.020331647,0.0,0.039087184,0.0,-0.0013288092,0.0,0.03246629,0.0,-0.08311483,0.0,-0.06075135,0.1029375,-1.6260339,-0.14923781,-0.38238585,-0.123241514,0.010994728
-0.027402466,-0.6220063,0.12520793,-0.18627357,0.0053644427,0.01399724,0.01851272,-0.035035968,0.0,0.10004209,0.28362942,0.04789228,0.0,-0.26487973,0.0,0.03673235,0.0,0.0026242607,0.0,0.08759137,0.0,-0.021353493,0.0,-0.09506233,0.23423283,0.33334395,0.06698837,-0.0050650015,-0.22108813,0.018810181
-0.02122697,-0.48267442,-0.28115368,0.2608502,0.06650895,0.005167237,-0.16594249,-0.054621458,0.0,-0.08423894,-0.27060658,-0.42065164,0.0,0.048735082,0.0,-0.008459183,0.0,-0.0012183988,0.0,0.039124217,0.0,-0.06545106,0.0,-0.2912373,-0.7592829,0.19970705,0.07188722,-0.0923191,-0.13282757,0.011620453
0.27904752,-0.37922734,-0.2785325,-0.1603336,-0.018956501,0.019978525,0.035401687,-0.029862108,0.0,0.10994048,-0.1671959,0.03458077,0.0,-0.096935764,0.0,-0.09765141,0.0,0.0028539759,0.0,-0.1952458,0.0,0.06682629,0.0,0.055099882,0.049271338,-1.5856708,-0.07637953,0.0024013724,-0.10769546,0.02380199
-0.06257807,0.95512587,-0.41273975,0.0792613,0.006233252,-0.012616498,0.03191116,-0.02763025,0.0,0.045956958,-0.4416299,-0.6915101,0.0,0.088127285,0.0,0.022727337,0.0,-0.00676109,0.0,0.1265458,0.0,-0.07812142,0.0,-0.078351445,0.24460922,0.33689916,0.12666711,0.003527441,-0.13356216,-0.012109324
0.0057372493,-0.8572922,0.00948605,-0.09257028,0.026322892,0.0026655847,0.04874564,-0.082912974,0.0,0.18325374,0.14207053,0.037198715,0.0,0.084629074,0.0,-0.1729555,0.0,-0.056956023,0.0,-0.40442815,0.0,0.12083437,0.0,-0.114356995,0.07316327,-1.77201,0.0718362,0.0042175516,0.36690646,0.036050502
-0.02560064,0.117264375,0.4789469,-0.32022536,0.004446609,0.0066628912,-0.11339113,-0.010168081,0.0,0.14165124,0.16459641,0.075902216,0.0,0.045001633,0.0,0.07191875,0.0,-0.0023238591,0.0,-0.26433238,0.0,0.12896164,0.0,0.15503871,-0.64525276,0.26935327,0.16734485,0.02204559,0.2754451,0.0030728963
-0.06068631,0.1972248,-0.5987183,-0.06138106,-0.0017738444,0.0051752212,-0.11035615,-0.03199117,0.0,-0.07027413,-0.28851584,-0.49066725,0.0,0.06580641,0.0,0.0198321,0.0,-0.0066506797,0.0,0.0021493249,0.0,-0.08155404,0.0,-0.2542746,-0.8422629,0.20802803,-0.14659287,0.005913578,-0.121396706,-0.0822165
-0.020813413,-0.31418204,-0.05553438,-0.113179035,-0.006967269,-0.0064689037,0.029237226,-0.043886345,0.0,-0.1472753,0.3213344,0.070999354,0.0,0.09430863,0.0,-0.061485637,0.0,-0.0024351936,0.0,0.099606685,0.0,0.11554327,0.0,-0.061837967,0.20607305,0.3514167,0.12360682,0.023267955,0.28849435,0.0007294629
-0.031766836,-0.36872452,-0.08110401,0.30220604,-0.08425763,-0.0008635092,0.044190053,-0.036888015,0.0,-0.09718497,-0.18990684,-0.29316857,0.0,0.058454093,0.0,0.028713586,0.0,-0.012544267,0.0,0.012870383,0.0,-0.10424256,0.0,-0.057976764,0.09545525,-1.6353946,-0.15794833,0.016201455,-0.17950138,0.013316873
-0.029293183,1.1847783,0.19294086,-0.017127687,-0.004696848,-0.0030332378,0.03528284,-0.036851022,0.0,-0.12964055,0.280001,0.121622995,0.0,0.09700281,0.0,0.056032956,0.0,0.0030525122,0.0,0.13153283,0.0,0.011644717,0.0,-0.056835327,0.24823667,0.407181,0.10556497,0.015689312,0.21834968,-0.005509226
-0.0559804,-0.24211198,-0.117269956,0.02683455,-0.038768075,-0.010261032,0.032634947,-0.022094067,0.0,0.07636646,0.33723843,0.04931372,0.0,-0.24842119,0.0,-0.017663134,0.0,-0.002219088,0.0,0.08169765,0.0,0.11313895,0.0,-0.0927816,0.23855537,0.35472736,0.09771347,-0.08358187,-0.22580853,0.017651748
0.11567855,-0.20572662,-0.032852985,-0.21178994,-0.00151566,-0.0059186695,0.023449428,-0.03140385,0.0,0.19635454,0.30958074,0.07336234,0.0,0.092431866,0.0,-0.025580892,0.0,-0.00067638536,0.0,0.08912797,0.0,-0.06387808,0.0,-0.072598755,0.22095445,0.33627853,0.11604887,0.019758094,0.27731133,0.00078585715
-0.038380157,0.07911813,0.49194688,-0.16282552,0.013583148,0.006447809,-0.10707607,-0.028475024,0.0,-0.08750991,0.16662963,0.08087638,0.0,0.06588136,0.0,-0.056103006,0.0,0.033888068,0.0,0.07899645,0.0,0.12684837,0.0,0.33095536,-0.6050142,0.2854041,0.13452551,0.02399306,-0.16453665,0.066426456
-0.027602429,-0.6157536,0.3220575,-0.31953374,-0.07695117,0.008678245,0.023605337,-0.041480493,0.0,0.1848506,0.20916703,0.06937882,0.0,0.09319153,0.0,0.110843815,0.0,0.0036274043,0.0,0.095299356,0.0,0.13833469,0.0,0.15007417,-0.68554604,0.22169024,0.14442925,0.007320954,0.27508777,0.025373958
0.01655844,-1.3546244,-0.009482887,-0.21657047,0.029455064,-0.0020260783,0.021323008,-0.020952646,0.0,0.13795908,0.13925114,0.042285904,0.0,0.10230833,0.0,-0.047913916,0.0,0.0064298,0.0,-0.27536577,0.0,-0.10430976,0.0,-0.31097808,-0.92145145,0.19059105,0.05539058,0.0036256309,-0.3013054,0.012980399
-0.05179912,-0.22558704,-0.019586695,0.25988516,0.01767509,0.13056955,0.07025119,0.44217432,0.0,0.02344047,-0.1784615,0.05929193,0.0,0.072693,0.0,0.015810233,0.0,0.01101007,0.0,0.13575993,0.0,0.053862777,0.0,0.0680832,0.07101791,-1.8982888,-0.17872839,0.012390254,-0.18031612,-0.0019143751
-0.0747079,0.77428913,-0.07240565,0.53264546,0.013889207,0.020176949,-0.16662431,-0.027565306,0.0,-0.07042266,-0.21342424,0.042654347,0.0,-0.44272655,0.0,-0.111379534,0.0,0.03383788,0.0,0.073814735,0.0,-0.0103522735,0.0,0.06526093,0.08479189,-2.369912,-0.2345548,0.015382933,-0.12288059,-0.0064823097
-0.03360905,0.6955535,-0.39895064,-0.011899971,0.035597,-0.0033263203,0.011741901,-0.024398811,0.0,-0.18407565,0.28870508,0.08886868,0.0,0.082716756,0.0,0.03820185,0.0,-0.0060583306,0.0,-0.24978799,0.0,-0.070739344,0.0,-0.06349904,0.28387383,0.4129455,0.10549301,0.005083834,-0.16706781,-0.05108351
-0.039014254,1.1617627,0.22204715,0.19165382,0.0032178825,0.010824349,0.03401312,-0.037006516,0.0,-0.08106862,0.2727354,0.1160088,0.0,0.09463913,0.0,0.075973645,0.0,-0.0014342042,0.0,0.0788125,0.0,0.05175445,0.0,-0.053070765,0.26237166,0.40148535,-0.21973918,0.014078643,0.2197546,0.007172021
-0.03968918,-0.21594582,-0.32422894,-0.1292612,-0.0042366525,-0.011986323,0.01794466,-0.056127235,0.0,0.060302906,-0.34261367,0.049884498,0.0,-0.18800357,0.0,-0.023213174,0.0,-0.003225954,0.0,0.04462868,0.0,-0.062228438,0.0,-0.14095747,-0.6714774,0.20832904,-0.22413452,0.013417274,0.38550478,0.023650588
-0.022882456,0.13121106,0.17501855,-0.39194995,-0.0016113305,-0.018916003,0.033697136,-0.015895609,0.0,0.10559817,0.29551473,0.06307187,0.0,-0.28325075,0.0,0.013006286,0.0,0.0026915246,0.0,0.050888397,0.0,0.018365573,0.0,-0.08127551,0.2518053,0.37142733,0.1032683,-0.04862863,-0.20777415,0.009571291
-0.010305755,0.50315475,-0.04601026,-0.08172268,-0.00676388,0.003825239,0.023767143,-0.04675075,0.0,-0.15441394,0.2607096,0.10099976,0.0,0.09470585,0.0,0.04940225,0.0,-0.0014342042,0.0,0.08984466,0.0,0.068088196,0.0,-0.059802897,0.2509748,0.39019993,0.108481795,0.010644152,0.2224414,0.0068848217
-0.019037783,0.3085003,0.08664256,-0.3209671,-0.0053400807,0.012795092,0.036167767,-0.053289235,0.0,-0.11714663,0.31308997,0.065790124,0.0,-0.2552705,0.0,-0.03057561,0.0,0.006268165,0.0,0.06977746,0.0,-0.033104382,0.0,-0.056058016,0.23140411,0.37852907,0.088539004,0.008733257,0.2173264,0.0063816644
-0.053975295,0.8707631,-0.35466075,0.17661369,-0.051199336,-0.026447056,-0.111565605,-0.015575998,0.0,-0.0492438,-0.37069857,0.13565736,0.0,0.0872246,0.0,0.0040938538,0.0,-0.00676109,0.0,-0.55636877,0.0,-0.045402806,0.0,-0.068019666,0.23358065,0.37269393,0.07959129,0.012671874,-0.17927523,-0.0400152
-0.050438464,-0.023084167,-0.044308934,-0.20729962,-0.046083093,0.013913057,-0.03528948,-0.01845493,0.0,-0.033494577,-0.39317,0.0774498,0.0,-0.22759931,0.0,-0.016786814,0.0,-0.0068430365,0.0,-0.25781366,0.0,-0.037746947,0.0,-0.09414317,0.16705957,0.3072279,0.06966218,0.00068664964,-0.23724197,-0.10356718
-0.047901735,-0.35081038,-0.50385344,0.10149974,0.0004156449,0.119429715,0.08649482,0.3588682,0.0,-0.031015271,-0.17818394,0.059001822,0.0,0.04908222,0.0,-0.046613574,0.0,-0.0019030025,0.0,0.12939344,0.0,0.031958085,0.0,0.06813009,0.070788674,-1.8982888,-0.1773174,-0.121198945,-0.17593165,-0.016398119
-0.046837494,0.17140508,-0.10844526,-0.03784976,-0.015465865,0.0027117128,0.02433882,-0.041185014,0.0,-0.15641193,-0.21486884,-0.39934584,0.0,0.0571327,0.0,0.045969285,0.0,-0.00676109,0.0,0.024241947,0.0,-0.091435984,0.0,-0.06671301,0.10140088,-1.7966093,-0.13112381,0.042707875,-0.12763476,-0.068789214
-0.00070957636,-0.7021284,-0.07163012,0.15625827,-0.014655143,0.013700383,0.010821304,-0.0214379,0.0,0.14261031,0.15883054,0.05268402,0.0,0.10121468,0.0,-0.041642547,0.0,0.0030096334,0.0,-0.28874916,0.0,-0.13391607,0.0,-0.27000675,-0.92283964,0.22797078,0.06495524,0.0040540257,-0.23934919,0.0317815
-0.037984483,-1.0588547,-0.35568124,-0.013876576,0.011483917,0.09840699,0.10453048,0.24667741,0.0,-0.0063585592,-0.17856058,0.048038613,0.0,0.077514246,0.0,-0.0076298593,0.0,-0.0124927405,0.0,-0.46512556,0.0,0.08297475,0.0,-0.06357353,0.090029016,-1.78615,0.042455412,0.0184812,-0.28615716,0.018711908
-0.07163421,-0.86615735,-0.50481063,-0.70424545,0.02127281,0.005188305,-0.105757125,-0.0440393,0.0,0.108106785,-0.21136038,0.0608936,0.0,0.06895684,0.0,0.075265646,0.0,0.001070878,0.0,0.106749214,0.0,0.07108678,0.0,-0.06604978,0.0929088,-1.7183691,0.0929122,0.0062385383,-0.19698709,0.031698577
-0.025447814,0.5748811,0.0028826082,-0.0014244525,-0.021920724,-0.009725189,0.06058071,0.17385234,0.0,-0.0732746,-0.33699542,0.1273917,0.0,0.06821371,0.0,0.07325305,0.0,-0.0015191506,0.0,0.06907455,0.0,0.073679455,0.0,-0.068598665,0.24834308,0.35731015,-0.24612701,-0.08435896,-0.18641496,0.011524368
-0.038233366,-1.1468034,-0.38527015,-0.17573234,0.0075467154,-0.00479876,0.026396519,-0.029208366,0.0,-0.017796598,-0.20975512,0.044622913,0.0,-0.13514674,0.0,-0.045911193,0.0,0.0074594254,0.0,-0.19615977,0.0,-0.074868634,0.0,-0.28759104,-0.7140623,0.20321047,-0.12082362,-0.026951505,-0.28693268,0.049000982
-0.047242425,0.08837077,0.013802746,-0.019725855,-0.016730836,0.0017325426,-0.11666964,-0.0319962,0.0,-0.1572361,-0.1917731,-0.39934584,0.0,0.057505462,0.0,0.04739311,0.0,-0.0065192226,0.0,0.019504556,0.0,-0.060432352,0.0,-0.06684624,0.10873268,-1.7560234,-0.1162288,0.03949709,-0.12660663,-0.06431842
-0.029970685,-0.4113871,0.027333563,-0.17920099,-0.004795509,0.022967778,0.023320273,-0.040814064,0.0,0.10177723,0.30093178,0.052211083,0.0,-0.27765507,0.0,-0.10523684,0.0,-0.00209094,0.0,0.06384321,0.0,-0.094225995,0.0,0.058716178,0.170631,0.29960743,0.10315556,-0.008451937,0.2329664,0.042123374
0.048684385,-0.24018064,0.698861,-0.2818074,0.21777679,0.0335532,0.1164717,-0.019087322,0.0,0.10361002,0.11159631,0.035073217,0.0,-0.22408989,0.0,0.16466165,0.0,0.005837987,0.0,0.0979528,0.0,0.16214179,0.0,0.04679088,0.07477397,-1.2429701,0.0718688,0.02256643,0.15996383,0.018139493
-0.028620254,0.6566583,0.016705135,0.01847112,0.0181262,-0.002624138,0.025025578,-0.028376652,0.0,0.18406488,0.21937844,0.11324555,0.0,0.13510959,0.0,0.04209167,0.0,-0.0014251922,0.0,0.07649164,0.0,-0.048247565,0.0,0.06733612,0.22470485,0.3922266,0.12939353,0.0042911316,0.18748644,0.0060812216
-0.03778024,0.04136782,-0.08924633,-0.039824314,0.002286021,-0.00899949,0.040765498,-0.040330328,0.0,-0.07935875,-0.41433194,0.07595991,0.0,-0.20811251,0.0,0.0900154,0.0,-0.0015962599,0.0,0.027334169,0.0,-0.06873229,0.0,-0.080601186,0.20809536,0.30523327,-0.20688674,0.0023904922,-0.20629033,0.019068882
0.0071389684,-0.18279421,0.63900626,0.051091094,-0.29944247,-0.0065633897,-0.29288664,-0.0074818637,0.0,0.12939852,0.13193752,0.033839475,0.0,-0.2187004,0.0,0.14660808,0.0,0.004014672,0.0,0.046243556,0.0,0.09426979,0.0,0.051307276,0.11968816,-1.3041557,0.068895526,0.02278075,-0.052487068,0.0526607
-0.012026694,-0.115370296,-0.49960136,-0.13041863,-0.021701597,-0.0031655014,0.01484657,-0.04167984,0.0,-0.14209789,-0.42928144,-0.5749429,0.0,0.04067266,0.0,0.03611483,0.0,-0.0013288092,0.0,0.0413912,0.0,-0.100594744,0.0,-0.09976037,0.20521295,0.27984428,0.09847746,-0.33212307,-0.19780202,0.01946034
-0.043820776,-0.7911604,-0.38493675,-0.3186171,0.019543612,0.0200917,-0.10175883,-0.03432192,0.0,0.0056147,-0.39059174,0.04778935,0.0,-0.11782353,0.0,-0.094849914,0.0,-0.004384209,0.0,-0.20326816,0.0,-0.016391864,0.0,-0.085684516,0.18032824,0.2835258,-0.07060702,-0.022623228,-0.16033894,0.0321342
-0.055434026,-1.8071469,-0.66204745,-0.3282893,0.019541297,-0.0485532,0.054109626,-0.053546418,0.0,-0.09091577,-0.1919734,-0.35675913,0.0,0.13296874,0.0,0.06525701,0.0,0.00926481,0.0,0.16161618,0.0,-0.44994226,0.0,-0.06916765,0.09603093,-1.5928221,0.08079889,-0.56397206,-0.22777487,0.012653737
-0.022758368,0.5336044,0.13823377,-0.07000078,-0.005726017,-0.002038189,0.025911829,-0.046064034,0.0,-0.15892644,0.31085238,0.09635793,0.0,0.09449974,0.0,-0.041358154,0.0,-0.002184315,0.0,0.09271175,0.0,-0.028218493,0.0,0.06873329,0.20356318,0.38686416,0.1554467,0.007830106,0.1777808,-0.0002736279
-0.049779825,-0.21041226,-0.5060583,-0.39152,-0.0062440033,-0.008362385,0.037725095,-0.019644124,0.0,0.040910862,-0.2248854,0.035333276,0.0,0.057172168,0.0,-0.09475284,0.0,0.0056721745,0.0,-0.37513113,0.0,-0.005939519,0.0,0.05471219,0.046198845,-1.774504,0.07103117,0.0032751074,-0.15998097,0.0022913874
-0.039570335,-0.68231046,-0.1754693,-0.44356287,-0.043419003,0.014341584,-0.12935892,-0.05224971,0.0,-0.050991144,-0.2567894,0.047660686,0.0,-0.1991496,0.0,0.067230366,0.0,-0.0043019615,0.0,0.084494874,0.0,0.026225425,0.0,0.25409526,-0.47972873,0.25333294,0.09377989,-0.016373947,-0.13627566,0.026969075
-0.06103741,1.0570318,-0.3244834,0.7438163,-0.0014253276,-0.012616498,0.020646648,-0.033723664,0.0,-0.05747771,-0.43470818,-0.42966446,0.0,0.08702804,0.0,0.020053418,0.0,-0.00676109,0.0,0.14620824,0.0,-0.08436872,0.0,-0.07825667,0.25290972,0.34592348,0.14115195,0.008743516,-0.13935797,-0.014243049
-0.020886807,0.20994107,0.0022853676,0.032200728,0.0010457794,-0.0034808249,0.06281744,-0.045182746,0.0,0.1683799,-0.3982249,0.11060663,0.0,0.0930746,0.0,0.07578491,0.0,-0.002188489,0.0,0.07629886,0.0,-0.072108656,0.0,-0.06569033,0.17755389,0.30037743,0.14449511,0.0035792852,0.32084194,0.023980865
0.15192953,-0.34424713,0.06340924,0.21508771,0.024387568,-0.010771275,0.014006329,-0.028314114,0.0,-0.04286188,0.28097975,0.047199372,0.0,-0.15345682,0.0,-0.023578035,0.0,-8.41562e-05,0.0,0.0622324,0.0,-0.056548975,0.0,-0.099709615,0.23799014,0.3129814,0.06208798,0.0900067,-0.19543779,0.003025459
-0.039631873,-1.0919732,-0.04065662,-0.4196675,-0.0084670605,-0.09411767,0.06069698,0.16238795,0.0,-0.015317372,-0.17370318,0.033881806,0.0,-0.30987743,0.0,-0.071992114,0.0,0.008693775,0.0,-0.3831799,0.0,0.06594389,0.0,-0.053529907,0.08691596,-1.6781172,-0.09880071,-0.011865742,-0.18604815,0.010545375
0.18445992,0.0447374,0.07240194,-0.16585155,-0.025344104,0.0761104,0.094533496,0.3396246,0.0,-0.07100219,-0.43685776,0.108035095,0.0,0.065938465,0.0,0.11726369,0.0,-0.0013885316,0.0,0.058775466,0.0,0.10829501,0.0,0.07646865,0.15798818,0.24883261,-0.24068293,0.013841915,0.25438216,0.006854408
-0.05553531,-2.0708225,-0.397179,-0.33004367,-0.0138117885,0.037944198,0.026630012,-0.048994336,0.0,0.1125594,-0.20004322,0.035154555,0.0,-0.51715165,0.0,-0.05095622,0.0,-0.020448184,0.0,-0.38956055,0.0,0.063383326,0.0,0.053226236,0.0340319,-1.6860242,0.061691478,0.051372204,-0.23233294,0.037748706
-0.025966495,-0.63304305,0.11864563,-0.3369726,-0.04387399,0.004707536,-0.14160542,-0.025164928,0.0,0.18597448,0.19304425,0.06320771,0.0,0.07481313,0.0,-0.07768034,0.0,0.0038481785,0.0,0.0891627,0.0,0.06822336,0.0,-0.27943626,-0.95253503,0.1894948,0.10388664,-0.050845936,-0.23074599,0.025483584
0.015814086,-1.2948313,-0.17268433,-0.12131382,-0.038735233,-0.002757416,0.017702648,-0.04489002,0.0,-0.13197061,0.14613013,0.04158058,0.0,-0.12674434,0.0,0.024127483,0.0,0.0059605613,0.0,0.075787604,0.0,-0.117061704,0.0,-0.2582275,-0.95345855,0.21172862,0.07751838,-0.004454599,-0.34467524,0.052036628
-0.048442338,-0.36319163,-2.0385096,-0.2173738,-0.011235442,0.0045783906,0.029648136,-0.07684449,0.0,-0.0949432,-0.291671,-0.45833173,0.0,0.0353312,0.0,0.06591396,0.0,-0.006892547,0.0,0.02390652,0.0,-0.14174545,0.0,-0.2804923,-0.84570444,0.1753417,-0.60402346,0.008771627,-0.15640396,-0.06838853
-0.03536863,-0.39677048,0.33035463,-0.17722332,-0.0028399897,-0.005555579,0.024881894,-0.020023163,0.0,0.08910393,0.317172,0.06884128,0.0,0.06879596,0.0,0.10964335,0.0,0.0028836709,0.0,0.06628116,0.0,0.1416391,0.0,0.05907485,0.18409699,0.32121128,-0.2760209,-0.011829363,-0.1857223,-0.004170627
-0.024952862,0.56976765,-0.23794863,0.10514117,-0.018405855,-0.002066195,0.04509499,-0.036400076,0.0,-0.12943602,-0.41072577,-0.7152201,0.0,0.048862718,0.0,0.024990099,0.0,-0.0013288092,0.0,0.04133761,0.0,-0.07033348,0.0,-0.07060207,0.23000549,0.3292355,0.07922859,-0.056350246,-0.11812143,0.013988284
-0.03646493,-0.11563372,-0.5760292,-0.23329715,-0.008305212,0.0051752212,-0.08450266,-0.032997005,0.0,-0.088417545,-0.41728666,-0.5442257,0.0,0.04685037,0.0,0.08592692,0.0,-0.0065192226,0.0,0.028026817,0.0,-0.076011494,0.0,-0.107905276,0.19492832,0.27629524,-0.20466474,0.007254671,-0.14505933,-0.06841695
0.010445209,-1.0071722,0.39490625,0.08761225,0.039388753,-0.016685829,-0.108340025,-0.0331249,0.0,0.1627452,0.19230261,0.06161114,0.0,0.11775289,0.0,0.094424576,0.0,0.022309035,0.0,0.0793035,0.0,0.14916025,0.0,0.18611348,-0.6422424,0.23539622,0.14534,0.00504197,0.39335823,0.030608319
-0.03126589,0.2399073,0.094944276,-0.11648361,0.0496444,0.0033866626,0.018452734,-0.047372308,0.0,-0.11012774,-0.45871216,0.09668994,0.0,0.057288222,0.0,0.09958291,0.0,0.008064024,0.0,-0.1693482,0.0,-0.06921023,0.0,-0.048536025,0.18728414,0.31050283,-0.22450471,0.0044349236,0.2642991,0.0036229636
-0.0059943185,-0.44252366,0.0015167157,-0.68504417,-0.20218228,-0.024262253,0.1184399,-0.013370972,0.0,0.1394642,0.17791456,0.057879187,0.0,0.08938517,0.0,-0.13186654,0.0,0.004125362,0.0,0.062414676,0.0,0.114551865,0.0,0.28113908,-0.6077942,0.1611974,0.07228392,-0.17851406,-0.16865698,0.033790987
-0.03765699,-0.57153744,-0.4058366,-0.26324925,-0.0087704435,-0.0038232182,0.023256615,-0.069184504,0.0,-0.055220272,-0.30348924,-0.41201994,0.0,0.07873466,0.0,-0.019698808,0.0,-0.006892547,0.0,0.03676006,0.0,-0.12952553,0.0,-0.30082998,-0.8649529,0.19586772,0.086667374,0.04028973,-0.15956457,-0.059871998
-0.032435827,1.1662638,0.13874911,0.22403982,0.0049002673,-0.0046875607,0.031166863,-0.03520567,0.0,-0.10660466,0.27638215,0.11926994,0.0,0.097556405,0.0,-0.043266825,0.0,-0.0022448525,0.0,0.10732799,0.0,-0.026595417,0.0,-0.054232217,0.2574351,0.40535027,0.12623587,0.010994189,0.23360564,0.009450973
-0.01933049,0.5689348,0.043058485,-0.033022873,-0.0025276064,-0.002379402,0.035761673,-0.028612033,0.0,0.16608241,0.26563582,0.10228117,0.0,0.11184605,0.0,0.055783156,0.0,-0.001676071,0.0,0.072008036,0.0,0.03633369,0.0,-0.059764452,0.25130826,0.39181444,0.15214726,0.0065451623,0.21207419,0.0068699946
-0.044122078,-0.03359326,-0.30940983,-0.13546227,0.00965656,-0.003814213,0.011801584,-0.03857667,0.0,-0.09173209,-0.25457978,-0.48422906,0.0,0.045474656,0.0,0.06516831,0.0,-0.006892547,0.0,0.005275303,0.0,-0.13033663,0.0,-0.2654585,-0.8798051,0.1986883,-0.20094699,0.037469685,-0.17449316,-0.08405437
0.19195932,1.2560936,-0.022627147,0.7807478,-0.056203794,-0.0041787988,0.013592858,-0.032913342,0.0,-0.10296767,0.308619,0.12242592,0.0,0.098195225,0.0,0.03201984,0.0,0.0009424171,0.0,0.11694203,0.0,-0.064091876,0.0,-0.07375844,0.29066336,0.3921848,0.08917815,0.0142358905,-0.16875565,0.0010564465
-0.021968586,0.52992356,-0.062064484,-0.09971361,-0.007460924,-0.006673884,0.025523813,-0.045815405,0.0,-0.11479842,0.31028658,0.071916886,0.0,-0.30188724,0.0,-0.042237267,0.0,-0.0031374556,0.0,0.070756875,0.0,-0.053179584,0.0,-0.053976018,0.24460234,0.38551167,0.13609189,0.0055524632,0.23063448,0.016169874
-0.027781492,-0.7810068,0.4185316,-0.39231965,0.010043702,-0.01452038,0.08391806,-0.025692621,0.0,0.116834186,0.30896902,0.07375222,0.0,0.09251926,0.0,-0.21539518,0.0,0.0062622176,0.0,0.1150309,0.0,0.1450696,0.0,0.016833981,0.15369573,0.23849912,0.12693585,0.005344869,0.19367534,-0.0043394016
-0.046837494,-0.0052042482,-0.3686427,-0.18439198,-0.015465865,0.0027117128,0.014702176,-0.03847028,0.0,-0.16753006,-0.18828948,-0.39934584,0.0,0.040593933,0.0,0.09183236,0.0,-0.00676109,0.0,0.026523303,0.0,-0.11387907,0.0,-0.069606,0.10723508,-1.7444196,-0.17309372,0.0391998,-0.13953501,-0.068789214
-0.030584548,-0.035216518,0.62871313,-0.19162527,0.1140803,-0.03264448,0.11046193,-0.02163357,0.0,0.14162332,0.14825338,0.049034264,0.0,0.060176402,0.0,-0.17293075,0.0,0.0046288036,0.0,0.022046778,0.0,0.13698198,0.0,0.040268663,0.06472259,-1.3071191,-0.29242226,0.033766884,0.20753178,0.02690586
-0.030698279,-0.7349003,0.28176245,-0.29803196,0.007341045,0.012962053,-0.118630685,-0.029327543,0.0,0.16131282,0.313776,0.07019488,0.0,0.09111155,0.0,-0.20743415,0.0,-0.0009383878,0.0,0.11074033,0.0,0.07297911,0.0,0.113087066,0.16277702,0.32743979,0.119432636,0.0050240313,-0.17325272,0.0023264973
-0.047492683,-0.43067247,-0.35800853,-0.35876974,-0.028735759,-0.017385118,-0.16715957,0.11781715,0.0,-0.017097192,-0.40515408,0.05183016,0.0,-0.23380314,0.0,-0.0073199836,0.0,0.038953643,0.0,-0.38692608,0.0,-0.04365137,0.0,-0.09383321,0.1734606,0.2973163,0.04898342,-1.6426515e-05,-0.16948885,-0.088683754
-0.026553497,-0.22729036,-0.12790284,-0.30719593,-0.003117327,0.011110296,-0.0560947,-0.029223992,0.0,-0.11329389,0.20161316,0.041347302,0.0,-0.24881716,0.0,-0.027190067,0.0,-0.0014992547,0.0,0.057796307,0.0,-0.04349299,0.0,-0.27407563,-0.96917015,0.24114728,0.092354566,-0.16105413,-0.20413424,0.02214138
-0.058177073,-2.414958,-0.31404278,-0.25124216,0.002617716,0.022886263,-0.08702027,-0.031778794,0.0,0.11342108,-0.19110985,0.03443336,0.0,-0.41814664,0.0,-0.06453802,0.0,-0.010961408,0.0,-0.2791041,0.0,0.042708527,0.0,0.048293468,0.050703093,-1.7156194,-0.19081661,-0.17435658,-0.19405499,0.03671415
-0.04189907,-0.42980543,-0.21195194,0.041111894,0.024756111,-0.009641944,0.014738561,-0.058321152,0.0,0.008158115,-0.41342598,0.05418182,0.0,-0.20432246,0.0,-0.027746692,0.0,0.007909963,0.0,0.03762193,0.0,-0.059113964,0.0,-0.088126466,0.20155746,0.2850565,-0.16548152,0.027632365,-0.18897493,0.021541208
0.111461125,-0.36236426,0.028724374,-0.24552551,-0.0035062416,-0.0045215385,0.012081896,-0.029436087,0.0,0.11435415,0.3014263,0.07446407,0.0,0.09555498,0.0,0.025889557,0.0,-0.00067801913,0.0,0.07199502,0.0,-0.07854601,0.0,-0.07252872,0.21896519,0.328069,0.106825255,0.018708052,0.28966787,-0.00084107625
-0.09867291,-0.83853024,-0.51271623,-0.5496505,0.024843555,0.013704683,0.035073414,-0.052142076,0.0,0.032401413,-0.17493863,0.039089598,0.0,-0.11791863,0.0,-0.10973722,0.0,0.0052369814,0.0,0.08537232,0.0,-0.06345628,0.0,-0.05693608,0.089371,-1.6462992,0.0658847,0.049758434,-0.17415081,0.050456308
-0.029527243,0.57221854,-0.24520375,-0.015983246,-0.0017509011,-0.0023815194,0.023953244,-0.030715205,0.0,0.23059772,0.21937844,0.111065,0.0,0.11031251,0.0,0.07650093,0.0,-0.0014857298,0.0,0.06811885,0.0,-0.058260657,0.0,-0.0590575,0.2631945,0.39104593,0.13192914,0.003752517,0.23912002,0.01129481
-0.024921529,-0.38471302,0.04797991,-0.1291001,-0.06196259,0.0016020915,0.022568138,-0.023025472,0.0,-0.1647876,0.29651412,0.062534586,0.0,0.059225347,0.0,0.12490315,0.0,-0.0014961422,0.0,-0.39234853,0.0,0.13956746,0.0,0.053943932,0.13439415,0.3100399,0.109494865,0.006852768,0.22927243,0.0007128534
0.107896045,0.03945008,-0.17411733,0.14806163,0.04863451,-0.0043232637,0.023470573,-0.02903995,0.0,0.16807772,0.271702,0.092015885,0.0,0.09864181,0.0,0.08194717,0.0,8.2737184e-05,0.0,0.07776336,0.0,-0.07883425,0.0,-0.07592277,0.2295125,0.3479612,0.12884776,0.0045748833,0.27280626,0.0012789838
-0.043264918,-0.10076126,0.029296838,-0.31550616,-0.057792198,-0.005804581,0.017030789,-0.014285863,0.0,-0.09791048,0.2742582,0.072324134,0.0,0.07689534,0.0,0.01788555,0.0,0.030717649,0.0,-0.27681974,0.0,0.13376594,0.0,-0.09422483,0.22739832,0.3578214,-0.20642781,0.024198094,-0.2150924,0.016391689
-0.030875465,-0.5163516,-0.28949723,0.013030262,0.0056903474,-0.014423151,-0.058380924,-0.049985133,0.0,-0.038581375,-0.25797647,0.050060194,0.0,-0.26866055,0.0,-0.08083494,0.0,0.005890313,0.0,0.07616713,0.0,-0.04315505,0.0,-0.27528596,-0.7494105,0.20352282,0.07117194,-0.029859617,-0.1968715,0.019753717
-0.008278452,0.5335026,-0.09060136,-0.093775086,-0.0077489098,-0.002122766,0.014024339,-0.047661994,0.0,-0.11729384,0.2573711,0.09966421,0.0,0.090518765,0.0,0.04022803,0.0,0.0028455872,0.0,0.08755459,0.0,-0.071763836,0.0,-0.05961363,0.25206244,0.39030966,0.11654468,0.0075927246,0.24077244,0.002085524
0.10846856,-0.79912513,-0.11333283,-0.3294547,0.024839416,0.010585495,0.02983274,-0.044991184,0.0,0.15952235,0.25801834,0.06534069,0.0,0.12736781,0.0,-0.09762171,0.0,0.014572482,0.0,0.11140277,0.0,-0.11298304,0.0,0.07730798,0.16828921,0.30777565,0.09540083,0.0054668547,0.23899198,0.007559925
-0.041633308,-0.69299495,-0.1606638,-0.30814046,0.05769288,0.010597157,-0.15446125,-0.029114576,0.0,-0.13273798,-0.2557819,0.049993277,0.0,0.017270172,0.0,-0.08497273,0.0,-0.0028192396,0.0,-0.2887368,0.0,0.040756803,0.0,0.26605746,-0.42750838,0.26416224,0.06240131,-0.09625005,-0.11286583,0.032507367
0.1885734,-0.70484775,-0.37976104,-0.26281375,-0.016010545,0.018999316,0.030597249,-0.03219662,0.0,0.005436441,-0.22141129,0.04287225,0.0,-0.09132588,0.0,-0.08475496,0.0,0.0032291086,0.0,-0.23843959,0.0,-0.019720638,0.0,-0.26607606,-0.7308644,0.17094262,0.01637841,0.044147152,-0.19502075,0.007487167
-0.054310516,-0.99778765,-0.18443298,-0.5877554,-0.009896646,0.0028118116,-0.12805516,-0.04299545,0.0,-0.043376118,-0.18936193,-0.34008005,0.0,0.028771002,0.0,-0.0038994164,0.0,-0.0029499158,0.0,0.0007565319,0.0,-0.0756031,0.0,-0.061108623,0.09630382,-1.6715431,-0.14014229,0.049047813,-0.1455924,0.014444944
-0.045105264,0.18186387,-0.10946748,-0.32625395,-0.04348431,0.019158777,-0.1892684,0.14718764,0.0,-0.12225759,-0.1941104,0.046734232,0.0,-0.14763051,0.0,-0.1548882,0.0,0.01091667,0.0,-0.20041345,0.0,-0.024174359,0.0,0.04370443,0.07150206,-2.0628276,-0.14216965,-0.021991035,-0.13672666,0.011961277
-0.018953029,0.5760449,0.052786093,0.048695434,0.039231677,0.008672362,-0.07485791,-0.018352572,0.0,-0.14185552,0.22429065,0.08512851,0.0,0.08456716,0.0,-0.072511375,0.0,-0.0020029852,0.0,-0.25713828,0.0,0.014899281,0.0,-0.04662519,0.24334629,0.40388018,0.09546878,0.005054767,0.1775138,0.009799098
-0.033449147,-0.5407309,-0.18760566,-0.40651524,0.004602437,-0.004911648,0.039844997,-0.05638812,0.0,0.051701684,-0.304694,-0.40815616,0.0,0.0435786,0.0,-0.012660066,0.0,-0.0014602658,0.0,0.021552553,0.0,-0.08170754,0.0,-0.2745446,-0.7870009,0.19373956,-0.19221762,0.0034643053,-0.13205801,0.01858618
-0.049836393,-0.15961604,-1.0294344,-0.08865862,0.012959413,0.004439269,-0.09168204,-0.04517327,0.0,-0.12730934,-0.52306366,-0.64142674,0.0,0.052898094,0.0,0.038982466,0.0,-0.0065192226,0.0,0.023026068,0.0,-0.06483922,0.0,-0.09461893,0.21454656,0.28758654,0.05787763,0.0324872,-0.17126395,-0.064217925
-0.005807181,-0.6193335,0.38717082,-0.02102212,0.053916566,0.016342493,0.037987974,-0.041527715,0.0,0.10625576,0.1987192,0.044500053,0.0,-0.2981604,0.0,0.067757204,0.0,-0.02425719,0.0,0.05994,0.0,0.17276378,0.0,0.12098192,-0.62530386,0.22813734,0.12244571,-0.0067740493,0.2439181,0.05288912
-0.05020646,-0.28396606,-0.72138095,-0.43693683,0.010155214,0.0071254643,-0.12977259,-0.042182993,0.0,0.10700345,-0.23601899,-0.3606824,0.0,0.07608845,0.0,0.0022670925,0.0,-0.0065192226,0.0,0.06571169,0.0,-0.04488522,0.0,-0.072089165,0.09796884,-1.5704178,0.092595726,0.0055240076,-0.115929104,-0.07096309
0.11400683,-0.57220167,-0.20116585,-0.05394904,-0.013416528,-0.014767051,0.024602333,-0.028827589,0.0,0.08087168,0.28469086,0.052663296,0.0,-0.3584148,0.0,0.052292578,0.0,-0.0018342552,0.0,0.08737895,0.0,0.14039852,0.0,-0.069633394,0.19377775,0.32042655,0.0776761,-0.009692067,0.276718,-0.0010764982
-0.06986165,0.34608573,-0.7783858,-0.10001884,-0.0032618293,0.004411028,-0.119593315,-0.02622131,0.0,-0.14567071,-0.19382282,-0.44097537,0.0,0.05890987,0.0,0.04386215,0.0,-0.00676109,0.0,0.030991664,0.0,-0.06439165,0.0,-0.06111636,0.1070995,-1.9478753,-0.14118887,0.007081977,-0.08677548,-0.057522554
-0.06813056,0.91284806,-0.6883838,0.15122034,-0.012692219,0.027529385,-0.10186782,-0.028201876,0.0,-0.008389675,-0.29247698,-0.39043152,0.0,0.08605336,0.0,0.015980674,0.0,-0.0066506797,0.0,0.06775605,0.0,-0.07808837,0.0,-0.25083983,-1.0372745,0.23673834,-0.19619967,0.009124059,-0.12577432,-0.03887745
0.1835647,0.56098664,-0.17649741,-0.05305898,-0.0018675238,-0.00012266019,0.017823674,-0.03059357,0.0,0.11250451,0.3447837,0.099046245,0.0,0.08799364,0.0,0.10434188,0.0,-0.0003627009,0.0,0.07579169,0.0,-0.08160153,0.0,-0.103696436,0.28588486,0.36999103,0.121648446,0.00486371,-0.18767607,-0.006427838
-0.049943943,-1.0834284,-0.028850392,-0.7480886,0.023574024,0.014244669,0.038840067,-0.0743038,0.0,-0.028260024,-0.20913593,0.04972566,0.0,-0.10649899,0.0,-0.00068571884,0.0,-0.0046869856,0.0,0.06796406,0.0,-0.024780462,0.0,-0.2801669,-0.7716664,0.20431848,0.058707274,0.042407334,-0.19269638,0.035038438
-0.030894244,0.07919495,-0.2456236,-0.20859951,-0.021855442,0.017926011,-0.06389354,-0.015020021,0.0,-0.04031692,-0.2341682,0.07104686,0.0,-0.16593361,0.0,0.01707818,0.0,0.005096906,0.0,-0.22387855,0.0,0.059321314,0.0,-0.27429903,-0.7115611,0.22786143,0.09659895,0.0170558,-0.24510758,0.008563689
-0.045308806,-1.2488006,-0.727202,-0.4474254,-0.052463003,-0.00036440516,0.04983317,-0.037128873,0.0,0.044806335,-0.20320547,-0.34839675,0.0,0.056909498,0.0,-0.020879105,0.0,-0.017976549,0.0,0.019070012,0.0,-0.078593105,0.0,-0.0671271,0.0964143,-1.5745591,-0.19896296,0.0063130725,-0.2125245,-0.18075474
-0.04241624,-0.70292455,-0.12122094,-0.21991462,-0.06403518,0.019056432,-0.108681746,-0.02781885,0.0,0.09893334,-0.2580507,0.04303589,0.0,-0.22050811,0.0,-0.06481292,0.0,-0.004006828,0.0,-0.246377,0.0,-0.04484263,0.0,0.246201,-0.47833553,0.25300533,0.04522267,-0.022616517,-0.11480911,0.049746573
-0.04109524,0.56455517,-0.09920241,-0.06012514,0.009981105,-0.0026730243,0.018151648,-0.04548097,0.0,-0.098483354,-0.33550486,0.1234504,0.0,0.084649086,0.0,0.097543865,0.0,0.0030525122,0.0,0.05431741,0.0,0.05825365,0.0,-0.05495285,0.21770887,0.33929303,-0.24715471,0.0075020907,0.24297054,0.0017277105
-0.02772691,0.098745935,-0.3781189,0.37372407,0.029975351,0.008398468,-0.081440866,-0.04415016,0.0,-0.14544609,-0.1867143,0.03733799,0.0,-0.08711499,0.0,-0.105815135,0.0,0.0052014096,0.0,0.066684626,0.0,0.032434013,0.0,0.057162147,0.07108886,-1.7337404,-0.12760624,-0.012196742,-0.1323882,0.0517416
-0.041800693,0.5626697,-0.26038516,0.27620053,-0.005284433,-0.014574522,0.051934827,0.20523699,0.0,-0.06850819,-0.32140025,0.13497487,0.0,0.09791803,0.0,0.056476478,0.0,-0.002188489,0.0,0.0502157,0.0,-0.07653147,0.0,-0.054666393,0.21754712,0.29659438,-0.27815524,0.009038846,0.2659552,0.0146558825
-0.06747899,0.9884785,-0.37687695,0.35871726,-0.013591139,-0.013205825,0.018983338,-0.031418677,0.0,-0.012277395,-0.42298073,-0.43969402,0.0,0.075230755,0.0,0.035413127,0.0,-0.00676109,0.0,0.13188656,0.0,-0.08715698,0.0,-0.07654241,0.2535572,0.34584188,-0.19319136,0.043737248,-0.14792384,-0.0066308165
-0.027625192,0.122091025,-0.09486434,-0.26898998,-0.049784034,-0.0054756976,0.028235374,-0.014473288,0.0,0.14842561,0.2891955,0.07471612,0.0,0.09384377,0.0,0.014983423,0.0,-0.00056551234,0.0,-0.28914243,0.0,-0.065537475,0.0,0.086362,0.16335645,0.38073003,0.11484205,-0.040204126,-0.19322065,0.0067931777
0.002790604,-0.8583917,0.8378601,-0.20199871,0.07796061,0.02659149,-0.18577495,-0.022303035,0.0,0.19674712,0.14014056,0.049796727,0.0,0.08660111,0.0,0.17076193,0.0,0.019617153,0.0,-0.34543124,0.0,0.10679356,0.0,0.034886062,0.11217905,-1.4236175,0.109677,-0.0013857271,0.31777146,0.03184721
-0.025356075,0.26488194,-0.40754077,-0.19823216,0.0071816607,-0.0064661545,0.02751141,-0.032655805,0.0,0.059438936,-0.49090514,0.099275105,0.0,-0.31369832,0.0,-0.15580559,0.0,0.005802484,0.0,0.050836235,0.0,-0.045273595,0.0,-0.07219553,0.20495674,0.32438472,0.09607804,0.0031240962,-0.20923881,0.009935515
-0.060412593,0.30471167,-0.25717646,0.004782213,-0.013997644,-0.0026292575,-0.08779415,-0.02874015,0.0,-0.074163415,-0.2819975,-0.52959776,0.0,0.066680275,0.0,0.02091517,0.0,-0.006892547,0.0,0.023228874,0.0,-0.08211349,0.0,-0.26044643,-0.84175396,0.210139,-0.14947389,0.007185332,-0.11428704,-0.07278771
-0.04526387,0.2426295,-0.2592986,-0.05248564,0.01317823,0.0059466586,0.025629362,-0.040014222,0.0,-0.09332648,-0.5157964,-0.5965244,0.0,0.043658394,0.0,0.02359188,0.0,-0.0010869419,0.0,0.0076439744,0.0,-0.0825856,0.0,-0.07444998,0.2131965,0.2937669,-0.16663715,0.03292267,-0.12993035,0.014506333
-0.058908913,-0.3182612,-0.33707112,-0.29614374,-6.274841e-05,-0.0054153884,0.005749625,-0.048646186,0.0,0.0072348164,-0.28448507,0.048422646,0.0,-0.2206031,0.0,-0.009495461,0.0,0.03288997,0.0,0.035191372,0.0,-0.08597389,0.0,-0.251866,-0.8372915,0.20442954,-0.22567672,0.02471052,-0.25407502,-0.11821405
-0.047196176,-0.23897432,0.048935186,-0.18113956,-0.0115516465,0.004553122,0.018601503,-0.062996306,0.0,-0.09450845,-0.3111856,-0.39313498,0.0,0.046910666,0.0,0.065470465,0.0,-0.006892547,0.0,0.020706696,0.0,-0.14174545,0.0,-0.2819362,-0.8729647,0.19352049,-0.1998818,0.03925058,-0.16243389,-0.068858735
-0.028955609,-0.3845828,0.41075987,-0.31967497,0.011194295,0.004874919,-0.09853584,-0.027807884,0.0,0.16629574,0.3130193,0.07059377,0.0,0.079579085,0.0,0.079950854,0.0,0.0027565537,0.0,0.09553586,0.0,0.07977873,0.0,0.06241694,0.15478052,0.32333115,0.12277062,-0.05659508,-0.19679378,-0.008750096
-0.023053437,0.09475702,-0.1640462,0.038204234,-0.003261531,-0.0034808249,0.04737062,-0.0393914,0.0,0.16420642,-0.3883847,0.11060663,0.0,0.095017865,0.0,0.06701842,0.0,-0.002188489,0.0,0.06781717,0.0,-0.06307365,0.0,-0.065670565,0.17882906,0.2999385,0.14215225,0.008742573,0.33976847,0.009977925
-0.040518276,0.6883361,-0.14043689,0.09081399,0.024769878,0.013737746,-0.17429513,0.0794495,0.0,-0.103273794,-0.34475794,0.12745947,0.0,0.080591775,0.0,0.03107635,0.0,-0.0065192226,0.0,-0.28886756,0.0,-0.05089855,0.0,-0.06258281,0.24880145,0.3647368,0.080149055,0.0068453723,-0.19630317,-0.059028115
-0.05827072,0.5715512,-0.12080414,0.23524685,0.010898937,0.03249765,0.056659833,0.24978505,0.0,-0.062486038,-0.33340213,0.13635287,0.0,0.09992147,0.0,0.039792933,0.0,-0.0065192226,0.0,0.0727257,0.0,-0.082565084,0.0,-0.08069741,0.24446048,0.3570507,-0.21116051,0.01228133,-0.18619809,-0.05787358
-0.059648875,-0.04778297,-0.44152313,0.39477453,0.018129036,0.023040956,0.029790243,-0.040836282,0.0,0.011658013,-0.2159328,0.047473487,0.0,0.02369879,0.0,-0.13534445,0.0,0.004653509,0.0,-0.2582281,0.0,0.055687,0.0,-0.07848939,0.07038846,-1.548119,-0.14134729,0.0036575797,-0.14632134,0.036853187
-0.060825985,-0.19978365,-0.33811674,0.35584012,0.022729564,0.015334393,-0.073653735,-0.029531933,0.0,0.0055996412,-0.21240637,0.045557894,0.0,-0.09689348,0.0,-0.094468825,0.0,0.0049628317,0.0,-0.22241765,0.0,-0.04512559,0.0,-0.30597085,-0.7158447,0.1988528,0.044112265,0.05527884,-0.18456507,0.049697354
-0.04357736,-1.370641,-0.802069,-0.5825937,0.019773005,-0.032124724,-0.19268984,-0.046367377,0.0,0.049305964,-0.20267084,-0.34839675,0.0,0.12863712,0.0,0.09360956,0.0,0.003832529,0.0,0.10628331,0.0,-0.4297463,0.0,-0.079173684,0.10281691,-1.5038706,-0.22167498,0.019774662,-0.14734405,-0.17043178
-0.027467864,0.07831904,-0.3725829,0.24925728,0.04245929,-0.009747025,-0.15213549,-0.037553906,0.0,0.06327515,-0.38599345,0.08501803,0.0,-0.3412559,0.0,-0.11263999,0.0,-0.003076918,0.0,0.070119426,0.0,-0.031589244,0.0,0.06101138,0.13187319,0.3004027,0.115567654,0.0040412853,0.24761233,0.016363677
-0.027732681,0.15966085,-0.20831667,-0.21978427,0.040451784,-0.0047870153,-0.080123074,-0.037623286,0.0,-0.089003846,-0.4693978,0.09733019,0.0,0.06828263,0.0,-0.14957063,0.0,-0.0018695818,0.0,-0.2494543,0.0,-0.039608896,0.0,0.0505803,0.13885753,0.3213934,0.09797526,0.005024864,0.22823627,0.0077706734
-0.023549229,1.1244247,0.16387968,0.13145605,-0.032427944,-0.0042719147,0.0310786,-0.02280888,0.0,0.16467538,0.29185236,0.12757465,0.0,0.13367614,0.0,-0.037745446,0.0,-0.0012052439,0.0,0.11699902,0.0,-0.047589272,0.0,0.07948523,0.21136856,0.43421492,0.12836199,-0.20405822,-0.14184432,0.0057709515
-0.039185807,0.13560575,-0.048994858,-0.092523,-0.011566388,-0.010906256,-0.04353855,-0.040775258,0.0,-0.101940684,-0.49314088,0.10239213,0.0,0.09042343,0.0,0.07180975,0.0,-0.0067095645,0.0,0.038004942,0.0,0.07199908,0.0,-0.10130228,0.19584161,0.31542757,0.10789366,0.009454395,-0.24028507,-0.033816434
-0.031226348,0.5843579,0.044033665,-0.029384572,0.05501281,-0.008361233,0.017502273,-0.020138575,0.0,-0.07918819,-0.39171448,0.096866876,0.0,-0.20218427,0.0,0.036145728,0.0,-0.0015962599,0.0,-0.11829057,0.0,-0.054931246,0.0,-0.056980893,0.234017,0.34519473,-0.14951578,-0.011409985,-0.16601765,0.021410806
0.1584255,-0.20390366,0.21185714,-0.20863855,-0.028991692,0.019397523,0.039010912,-0.022451939,0.0,-0.16257502,0.176844,0.05205436,0.0,0.018585714,0.0,-0.07079593,0.0,-0.00022982637,0.0,-0.22468616,0.0,0.10828686,0.0,0.26890802,-0.6474369,0.24652506,0.066373415,-0.060504045,-0.14119604,-0.0042706896
0.17048325,-0.2269783,-0.29046178,-0.12727197,-0.011639994,0.015451674,0.013513961,-0.054605912,0.0,-0.033807553,-0.3891897,0.080819346,0.0,-0.2194598,0.0,-0.020148743,0.0,0.0002911141,0.0,0.07968832,0.0,-0.034977414,0.0,0.10802724,0.11603926,0.2844731,0.07455258,0.0085400455,-0.20269495,-0.005487599
-0.029483147,0.3503727,-0.37358576,-0.14068006,-0.042381812,-0.0075762947,0.017851125,-0.039014623,0.0,-0.09158192,-0.47399706,0.09519025,0.0,-0.2104983,0.0,0.077082746,0.0,0.0026747393,0.0,-0.24746846,0.0,-0.06489442,0.0,0.070452355,0.11598549,0.3330099,0.07520874,0.00543803,-0.1924105,0.008385336
-0.022413585,0.3745098,-0.14936513,-0.05795601,0.002679064,0.009461267,0.033154577,-0.036347616,0.0,-0.08679466,-0.4850915,0.09919138,0.0,-0.25482774,0.0,0.068919584,0.0,-0.0013543926,0.0,0.04786605,0.0,-0.06295678,0.0,-0.072276026,0.21082726,0.32869363,0.09725116,0.0029579375,-0.20597519,0.019765606
-0.04746104,-0.5170544,-0.3268229,-0.24618553,0.007815814,-0.004412544,0.025815755,-0.05946154,0.0,-0.02609864,-0.28620648,-0.39957318,0.0,0.06776897,0.0,0.019311104,0.0,-0.006892547,0.0,-0.032623343,0.0,-0.13117565,0.0,-0.26574787,-0.8050859,0.19232035,-0.18314242,0.012039617,-0.12622698,-0.07546411
-0.04232895,1.0146103,-0.21355017,0.12216074,-0.015516229,-0.0039166855,0.035483714,-0.041516908,0.0,-0.040953074,-0.38277125,0.1480091,0.0,0.112214856,0.0,0.029957054,0.0,0.008064024,0.0,0.1094378,0.0,-0.057184383,0.0,-0.056835327,0.22178577,0.3562719,0.11010951,0.007458901,0.24635562,-0.00715884
-0.019809814,0.4320474,-0.14858915,-0.15049973,-0.005077387,0.00010625093,0.015006863,-0.048487112,0.0,-0.1499873,0.31085238,0.09582283,0.0,0.084661126,0.0,0.08149657,0.0,0.0028455872,0.0,0.08403646,0.0,-0.07636827,0.0,-0.061227668,0.24939054,0.38680914,0.13840453,0.007626259,0.25710297,0.0003190824
-0.029547121,0.5601328,-0.15586428,-0.07775307,0.0023188088,-0.0023815194,0.01614151,-0.04324699,0.0,-0.13298634,0.21442422,0.10978359,0.0,0.08957245,0.0,0.044584554,0.0,-0.0014857298,0.0,0.07100285,0.0,-0.061785728,0.0,-0.056723148,0.25784793,0.39373094,0.117778026,0.0061170296,0.23043765,0.009761243
-0.032250587,-0.04225625,-0.21122184,0.3300256,-0.08623499,-0.0048903064,0.02677173,-0.037431113,0.0,-0.12366695,-0.21620941,-0.30984765,0.0,0.058518216,0.0,0.026584055,0.0,-0.003191783,0.0,0.04745068,0.0,-0.088988334,0.0,-0.06071962,0.106797725,-1.6694463,0.0676981,0.044892553,-0.13830079,0.012763786
-0.028180692,0.34506276,-0.11650523,0.09879276,0.00045540644,0.0057916255,0.042295527,-0.036860667,0.0,0.122614704,-0.4629103,0.11710116,0.0,0.093394905,0.0,0.08596071,0.0,-0.001946622,0.0,0.0455218,0.0,-0.0603452,0.0,-0.05979746,0.18994728,0.30676207,-0.27752587,0.009087237,0.2639641,0.0119874235
-0.032601792,-1.1894518,-0.115274906,-0.30320308,-0.052674633,0.007859621,0.019960308,-0.05734898,0.0,-0.05944657,-0.21400917,0.071656704,0.0,0.030530892,0.0,0.0036546139,0.0,0.008029768,0.0,0.07839279,0.0,-0.051960073,0.0,0.24757434,-0.6221896,0.25053537,-0.22268216,-0.08913716,-0.25137275,0.0124703515
-0.007819269,-1.1077467,0.3762714,-0.47374806,-0.23874848,0.05803731,0.08911964,-0.003145644,0.0,0.1743831,0.1439187,0.050415687,0.0,0.07590188,0.0,-0.12281042,0.0,0.0072711622,0.0,2.7137037e-05,0.0,0.118081816,0.0,0.049234495,0.066909276,-1.4775577,0.07990857,-0.038679104,-0.18195488,0.033538703
-0.028787132,-0.3751426,0.008559712,-0.06364145,0.02500886,0.099047266,0.066045,0.42168838,0.0,-0.023410592,-0.42894694,0.08515727,0.0,0.07976641,0.0,0.026753109,0.0,-0.00200356,0.0,0.15242791,0.0,0.049100056,0.0,0.06906091,0.13250588,0.23910183,0.10493777,0.014855223,0.2680713,0.014083097
-0.028198045,-0.4384688,-0.08809685,-0.13177414,-0.021399489,-0.005597447,0.0070163887,-0.025828743,0.0,0.10411366,0.3123674,0.06987538,0.0,0.116829455,0.0,0.013311883,0.0,-0.00056551234,0.0,0.10805626,0.0,-0.10676148,0.0,0.11349053,0.17182292,0.35911497,0.11911869,-0.0039518983,-0.20396957,0.004862249
0.13720141,0.5990268,0.14619315,0.04937443,-0.0029313862,-0.002624138,0.027039826,-0.028117007,0.0,0.17496066,0.21475486,0.11324555,0.0,0.119389884,0.0,0.041061435,0.0,0.0001432749,0.0,0.07499308,0.0,-0.01756623,0.0,0.06945243,0.22440258,0.38004005,0.10200359,0.0056931498,0.16947427,-0.0039036123
0.010255064,-0.9482382,0.011094238,-0.17211233,0.043120705,-0.0016051937,0.04521633,-0.05844054,0.0,-0.14436005,0.18608904,0.058146413,0.0,0.091933854,0.0,-0.115066886,0.0,-0.05682279,0.0,0.099043675,0.0,0.13662799,0.0,0.1603921,-0.628938,0.23374116,0.092072554,0.01487791,0.35083526,0.029014084
-0.052415986,-0.09946427,-0.3661551,-0.077003576,-0.009735185,-0.0065537672,0.01706906,-0.031361643,0.0,0.00762784,-0.38555026,0.07657544,0.0,-0.21999487,0.0,-0.053121567,0.0,0.03373521,0.0,0.061311264,0.0,-0.062233437,0.0,-0.099911384,0.1898881,0.29598802,-0.2147378,0.0064188787,-0.22103058,-0.087626085
-0.021020463,0.057797424,-0.025327412,-0.19897816,-0.02906216,-0.02709899,0.07781846,0.2159421,0.0,-0.10055522,-0.4490609,0.09499227,0.0,0.06658168,0.0,-0.1601398,0.0,-0.0029476117,0.0,-0.35023218,0.0,-0.07443964,0.0,-0.05584882,0.16501248,0.27633712,0.12507573,0.008798313,0.30216318,0.0197608
0.022298047,-0.5927447,-0.090131275,-0.3004865,0.02666155,0.010154636,0.051257942,-0.05682041,0.0,-0.15049233,0.17333086,0.05716576,0.0,0.086321466,0.0,-0.08521413,0.0,0.002431948,0.0,0.10257635,0.0,0.12718955,0.0,-0.1713621,-0.780485,0.23154308,0.062874675,0.016335368,0.4401215,0.007812704
-0.052575238,1.1269249,-0.32101384,0.059453763,-0.014123285,-0.012616498,0.029278448,-0.039343387,0.0,-0.050787393,-0.38602507,0.15046044,0.0,0.0945306,0.0,0.024318881,0.0,-0.00676109,0.0,0.17268832,0.0,-0.082163796,0.0,-0.080549605,0.25387073,0.37131298,0.10374695,0.0074093174,-0.19898814,-0.03260562
-0.027896995,-0.91647536,-1.5672379,0.27108127,-0.07744765,0.006825234,0.056103915,-0.059672937,0.0,-0.170545,-0.19196312,-0.40669784,0.0,0.02308139,0.0,0.027409453,0.0,-0.012544267,0.0,0.047264777,0.0,-0.09757648,0.0,-0.05858714,0.103845306,-1.6385514,0.3259378,-0.098616354,-0.15376425,0.011311671
-0.05404717,-0.64911205,0.22943856,-0.116091415,-0.02742204,0.023391938,0.045721535,-0.04037171,0.0,0.107080705,0.2891268,0.0519893,0.0,-0.27881426,0.0,-0.13385223,0.0,0.0049743066,0.0,0.07419931,0.0,0.11721627,0.0,-0.055471614,0.19518241,0.29383203,0.08883663,-0.006188676,0.28006688,0.046259314
-0.07478951,-1.2498446,-0.33221114,-0.26833186,-0.040569272,0.0069767204,-0.10083446,-0.0222049,0.0,0.08912753,-0.19124484,0.031183492,0.0,-0.30873322,0.0,-0.085708015,0.0,0.016793981,0.0,-0.25390536,0.0,0.042081084,0.0,0.049600795,0.05344533,-1.6992122,-0.07533731,-0.019984422,-0.22784275,-0.4466381
-0.029547121,0.53745246,-0.19354472,-0.06453941,0.00920498,-0.0023815194,0.01614151,-0.04324699,0.0,-0.13298634,0.2266813,0.09966421,0.0,0.08930297,0.0,0.044616185,0.0,-0.0014857298,0.0,0.07100285,0.0,-0.061785728,0.0,-0.056723148,0.25700092,0.3931164,0.11499754,0.0061170296,0.24030323,0.009761243
0.008112452,-1.0449963,-0.10957003,-0.06595903,0.026295438,0.007163846,-0.08614248,-0.03870235,0.0,-0.118689924,0.24346048,0.047239438,0.0,-0.241387,0.0,-0.10724564,0.0,-0.06581519,0.0,0.07516641,0.0,-0.084887475,0.0,-0.055757243,0.20223121,0.3043777,-0.15341799,-0.008568048,0.32652977,0.05361009
-0.0320142,0.72222114,0.35405082,0.0642647,0.0043006283,0.004649057,-0.13943186,-0.021540215,0.0,0.13829063,0.35078144,0.105114184,0.0,0.09813248,0.0,-0.08979944,0.0,0.033688467,0.0,0.06549484,0.0,0.049189113,0.0,-0.09007655,0.27489305,0.37420714,0.16041945,0.0051935925,-0.14733197,0.00031042125
-0.05391934,-0.12932724,-0.4617791,0.17616282,-0.056355417,0.0027593614,-0.14247525,-0.033167507,0.0,-0.08963236,-0.2077856,-0.2965306,0.0,0.06550553,0.0,0.027255248,0.0,-0.008382196,0.0,0.009377806,0.0,-0.053937312,0.0,-0.06852453,0.09887091,-1.6599878,-0.1517578,0.01891622,-0.10256915,-0.12843654
-0.055975035,-0.3942271,-0.21711186,0.11702156,0.0028481225,0.0071541797,-0.11332471,-0.055562615,0.0,-0.0022898715,-0.43654788,0.07364116,0.0,0.06563023,0.0,-0.04743667,0.0,-0.007278345,0.0,0.05453223,0.0,-0.022358546,0.0,-0.10422082,0.19361514,0.29366615,-0.2145838,0.0074538435,-0.1574597,0.021423878
-0.036310267,-0.5401118,-0.032625332,-0.18838766,-0.030119272,0.1417847,0.09648395,0.38689205,0.0,0.0084472615,-0.379153,0.0565692,0.0,-0.22472167,0.0,-0.01639904,0.0,-0.0037886898,0.0,0.07316572,0.0,0.058930524,0.0,-0.05129791,0.16080555,0.23263456,-0.16904134,0.02287098,0.24938032,0.040517785
0.32337996,1.0887598,-0.15250011,0.060092777,-0.028164623,-0.0137015665,0.03103985,-0.039921537,0.0,0.002449769,-0.35035303,0.1423949,0.0,0.08069468,0.0,0.051775813,0.0,-0.0006200222,0.0,0.16507034,0.0,-0.08319609,0.0,-0.058111902,0.22544332,0.34347594,-0.22017203,0.009687623,0.21722467,-0.0002502466
-0.06945671,0.19628859,-0.72329354,-0.121501304,-0.0009863613,0.0027117128,0.03432966,-0.041185014,0.0,-0.15641193,-0.21486884,-0.405784,0.0,0.05758858,0.0,0.044561274,0.0,-0.00676109,0.0,0.023830771,0.0,-0.0903787,0.0,-0.066006064,0.10140088,-1.8138831,-0.12633434,0.0068193395,-0.09792402,-0.06886932
-0.025744325,-0.53793204,0.17505996,-0.18416908,-0.029351514,0.015205084,0.033230986,-0.035666935,0.0,0.11590319,0.3145789,0.07019488,0.0,0.078442834,0.0,-0.19183907,0.0,-0.0009383878,0.0,0.109390534,0.0,0.114609465,0.0,0.113087066,0.16133632,0.32527798,0.12524188,-0.030633653,-0.18978335,0.0030065398
-0.019844932,0.462384,-0.005931613,-0.051047545,-0.008472807,-0.0028841163,0.02298071,-0.045313556,0.0,-0.12976217,0.25372434,0.097064294,0.0,0.09855694,0.0,0.07258561,0.0,-0.001676071,0.0,0.08005168,0.0,0.060496792,0.0,-0.057955418,0.25307095,0.3787914,-0.24497278,0.009862999,0.21757004,0.007101352
-0.033789117,-0.32912815,-0.85721517,-0.32673335,-0.007018101,-0.083598845,0.010485782,-0.064045906,0.0,0.0601263,-0.48443446,0.05782783,0.0,-0.22724825,0.0,0.01911483,0.0,-0.0015962599,0.0,0.07918843,0.0,-0.0666958,0.0,-0.09418132,0.19604336,0.28890094,0.091142215,-0.0010754998,-0.23341762,0.02253254
-0.026102051,-0.22331369,0.72361344,-0.09301366,0.02368863,-0.016231457,0.13693158,-0.018865623,0.0,0.148081,0.1527877,0.03824762,0.0,-0.1907745,0.0,0.17924306,0.0,0.003530141,0.0,-0.18117076,0.0,0.17404605,0.0,0.043172467,0.07015421,-1.3096176,0.09776796,0.028480174,0.27123195,0.016407546
-0.092213504,-0.5521656,0.18053629,-0.004406188,-0.070173115,-0.024580225,-0.35892728,-0.003124382,0.0,-0.0928089,0.18143703,0.04018101,0.0,-0.1529974,0.0,-0.09685901,0.0,-0.0020840343,0.0,-0.2092747,0.0,0.09585788,0.0,0.26649886,-0.66071725,0.18999006,0.049656443,-0.0075270245,-0.1378876,0.041466
-0.032002397,1.1497306,-0.029417839,-0.00037441083,-0.013598802,0.014132696,-0.055625886,-0.0321151,0.0,-0.094605684,0.27639186,0.12028745,0.0,0.09201721,0.0,0.046677656,0.0,-0.0012438626,0.0,0.11580336,0.0,-0.04590252,0.0,-0.057024594,0.2575634,0.40548292,0.11311592,0.013384696,0.23802954,0.009718852
-0.035783723,-2.087247,0.25236177,-0.63459355,-0.16861682,-0.004755833,0.08173608,-0.015031208,0.0,0.10331258,0.13312912,0.033839475,0.0,-0.46656343,0.0,0.1455643,0.0,-0.0077165943,0.0,0.032550782,0.0,0.1489458,0.0,0.05191197,0.05049941,-1.8695781,0.07804973,-0.2462289,-0.18145879,0.03848671
-0.027036011,-1.2846975,0.48198524,-0.29948995,-0.0144812735,-0.006056979,0.015780434,-0.039708346,0.0,0.1213921,0.2588508,0.07487452,0.0,0.1085854,0.0,-0.043993816,0.0,0.018112332,0.0,0.12674919,0.0,0.14463119,0.0,0.01782596,0.15641545,0.25578806,0.08922155,-0.0009794179,0.3156512,0.011630035
-0.023133643,-0.07256545,-0.08629975,-0.3169071,0.009221503,0.00907832,0.014888482,-0.037987996,0.0,0.14628516,0.2592823,0.0921555,0.0,0.10453044,0.0,0.019525258,0.0,-0.0011104592,0.0,0.07958188,0.0,-0.10141449,0.0,0.07020671,0.19052936,0.35312742,0.1379836,0.019365933,0.2806123,0.0049929027
-0.02641946,-0.27306363,-0.28823718,-0.24147949,-0.011863963,0.043820817,-0.22792253,0.13556941,0.0,-0.010275383,-0.2840696,0.04948537,0.0,-0.20746711,0.0,-0.03134382,0.0,0.007014078,0.0,-0.36987126,0.0,-0.060851578,0.0,-0.1510215,-0.6979099,0.18599768,0.05877895,0.0041282433,0.41640425,0.02561697
-0.056084506,-0.80153984,0.39996722,-0.19849378,0.052531928,-0.019177582,0.05335328,-0.03327243,0.0,-0.06799878,0.18439946,0.039851982,0.0,-0.2457821,0.0,-0.06598788,0.0,-0.016789678,0.0,0.0740029,0.0,0.13480109,0.0,0.26535296,-0.5801563,0.24869049,0.08677987,0.00018121296,-0.14859623,-0.39725962
-0.028244175,0.0658854,-0.35286623,-0.20688975,-0.042410363,0.012968187,0.03022475,-0.040638775,0.0,0.14999858,-0.4392797,0.09322909,0.0,0.07945971,0.0,0.065488294,0.0,-0.00057452405,0.0,-0.26276693,0.0,0.057767358,0.0,-0.08694382,0.18265922,0.3088704,0.094974466,-0.05093954,-0.24985895,0.007313453
-0.045927778,-0.46029055,-0.1723913,-0.35076043,-0.022825347,0.022396443,-0.09871905,-0.03918361,0.0,0.057955112,-0.42793113,0.048198916,0.0,-0.12484513,0.0,0.09852956,0.0,-0.0020030627,0.0,-0.25452304,0.0,-0.021244489,0.0,0.052803494,0.11657609,0.2715416,-0.124926046,-0.020263586,0.2094701,0.028565198
-0.038310952,-0.55775577,0.10022812,-0.19071627,-0.050045658,0.010584773,-0.09108401,-0.027680796,0.0,0.1762853,-0.28117213,0.05792723,0.0,0.06968125,0.0,-0.072696425,0.0,0.0037743757,0.0,-0.30077896,0.0,-0.0053024013,0.0,0.24898115,-0.4748531,0.26508704,0.07412956,-0.043952126,-0.12990898,0.026334316
0.119277015,-0.42668384,0.3586389,-0.2877958,0.007705009,0.0161252,0.04414475,-0.042650595,0.0,0.09026872,0.28936157,0.07353414,0.0,0.08678358,0.0,-0.11131618,0.0,0.003648015,0.0,0.104784645,0.0,0.10580343,0.0,0.025343271,0.14878659,0.3000671,0.11341716,0.004876527,0.22256635,-0.01225836
0.114034265,-0.5551783,0.23368832,-0.20099327,0.0020715753,-0.014914158,0.03775309,-0.02670425,0.0,0.10131935,0.2889568,0.07353414,0.0,0.09501432,0.0,-0.1848068,0.0,-0.0016402368,0.0,0.08189528,0.0,0.10288969,0.0,0.07631648,0.16687822,0.3005496,0.11795868,-0.012292395,0.22595163,-0.007175055
-0.03144613,-0.3220038,-0.45528686,-0.14833133,0.018247213,-0.012410607,-0.0431954,-0.041703157,0.0,-0.0351524,-0.34044376,0.04672284,0.0,-0.18238416,0.0,0.0010510816,0.0,-0.003225954,0.0,-0.18642372,0.0,-0.05865627,0.0,-0.12176393,-0.6133909,0.22081901,0.06415372,0.024991324,0.4332668,0.021120086
0.19606364,-0.33533412,-0.541223,0.09474878,0.019735869,0.10417437,-0.012594439,0.19035213,0.0,0.032168053,-0.20399989,0.0604156,0.0,0.073217236,0.0,0.016071381,0.0,0.003392377,0.0,-0.43736094,0.0,0.05715469,0.0,0.27040815,-0.4266652,0.23743106,0.051152866,0.0050262916,-0.1738221,-0.0007593617
-0.044791225,-0.8522235,-0.63282126,-0.27225667,-0.048805885,-0.0051201307,0.039442863,-0.063522644,0.0,-0.03377334,-0.28459784,-0.55785674,0.0,0.04602326,0.0,-0.027476426,0.0,-0.0046666153,0.0,0.016736068,0.0,-0.08282602,0.0,-0.111981295,-0.65034,0.17740789,-0.16202044,0.01104367,0.3453935,0.020434158
-0.06387081,1.1477269,-0.24551694,0.11575636,0.011609724,-0.013205825,0.029804962,-0.028549679,0.0,-0.0017694505,-0.37419477,0.14484625,0.0,0.09079131,0.0,0.03649395,0.0,-0.00676109,0.0,0.1345312,0.0,-0.08420886,0.0,-0.07659577,0.25933608,0.37143052,-0.20427652,0.0067186537,-0.17519705,-0.085387655
-0.023268824,-0.26711038,-0.072245345,-0.05355204,-0.007058651,0.0076233605,0.04243248,-0.1379683,0.0,-0.13052928,-0.21826054,-0.4377643,0.0,0.029780839,0.0,0.031579897,0.0,-0.001946622,0.0,0.05659788,0.0,-0.09463307,0.0,-0.08756126,0.08531028,-1.5221467,-0.12979257,0.05074185,0.36694917,0.011197711
-0.00062664616,-0.69269323,0.3392891,-0.066832654,-0.06136414,0.01669213,0.036368296,-0.03879253,0.0,0.13107474,0.19869116,0.044500053,0.0,-0.2981604,0.0,0.09571959,0.0,-0.013391727,0.0,0.08125403,0.0,0.14227626,0.0,0.13931443,-0.66317356,0.21538599,0.12043371,-0.005648707,0.25100374,0.05288912
-0.06693225,1.0582821,-0.3324275,0.7121487,-0.0031342553,-0.013205825,0.020342372,-0.031418677,0.0,-0.012277395,-0.42298073,-0.41056418,0.0,0.08017738,0.0,0.035413127,0.0,-0.00676109,0.0,0.13188656,0.0,-0.08715698,0.0,-0.07654241,0.2535572,0.34584188,-0.20100068,0.014785567,-0.1485473,-0.016985346
-0.057561472,0.572362,-0.04443894,0.04579064,-0.044844348,0.04129862,0.057752527,0.17033283,0.0,-0.05565656,-0.33263052,0.1070227,0.0,-0.22127749,0.0,0.040963307,0.0,-0.0067866733,0.0,-0.26168135,0.0,-0.08164564,0.0,-0.06451112,0.24871731,0.35485438,-0.16100645,0.0030652029,-0.1716888,-0.10488168
-0.010779892,-1.4595816,-0.25657302,-0.6737442,-0.06657958,0.031205852,0.10208585,-0.05195541,0.0,0.08133695,0.1319206,0.038762175,0.0,-0.6688901,0.0,-0.035060756,0.0,-0.0027032348,0.0,0.061640702,0.0,0.14293167,0.0,0.045114975,-0.02985826,-1.9357706,0.124334455,0.10035934,0.3474666,0.037616093
-0.029962018,-0.733703,0.051623043,0.10018808,0.028079301,-0.029651359,0.0114771165,-0.020376522,0.0,-0.024002172,-0.25003737,0.045522634,0.0,-0.246809,0.0,-0.00054062065,0.0,0.0049572443,0.0,-0.24574691,0.0,-0.060668495,0.0,-0.25566906,-0.7435311,0.20399596,0.04138611,0.091721535,-0.20257948,0.020698864
-0.038371112,0.21986817,-0.07953534,-0.2020234,0.019779608,-0.040242173,0.053816397,0.24263357,0.0,-0.03753676,-0.22363076,0.087076016,0.0,-0.25510806,0.0,-0.09695545,0.0,0.03541419,0.0,0.07298723,0.0,-0.090201035,0.0,-0.25596192,-0.8649472,0.23719648,-0.22378756,0.00040642067,-0.16611241,-0.06801316
-0.05327721,-0.08743641,-0.33952698,-0.2973383,-0.0067518638,-0.004583445,0.01768573,-0.032126375,0.0,0.041907787,-0.3973542,0.10084539,0.0,0.07446427,0.0,0.0630311,0.0,-0.0061881347,0.0,0.08749185,0.0,0.079638615,0.0,0.12931971,0.13121688,0.30727872,-0.2654423,0.006824583,-0.2226986,-0.028929599
-0.07533811,-0.30821276,-0.4045043,-0.42542252,-0.015210393,0.017752495,-0.10171573,-0.023428319,0.0,-0.17098522,-0.20453167,0.034503847,0.0,-0.20260452,0.0,0.06093454,0.0,0.03072692,0.0,-0.26183054,0.0,0.014672388,0.0,0.05234885,0.056768566,-1.8470106,-0.0854352,-0.0022035677,-0.14054738,-0.107450336
-0.00904843,-0.39948118,-0.020930387,0.061176218,0.070471786,0.020224608,0.12842563,-0.019678036,0.0,0.11561657,0.2021274,0.04703913,0.0,0.070688255,0.0,-0.12938827,0.0,-0.014577178,0.0,-0.19760899,0.0,0.14952777,0.0,0.1687609,-0.629681,0.14772204,0.11818995,0.009376764,0.2269494,0.035686444
-0.030002672,-0.52467024,-0.018633444,-0.07185398,-0.006325864,-0.005508806,0.019120887,-0.030206595,0.0,0.15339649,0.29877463,0.07271159,0.0,0.08027413,0.0,0.061024632,0.0,-0.001676071,0.0,0.09188598,0.0,0.08223544,0.0,-0.06287765,0.20138797,0.32641986,-0.2881434,0.00018515093,0.29710612,0.007845872
-0.040067483,-0.071624815,-0.4063549,-0.2154509,0.011089978,0.0027710963,0.02303195,-0.044232246,0.0,-0.18509008,-0.22843315,-0.33949217,0.0,0.020572908,0.0,0.090804204,0.0,-0.0013288092,0.0,0.0023764023,0.0,-0.11067219,0.0,-0.058375996,0.097773224,-1.7236501,-0.16860667,-0.36307436,-0.13415636,0.016104197
-0.021461602,-0.060949452,-0.22290221,-0.19612695,0.007799242,-0.0043232637,0.010573669,-0.038048502,0.0,-0.081171,0.2570931,0.08930914,0.0,0.073344134,0.0,0.023721764,0.0,-0.0014857298,0.0,0.07578276,0.0,-0.07614541,0.0,-0.060017977,0.22083212,0.3564707,0.13033532,0.006399641,0.32276064,0.008510045
-0.030483883,-1.2375183,-0.70386064,-0.70321375,0.01788802,0.00852164,-0.20934676,-0.04951593,0.0,0.08549378,-0.20239328,-0.35202506,0.0,0.13950045,0.0,-0.00039164454,0.0,0.037385993,0.0,0.10015959,0.0,-0.42709047,0.0,-0.0824726,0.10023079,-1.4986358,-0.22693451,-0.12399637,-0.14747275,0.013469242
-0.036125083,1.2839515,0.1447728,0.14021033,0.0012673992,0.009166026,0.032873224,-0.028699467,0.0,-0.102651104,0.30451196,0.12376147,0.0,0.08969278,0.0,0.048094284,0.0,-0.00057452405,0.0,0.099799834,0.0,0.050169684,0.0,-0.0687173,0.2918582,0.42484513,0.086875066,0.013856107,-0.17900543,0.00679261
-0.022931317,-1.0955806,-0.1659418,-0.055010684,-0.04460882,-0.01247841,0.030839736,-0.018802037,0.0,0.12230119,-0.2159225,0.04785295,0.0,0.06343265,0.0,-0.07065315,0.0,0.0074485196,0.0,-0.30280757,0.0,0.056156404,0.0,0.047290508,0.053040195,-1.7115049,-0.14600666,0.0028663578,-0.24150044,0.033804543
-0.047450524,-0.41758686,-0.063785695,-0.36944792,0.027581925,0.012668648,-0.09846427,-0.029188292,0.0,0.147432,-0.2813174,0.047808394,0.0,0.10250644,0.0,0.06781827,0.0,0.032879118,0.0,-0.3340734,0.0,0.013663547,0.0,0.27033567,-0.4359558,0.26236326,0.115545176,0.0066167307,-0.14960618,-0.022670722
-0.04489762,0.7283322,-0.19209144,-0.00042752648,-0.0019350064,-0.0018857758,0.018667,-0.027057342,0.0,0.14741156,0.25260234,0.11244301,0.0,0.116641045,0.0,0.06879445,0.0,-0.0060583306,0.0,0.06511206,0.0,-0.06380688,0.0,-0.08271573,0.294222,0.41161335,0.12373371,0.0037029344,-0.1758026,-0.06604143
0.3550833,-2.2761228,-0.30958503,-0.40101993,-0.011223476,0.03742321,0.017869184,-0.040872972,0.0,0.10215185,0.10161123,0.03194068,0.0,-0.5104584,0.0,-0.06683327,0.0,-0.030516276,0.0,-0.34601668,0.0,-0.27340105,0.0,-0.091755636,0.06698792,-1.7407547,0.049803626,0.051865373,-0.18229143,0.014381028
-0.03342219,-0.18894635,0.022540236,-0.28431505,-0.0035252974,0.008143795,0.0133975735,-0.03925007,0.0,0.11900687,0.34267807,0.06970025,0.0,0.10228554,0.0,0.00854234,0.0,0.03044346,0.0,0.07257325,0.0,-0.07534547,0.0,-0.10856551,0.25505048,0.35710332,0.12190168,0.018769063,-0.24115397,-0.042105738
-0.032116015,-0.51954347,-0.123720996,-0.10919187,0.0034627486,-0.0046662036,0.0010983887,-0.058328107,0.0,0.019909749,-0.44855183,0.07748564,0.0,0.085818626,0.0,0.008338718,0.0,0.0077964384,0.0,0.09013688,0.0,-0.06408819,0.0,-0.10188467,0.19845031,0.2882944,0.11383508,0.018095296,-0.2277211,0.0053792777
-0.03171844,0.72017807,0.33550084,0.017897718,0.001312664,-0.032272123,-0.12918146,-0.019220615,0.0,0.16140942,0.2543813,0.1191581,0.0,0.09597375,0.0,0.093845524,0.0,-0.0006364627,0.0,0.07587826,0.0,0.029701924,0.0,0.08418787,0.21576218,0.38386884,0.12085414,0.007058396,-0.14037964,0.003107989
-0.029311743,0.5297131,-0.3192498,-0.11905419,-0.012976332,-0.0023815194,0.016362032,-0.04680927,0.0,-0.13680394,0.21445227,0.10978359,0.0,0.08822335,0.0,0.046302255,0.0,-0.0014857298,0.0,0.08709511,0.0,-0.062528916,0.0,-0.05896272,0.2554543,0.3926923,0.118916415,0.007615354,0.23026143,0.009761243
0.11470247,-0.40935445,-0.016616901,0.030542081,-0.026744463,0.00888832,0.01985981,-0.043602955,0.0,0.071693845,0.2988226,0.07353414,0.0,0.07569434,0.0,0.00018832076,0.0,0.0022558093,0.0,0.09534328,0.0,-0.1144061,0.0,0.07795567,0.16706182,0.30367607,0.12316564,0.0022130331,0.22496435,-0.007515974
0.03671616,-0.49237752,0.3172743,-0.103263214,0.024869783,0.015790978,0.051795527,-0.042526565,0.0,0.12496533,0.27458844,0.06344802,0.0,0.08946028,0.0,-0.12466737,0.0,-0.00069523946,0.0,0.105052575,0.0,0.14524986,0.0,0.025664395,0.14937302,0.2904888,0.10142062,0.0065531624,0.23001602,0.008305116
-0.056296695,-0.52717817,-0.43221667,-0.07459815,0.01390879,-0.012545524,0.012943742,-0.030018095,0.0,-0.03856771,-0.2963878,0.04588663,0.0,-0.2748546,0.0,-0.029897265,0.0,-0.007173403,0.0,-0.19192149,0.0,-0.071485505,0.0,-0.25702384,-0.72398394,0.20761421,0.053254128,0.020475168,-0.20816995,-0.15190738
-0.031041157,1.2024938,0.32298294,0.03708675,-0.006330507,-0.004977841,0.032155026,-0.036946457,0.0,-0.13098867,0.2766625,0.12011494,0.0,0.10267697,0.0,-0.046932697,0.0,-0.002184315,0.0,0.1310903,0.0,0.0034449678,0.0,0.062507205,0.21127212,0.40473175,0.1258196,0.01305884,0.18686424,0.00136672
-0.054728333,-0.5601531,-0.35937384,-0.27922323,0.00647464,0.001967311,-0.09442703,-0.042218618,0.0,-0.10913327,-0.20990679,-0.33261055,0.0,0.05793749,0.0,0.01469399,0.0,-0.0065192226,0.0,0.003049188,0.0,-0.06545146,0.0,-0.06852453,0.107919045,-1.7060927,-0.15171513,0.04581985,-0.11760942,-0.06713196
0.11125152,0.6928016,-0.1730768,-0.06288282,0.017313583,-0.0018263918,0.020277668,-0.023487216,0.0,0.16965306,0.25947917,0.102010734,0.0,0.10438468,0.0,0.067124315,0.0,0.0009424171,0.0,0.06224528,0.0,-0.056883767,0.0,-0.083929166,0.2937273,0.3795566,0.09933039,-0.045352686,-0.17424807,0.0026822267
-0.06267114,-1.7204429,-0.53115237,-0.0856262,-0.013694294,0.019296732,-0.115149036,-0.029643033,0.0,-0.032072175,-0.16823551,0.03361259,0.0,-0.24666543,0.0,-0.061621133,0.0,-0.0059807776,0.0,-0.18497147,0.0,-0.1590698,0.0,-0.045560073,0.086127356,-1.6561304,-0.10644095,0.013827681,-0.14787455,0.034939624
-0.020780122,-0.23440115,-0.16427757,-0.14744721,-0.0563106,-0.006758142,0.013202872,-0.024564452,0.0,-0.16135499,0.316363,0.060490966,0.0,0.07773207,0.0,-0.036100093,0.0,0.0059565464,0.0,-0.32807606,0.0,-0.093632326,0.0,-0.05667832,0.17989129,0.35971603,0.10392151,0.021753984,0.27637118,-0.005306759
0.14524943,0.48716933,-0.16615625,-0.097593576,0.028386103,0.0057916255,0.013699439,-0.045761086,0.0,-0.10796502,0.2457342,0.09572875,0.0,0.08269458,0.0,0.05865713,0.0,0.0003246041,0.0,0.053859428,0.0,-0.07451834,0.0,-0.06608151,0.25662732,0.3739993,-0.21441273,0.0064129992,0.19719376,0.0016909506
0.10678811,0.40508926,-0.10821512,-0.09942946,-0.0015246999,-0.0001048404,0.024298873,-0.03214154,0.0,0.17696562,0.31115493,0.09782419,0.0,0.10055494,0.0,0.07339171,0.0,8.2737184e-05,0.0,0.06288848,0.0,-0.0743353,0.0,-0.07161093,0.2572149,0.373277,0.11972452,0.0036997148,0.25134438,0.0011393202
-0.026529664,0.11699042,0.035687745,-0.04953657,-0.017583823,-0.0032248853,0.03513517,-0.0477187,0.0,-0.123496085,-0.4439937,-0.57623,0.0,0.06482916,0.0,0.03678635,0.0,-0.00676109,0.0,0.03623132,0.0,-0.07603725,0.0,-0.098876126,0.19844314,0.2849051,0.07805532,0.042701624,-0.17464319,-0.06937556
0.14098644,0.5139992,-0.15662076,-0.0001989897,-0.008745195,-0.004024587,0.021619625,-0.046765137,0.0,-0.11007242,0.21020542,0.107290275,0.0,0.088366106,0.0,-0.0636845,0.0,-0.00067638536,0.0,0.0873673,0.0,-0.029115643,0.0,-0.061477922,0.25259033,0.3832157,0.11415048,0.008701645,0.20030549,0.00074617664
-0.03351227,0.2187835,-0.37623325,0.00492211,-0.00605006,0.004775368,-0.14760283,-0.022168132,0.0,0.19897386,-0.2216862,-0.43539008,0.0,0.0651458,0.0,0.05579948,0.0,-0.0010869419,0.0,0.026147941,0.0,-0.059903473,0.0,-0.060004853,0.10482553,-1.7054373,0.091147445,0.003366537,-0.113947734,0.019739924
0.13556688,-0.090468265,0.12272531,-0.17073898,-0.002763198,0.013998947,0.022449635,-0.030774023,0.0,0.10108311,0.27596834,0.0629556,0.0,-0.26466176,0.0,0.007834732,0.0,-0.0008993456,0.0,0.060224254,0.0,-0.042533707,0.0,-0.10218391,0.24599785,0.32998028,0.080712,0.0068674413,-0.23121955,-0.007743488
-0.0307354,-0.15889058,-0.27882636,-0.2782203,-0.018556738,0.021286467,0.015417354,-0.04657385,0.0,0.07340313,-0.35957825,0.050901763,0.0,-0.18126965,0.0,0.007524806,0.0,-0.002756404,0.0,-0.20486794,0.0,-0.07138731,0.0,-0.14468043,-0.70299655,0.21967141,0.093664184,-0.0006595072,0.4248197,0.025032667
-0.03671382,-0.339576,-0.8050104,0.04466802,-0.05310577,0.0025298032,-0.13320248,-0.039886177,0.0,-0.13375814,-0.20962922,-0.34267703,0.0,0.014197259,0.0,0.012301253,0.0,-0.0010869419,0.0,0.00084270426,0.0,-0.058745712,0.0,-0.05879858,0.09628479,-1.7013544,-0.15121058,-0.08626382,-0.09487858,0.011016684
-0.052164536,-0.3814386,-0.3052663,-0.14496738,0.05122759,-0.013894739,0.049747985,-0.04841457,0.0,-0.047178846,-0.21631216,0.036730602,0.0,-0.17031094,0.0,0.07898367,0.0,0.0045246566,0.0,0.090775535,0.0,0.08826784,0.0,0.058838468,0.07176303,-1.748359,0.061731335,-0.017233416,-0.17319974,0.045701295
0.20796983,0.5684222,-0.0693221,0.2952137,-0.014703299,-0.014574522,0.05162726,0.20261328,0.0,-0.068462364,-0.31499043,0.13497487,0.0,0.09208586,0.0,0.05544624,0.0,-0.0006200222,0.0,0.049940273,0.0,-0.08009584,0.0,-0.057601176,0.21724485,0.29003352,-0.23569188,0.0104408655,0.2468615,0.004347136
-0.025068274,-0.4435434,-0.18730135,-0.28889507,-0.003593817,-0.01534736,0.023674188,-0.030082894,0.0,0.06506296,0.30429834,0.052663296,0.0,-0.35304832,0.0,0.06630501,0.0,-0.0024492834,0.0,0.08891349,0.0,0.1310634,0.0,-0.05940095,0.19426247,0.33092165,0.09592324,-0.0059075924,0.2966561,0.023344913
-0.030423945,-1.2527003,-0.6056321,-0.64880013,-0.057090215,0.012450738,0.05718427,-0.058383003,0.0,0.08540847,-0.2029279,-0.35202506,0.0,0.13899232,0.0,-0.0048043597,0.0,0.037385993,0.0,0.073570095,0.0,-0.43919158,0.0,-0.08038662,0.1058315,-1.4708452,-0.22567707,-0.12182472,-0.15616989,0.014734155
-0.06499007,-2.557712,-0.5311759,0.21696366,0.04492314,0.0078068855,-0.08177366,-0.025085855,0.0,0.07522779,-0.17440115,0.0350267,0.0,-0.38730913,0.0,0.11011452,0.0,-0.006950506,0.0,-0.2818784,0.0,-0.22400793,0.0,-0.090580076,0.069424696,-1.5235659,0.058721434,-0.08766608,-0.2286934,0.035441946
-0.036784634,-0.18496695,-0.28220513,0.20676976,0.0060935146,0.0035596834,-0.15351333,-0.03701365,0.0,0.12622777,-0.22786255,-0.34338865,0.0,0.020886535,0.0,0.0023438497,0.0,-0.0013288092,0.0,0.038713276,0.0,-0.04062535,0.0,-0.060175736,0.098515995,-1.5443342,-0.18934333,-0.043629367,-0.118029006,0.011351593
-0.032424923,0.40585735,-0.27936214,0.099211946,-0.026668793,-0.0026213226,0.029677209,-0.046242785,0.0,-0.12804386,-0.44087282,-0.85434157,0.0,0.057836004,0.0,0.02444751,0.0,-0.002188489,0.0,0.045796357,0.0,-0.08459595,0.0,-0.056669787,0.19461331,0.2971793,0.09431342,0.0078095077,0.20089686,0.013988284
-0.04334825,0.3982616,-0.3759012,0.17117639,-0.046155,-0.0027364076,0.02518694,-0.039489157,0.0,-0.078363255,-0.4835455,0.095927335,0.0,-0.23178,0.0,0.040388905,0.0,0.030831173,0.0,-0.13947818,0.0,0.087231144,0.0,-0.07504563,0.18250261,0.32581308,0.073967986,0.008696662,-0.2098751,-0.055718027
0.10560621,0.4843165,-0.1615217,-0.109299675,-0.0019957188,0.00031164713,0.023142528,-0.03422081,0.0,0.1709703,0.3115597,0.097668245,0.0,0.10135096,0.0,0.11201674,0.0,0.0003246041,0.0,0.07878143,0.0,-0.076281205,0.0,-0.073983714,0.25481236,0.3734011,0.13262437,0.0049132924,0.24712284,0.0010786662
-0.045124657,-0.31798625,-0.21321076,0.21160096,0.017587852,0.011561596,-0.060460553,-0.03873792,0.0,-0.039992683,-0.20577823,0.03905787,0.0,-0.11520647,0.0,-0.036933545,0.0,0.005698232,0.0,0.084561355,0.0,-0.030425286,0.0,0.05782363,0.0689395,-1.8403735,0.06824035,0.07871128,-0.13835801,0.018096572
-0.034766953,-0.5597226,0.00856394,0.18029855,-0.0003791543,0.010163708,0.017019164,-0.0732704,0.0,0.005432636,-0.41809332,0.076115355,0.0,0.084455505,0.0,-0.007399202,0.0,-0.0013336466,0.0,0.09254481,0.0,0.052984096,0.0,-0.09649848,0.19414149,0.2903217,0.09631582,-0.006985894,-0.21459757,0.013300486
0.14657034,0.47481552,-0.12779859,-0.09252967,0.02406756,-0.004613914,0.014141372,-0.041750595,0.0,-0.07682054,0.2457342,0.09323544,0.0,0.08685124,0.0,-0.096687585,0.0,-0.00067638536,0.0,0.054199297,0.0,-0.059091017,0.0,-0.0655287,0.2484509,0.37408468,-0.2603052,0.0058533656,0.17153332,0.001004785
-0.04796724,-0.52204895,0.58354515,-0.08328519,-0.07448932,-0.016201204,0.035811234,-0.010956489,0.0,-0.09825433,0.19691539,0.04309842,0.0,-0.12990133,0.0,0.07248327,0.0,0.004487673,0.0,-0.28289637,0.0,0.15993415,0.0,0.13642263,-0.5829281,0.1881662,0.090375945,-0.004182552,0.23890407,0.040126182
-0.02528,-0.24767056,-0.045624003,-0.04839742,0.012024905,0.09092418,0.07918595,0.4109389,0.0,-0.08730393,-0.4191272,0.083641626,0.0,0.072012626,0.0,0.060560673,0.0,0.007996762,0.0,0.07194827,0.0,-0.10505994,0.0,-0.063528754,0.17668234,0.24099131,-0.23675835,0.009707446,0.29812822,0.005497112
-0.054502424,1.1373773,-0.26010197,0.21257544,0.011720934,-0.0034209408,0.032404,-0.030791445,0.0,-0.061945375,-0.3896271,0.15046044,0.0,0.118954584,0.0,0.02207682,0.0,0.03572916,0.0,0.08886678,0.0,-0.061761517,0.0,-0.078253984,0.24950947,0.37235156,0.100798704,0.005891953,-0.18871735,-0.020317469
-0.054312643,0.84641767,-0.24185912,-0.12217983,-0.039386906,-0.09277363,0.038134214,0.14512683,0.0,-0.042864215,-0.35921794,0.13612391,0.0,0.0820113,0.0,0.03641061,0.0,-0.0074596745,0.0,-0.80105203,0.0,-0.058627408,0.0,0.06606447,0.15918338,0.3781958,0.10064151,0.009145698,-0.18513463,-0.036000248
-0.05738734,1.248049,-0.6284281,0.39010775,0.009697687,0.026848353,-0.07402577,-0.037574366,0.0,0.0006642941,-0.40955463,-0.5882933,0.0,0.05129414,0.0,0.055184472,0.0,-0.001946622,0.0,0.052581795,0.0,-0.05581123,0.0,-0.04933395,0.2301888,0.32526857,-0.22256954,0.038233925,0.2393776,-0.049226463
0.011414924,-0.080310866,0.62432134,0.18819878,0.064918704,-0.031005085,0.042050935,-0.021972531,0.0,0.17418388,0.15665786,0.0568073,0.0,0.07836382,0.0,-0.14924914,0.0,0.004361216,0.0,0.070496745,0.0,0.13795191,0.0,0.05770838,0.11541454,-1.1976455,0.18142128,0.017392674,-0.126337,0.030287202
-0.033469018,-0.25077856,-0.37409228,-0.35281053,-0.011434284,0.0040540197,0.02041688,-0.0627345,0.0,-0.0726229,-0.291671,-0.40320152,0.0,0.038485043,0.0,0.07125946,0.0,-0.0014602658,0.0,0.019426811,0.0,-0.12693731,0.0,-0.27221024,-0.7853691,0.19217056,-0.18619551,0.007008161,-0.1327281,0.016180241
-0.048686057,-0.955795,-0.44745886,-0.25619417,-0.0050039864,0.01552014,0.037155397,-0.046096932,0.0,-0.044041835,-0.1694923,0.030926947,0.0,-0.13630584,0.0,-0.036010638,0.0,-0.013736693,0.0,-0.19046302,0.0,-0.038022917,0.0,-0.038777754,0.078089915,-1.6924579,-0.056871545,-0.032689508,-0.2446441,0.03426133
-0.04051717,-0.3048687,-0.10006046,-0.081687935,0.0028945212,-0.0057165246,0.00024130123,-0.06682345,0.0,-0.028326076,-0.31127083,0.069541566,0.0,0.095266275,0.0,0.0036823167,0.0,0.035300665,0.0,0.064979844,0.0,-0.0734705,0.0,-0.27402267,-0.7862573,0.21570444,0.10490714,0.0056832163,-0.20920666,-0.02491302
0.3188718,-0.5399906,-0.6604723,-0.49202958,0.0093971165,0.0027795201,0.027406136,-0.04592289,0.0,-0.13998157,-0.21292047,-0.3362389,0.0,0.012948038,0.0,0.004027825,0.0,0.00023965782,0.0,0.0058548762,0.0,-0.08614966,0.0,-0.06889779,0.10432955,-1.5375001,-0.09233075,-0.37961334,-0.099570684,-0.0010824038
-0.018063303,0.5026524,-0.052466065,-0.06332473,0.0030761976,-0.002294788,0.023502555,-0.044056255,0.0,-0.1505963,0.26068157,0.10099976,0.0,0.09660665,0.0,0.049356528,0.0,-0.001676071,0.0,0.07416541,0.0,0.062778376,0.0,-0.0574301,0.25336853,0.39146644,0.108042315,0.008362389,0.2428387,0.006721941
0.1779219,-0.27828526,-0.31986675,-0.3115967,0.032208476,-0.006499524,0.014558789,-0.031690404,0.0,0.08809459,-0.48344463,0.07124287,0.0,0.06954129,0.0,0.058028523,0.0,0.0001432749,0.0,-0.27815145,0.0,-0.06701403,0.0,0.060465608,0.14152688,0.2764618,0.07536981,0.018334905,0.23512748,0.0010441644
-0.031665597,-0.34629065,0.1787182,-0.048219897,0.008163757,-0.024487067,0.08972404,-0.0076660505,0.0,0.07421023,0.30226701,0.047666285,0.0,-0.21923968,0.0,-0.12637751,0.0,0.0052299807,0.0,-0.122469306,0.0,0.13560538,0.0,-0.055365205,0.21885997,0.21689977,0.10273829,-0.005636329,0.27066472,0.039877765
0.0007572975,0.066214584,0.37207627,0.46446115,-0.1652384,-0.016342664,0.060437158,-0.023120426,0.0,0.0677939,0.13206658,0.032942,0.0,-0.2195735,0.0,-0.08906657,0.0,0.0050889337,0.0,0.19422819,0.0,0.105839714,0.0,0.044748344,0.06570904,-1.415203,-0.092257485,-0.0076398635,-0.035998687,0.053845707
-0.051247276,-0.21943694,-0.43795082,0.012559968,-0.043540604,0.02146351,-0.064957574,-0.025424507,0.0,-0.05958441,-0.19853957,0.034541328,0.0,-0.15825008,0.0,-0.017962176,0.0,-0.0013543926,0.0,-0.20190755,0.0,-0.05387053,0.0,-0.052617837,0.083216734,-1.7573197,-0.09279434,-0.00430626,-0.14730509,0.031629026
-0.03370085,0.0024658374,-0.23699757,-0.07879119,-0.011264219,0.006834996,-0.07546831,-0.035404775,0.0,-0.0058208955,-0.23586322,0.09637158,0.0,0.0714476,0.0,-0.043220382,0.0,-0.0012887418,0.0,0.06986942,0.0,0.036368024,0.0,0.26446572,-0.50317246,0.2778541,0.12294407,0.0072107245,-0.16309443,0.0012206812
-0.027351124,0.21217702,-0.042612918,0.10546767,0.047415942,-0.0044846293,0.014446006,-0.03516367,0.0,-0.14944625,0.3468797,0.08448945,0.0,0.07968386,0.0,0.040021427,0.0,-0.00056551234,0.0,0.08321285,0.0,-0.07110382,0.0,0.10548824,0.20225258,0.40022796,0.11101015,0.007454459,-0.16948083,0.0061601787
-0.03982558,1.0972993,-0.2748716,0.0086548375,0.015656691,-0.012276527,0.024919892,-0.03249227,0.0,0.0023329766,-0.36885536,0.1445334,0.0,0.06784474,0.0,0.035764903,0.0,-0.0013288092,0.0,0.13221441,0.0,-0.07065223,0.0,-0.06686982,0.2587528,0.37145206,-0.21260443,-0.08835666,-0.17494535,0.0006697362
-0.022344276,0.50548613,0.21726581,0.012573971,-0.004244703,-0.032473147,0.039677985,-0.03179103,0.0,0.19193386,0.3191451,0.10351663,0.0,0.079378374,0.0,0.057649918,0.0,-0.0014961422,0.0,0.11008744,0.0,0.12714013,0.0,0.07235434,0.20396648,0.35172278,0.15351534,0.007424797,0.19561847,0.0029222073
-0.054038793,1.042233,-0.4862993,0.24481867,0.013866069,-0.013115601,0.025147993,-0.034696106,0.0,-0.029871408,-0.43460533,-0.47555855,0.0,0.06696552,0.0,0.018597402,0.0,-0.0013288092,0.0,0.12895207,0.0,-0.07623384,0.0,-0.066291146,0.2558297,0.3469836,0.109730236,0.005891953,-0.13963489,-0.053013906
-0.015740056,0.14036463,-0.094800755,0.010764931,-0.0164908,-0.024442308,0.06656363,0.2584821,0.0,-0.096748576,-0.44923496,0.11112556,0.0,0.09477554,0.0,0.04491542,0.0,-0.002188489,0.0,0.059190378,0.0,-0.09046142,0.0,-0.060773913,0.18806449,0.2686827,0.104094945,0.009043495,0.3424932,0.019772768
-0.05416906,-0.3216578,-0.790041,0.18353476,0.06817625,0.0015702578,0.03620291,-0.047348496,0.0,-0.11239879,-0.21046197,-0.33904868,0.0,0.059756782,0.0,0.023401804,0.0,-0.00676109,0.0,0.03385042,0.0,-0.07756716,0.0,-0.07047729,0.096475504,-1.6603626,-0.14982772,0.012793473,-0.10135016,-0.06743898
-0.03891568,0.48611438,-0.1198698,-0.0078057256,-0.006840186,0.0045094695,-0.12729715,-0.03913426,0.0,-0.09124216,-0.3734754,0.1234504,0.0,0.07949048,0.0,0.066645965,0.0,-0.001946622,0.0,0.07508671,0.0,-0.057609934,0.0,-0.05738169,0.20415494,0.3302957,-0.24952935,0.006976375,0.23432751,0.014794843
-0.034911282,-0.1915889,0.14164633,-0.07053076,-0.036820866,-0.005550953,0.011824214,-0.010657884,0.0,0.11404484,0.33832285,0.057613116,0.0,0.10055085,0.0,0.01078012,0.0,0.030510724,0.0,-0.30846867,0.0,-0.038730565,0.0,-0.09856499,0.23067318,0.35908404,0.099207684,0.004885666,-0.24162592,-0.034971222
-0.023707474,-0.21047883,-0.026948715,-0.3832613,0.00068091624,-0.003531665,0.02408352,-0.019928629,0.0,0.14236751,0.34525988,0.07042197,0.0,0.111681566,0.0,0.017223371,0.0,0.0027849246,0.0,0.07590215,0.0,0.10618984,0.0,-0.0987738,0.25040412,0.36046657,0.12231092,-0.13676745,-0.2449008,-0.002598883
0.0077256355,-1.5663044,-0.04091792,-0.22803797,-0.023071991,0.0068022027,0.020099027,-0.018737972,0.0,0.10573989,0.23323296,0.041515622,0.0,-0.19707656,0.0,-0.08940455,0.0,-0.013149542,0.0,-0.27405274,0.0,-0.16273896,0.0,-0.09481173,0.21352944,0.2722744,0.013563233,0.037786525,-0.2893736,0.015919833
-0.057110146,-1.755081,-0.18778507,-0.41630778,-0.095314555,-0.12007316,0.056179013,-0.024744175,0.0,0.08804778,0.13088255,0.03435203,0.0,-0.4351304,0.0,-0.11261418,0.0,0.00560678,0.0,-0.06951492,0.0,0.13466218,0.0,0.03906414,-0.057683606,-1.9797658,0.07318046,0.05841121,0.20044754,0.037770398
-0.043534823,-0.6140203,0.13036723,-0.17695847,-0.036881335,-0.008814651,0.027673004,-0.018851371,0.0,0.09980237,0.17805712,0.039188962,0.0,-0.23785378,0.0,0.037873324,0.0,0.0045787236,0.0,0.076573566,0.0,-0.057557326,0.0,-0.26118463,-0.9502211,0.2214344,0.08810766,0.0055192243,-0.2522953,0.045565613
-0.03105737,0.3210328,-0.17261365,-0.10745504,-0.006111994,-0.008777689,0.019317398,-0.03840821,0.0,-0.12962565,0.3393286,0.057436425,0.0,-0.206572,0.0,0.019918714,0.0,0.0026915246,0.0,0.053218868,0.0,-0.07751934,0.0,-0.08278472,0.2800354,0.38545793,-0.20312561,0.008501547,-0.15771571,0.011306809
-0.0024967806,-1.03398,0.77707994,0.06168786,0.035446815,0.025877792,-0.057157654,-0.028328573,0.0,0.1134988,0.12000423,0.035423934,0.0,-0.21831125,0.0,0.12571447,0.0,0.0056064883,0.0,0.06473291,0.0,-0.120706245,0.0,0.059993222,0.10456928,-1.2674077,-0.16798033,-0.009556828,-0.25386235,0.046903577
0.13455795,-0.41848198,0.21273285,-0.23788992,-0.010595937,0.0029175577,0.026191639,-0.026672915,0.0,0.16472486,0.28932714,0.07602745,0.0,0.09118919,0.0,0.115444265,0.0,-0.0008811143,0.0,0.079386525,0.0,0.12887421,0.0,0.07836682,0.1689375,0.2958511,0.110363975,0.005684262,0.23664738,-0.0062799165
-0.05488913,-2.3723547,-0.46598563,-0.102063484,0.035552606,0.025551798,0.026941417,-0.034334376,0.0,0.118604384,-0.19991851,0.03479145,0.0,-0.4724495,0.0,-0.09734112,0.0,-0.010613991,0.0,-0.32248196,0.0,0.08015619,0.0,0.058091838,0.040155254,-1.6792579,0.070779055,-0.18132813,-0.21268374,0.037748706
-0.05895428,0.19926009,-0.39280564,-0.05961292,-0.012284069,-0.003814213,0.022104325,-0.04496869,0.0,-0.08443156,-0.289071,-0.48422906,0.0,0.058652937,0.0,0.019607404,0.0,-0.006892547,0.0,0.017538527,0.0,-0.1073658,0.0,-0.27061906,-0.90439683,0.20569488,-0.14527881,0.034265947,-0.14706536,-0.08405437
0.026962258,-0.5935354,0.13065606,0.015602837,-0.034772694,0.023542522,0.10893731,-0.033926036,0.0,0.071017414,0.2691426,0.052180037,0.0,-0.25433597,0.0,-0.108567886,0.0,0.0025331343,0.0,0.062007904,0.0,0.15032305,0.0,0.06010491,0.15304598,0.22962803,0.12796713,0.04148784,0.2397283,0.01331696
-0.042136256,-0.53397727,-0.22312377,-0.054292224,-0.018952262,0.005496731,-0.14583637,-0.047260966,0.0,0.016261464,-0.24045178,0.06195487,0.0,0.1265106,0.0,-0.04131292,0.0,-0.008513652,0.0,0.08773774,0.0,-0.05969623,0.0,-0.27492094,-0.815039,0.20963518,0.10780152,-0.0074193915,-0.22394493,-0.16120824
-0.041843113,0.4659824,0.37973264,-0.0800074,0.006314706,0.0141118495,0.009214169,-0.04797197,0.0,-0.07047251,-0.37416616,0.09550555,0.0,-0.399923,0.0,-0.08373686,0.0,-0.0038402157,0.0,0.033373702,0.0,-0.040280983,0.0,-0.03211795,0.19988012,0.32783785,-0.2816431,-0.0038016452,0.19976544,0.020589214
-0.048928205,-0.50967354,-0.5558275,-0.46633786,0.009708791,0.0056021274,-0.119629964,-0.053678155,0.0,-0.026274193,-0.2856616,-0.39957318,0.0,0.06660304,0.0,0.023376565,0.0,-0.0066506797,0.0,0.004489464,0.0,-0.10070388,0.0,-0.26588115,-0.7994382,0.19373368,-0.1866463,0.0057477066,-0.12315624,-0.07354612
-0.059093013,0.5590482,-0.29312518,0.1333516,-0.017261982,-0.002114898,-0.14024286,-0.025725415,0.0,-0.07575565,-0.398731,-0.6663908,0.0,0.06464593,0.0,0.04270911,0.0,-0.00676109,0.0,0.033339802,0.0,-0.059138924,0.0,-0.07861376,0.22876897,0.3258018,-0.16517302,0.007081977,-0.091688335,-0.058988165
-0.02937171,-1.3752867,-0.21614783,-0.13462946,0.031972505,0.009075699,0.017235395,-0.026223259,0.0,0.08376533,0.14944378,0.042523257,0.0,-0.34426776,0.0,-0.052843515,0.0,-0.012858619,0.0,0.069805644,0.0,-0.14419243,0.0,0.27559868,-0.6510273,0.27463767,0.08191344,-0.020893538,-0.24154934,0.04836458
-0.0362891,0.35820004,-0.007107261,-0.06746605,0.027768854,-0.009548787,0.019137457,-0.024064831,0.0,-0.0760311,-0.24979356,0.08294913,0.0,-0.17715052,0.0,0.05058725,0.0,-0.0017277165,0.0,-0.11694138,0.0,-0.07320948,0.0,-0.22457546,-0.9071425,0.23675428,-0.18104862,-0.0036855352,-0.1774609,0.02804236
-0.018325148,0.031215535,0.14042628,-0.002803198,-0.02068592,0.005609528,-0.12368091,-0.04304777,0.0,-0.09973734,-0.40713352,-0.6989947,0.0,0.045012936,0.0,0.061228573,0.0,-0.001946622,0.0,0.02833394,0.0,-0.060897145,0.0,-0.05948202,0.1635062,0.26355156,-0.20195799,0.042982265,0.19747053,0.019797357
-0.034856766,0.2931509,-0.090763025,-0.01899401,-0.007229478,-0.0027149075,0.0332926,-0.045001436,0.0,-0.09307758,-0.47321817,0.1163499,0.0,0.08309621,0.0,0.04187354,0.0,-0.00676109,0.0,0.06814793,0.0,-0.09501617,0.0,-0.08928217,0.21713312,0.32333428,-0.19784679,0.0066938493,-0.1931161,-0.059827074
-0.06747899,0.98983747,-0.3826046,0.36172688,-0.013591139,-0.013205825,0.020342372,-0.031418677,0.0,-0.012277395,-0.42298073,-0.43969402,0.0,0.075230755,0.0,0.035413127,0.0,-0.00676109,0.0,0.13188656,0.0,-0.08715698,0.0,-0.07654241,0.2535572,0.34584188,-0.19319136,0.043737248,-0.14792384,-0.0066308165
-0.056243982,-0.5028059,-0.5078022,0.062241558,-0.031120943,0.040354744,-0.31381822,0.113166176,0.0,-0.04278011,-0.18336941,0.043323733,0.0,0.06495941,0.0,-0.027438566,0.0,0.038979784,0.0,-0.39285293,0.0,-0.009001648,0.0,-0.056466404,0.073818915,-1.804464,-0.11538104,0.008759813,-0.14384478,0.006613546
-0.0688274,-1.8275366,-0.6361264,-0.5355011,-0.059964962,0.018421357,0.052386034,-0.07028604,0.0,0.059836175,-0.20553932,-0.3650758,0.0,0.20923352,0.0,-0.0821279,0.0,0.03195371,0.0,0.15572411,0.0,-0.43851393,0.0,-0.09216682,0.09249953,-1.5100443,0.10434238,0.07479707,-0.23809236,-0.18466702
0.16248126,-0.016311001,-0.26965684,0.07108335,0.035549756,-0.00491259,0.024942478,-0.04013042,0.0,-0.122339465,0.24782136,0.08623502,0.0,0.06550778,0.0,0.058428857,0.0,8.2737184e-05,0.0,0.072552085,0.0,-0.06184572,0.0,-0.07187417,0.2202609,0.33708876,-0.25459635,0.007625488,0.24016292,0.00012482658
-0.02285089,-0.025642416,0.032602005,-0.41307405,-0.0012464946,-0.003531665,0.022000818,-0.019352231,0.0,0.13271315,0.16999207,0.081610195,0.0,0.10136689,0.0,0.010976672,0.0,0.005050645,0.0,0.078229964,0.0,0.12537523,0.0,-0.28352836,-0.99498653,0.25254405,0.13877507,-0.13915037,-0.26920307,-0.003266125
-0.06693225,1.0507305,-0.49442267,0.2074326,-0.01994153,-0.013205825,0.028974172,-0.032238767,0.0,-0.016367987,-0.42298073,-0.42507568,0.0,0.07965408,0.0,0.034005113,0.0,-0.00676109,0.0,0.13147539,0.0,-0.08715698,0.0,-0.07654241,0.2535572,0.34584188,-0.18949243,0.008236019,-0.11528992,-0.016985346
-0.07671522,-1.3475299,-0.4268443,-0.06329315,0.036966447,0.041196622,-0.07794078,-0.063999146,0.0,-0.15973657,-0.19806176,0.06036831,0.0,0.20771247,0.0,-0.0839995,0.0,-0.01119888,0.0,0.2513777,0.0,0.07982152,0.0,0.08014397,0.061576698,-1.6373066,0.0927476,0.080978826,-0.2584277,0.029060498
-0.02922894,-0.43172824,-0.6030282,0.10649492,-0.05410384,0.0099015795,0.035556138,-0.07125275,0.0,-0.06794854,-0.26168805,-0.4017667,0.0,0.023124445,0.0,0.0013524918,0.0,-0.0012183988,0.0,0.0046819495,0.0,-0.09393017,0.0,-0.2561552,-0.78490794,0.19209276,-0.15438735,-0.08657377,-0.1254981,0.018199844
-0.045737103,1.038559,-0.27932453,-0.009608307,-0.01612541,-0.0137015665,0.027262488,-0.046386283,0.0,0.0024039405,-0.3615192,0.1423949,0.0,0.08250573,0.0,0.05249324,0.0,-0.002188489,0.0,0.16145702,0.0,-0.079631716,0.0,-0.05517712,0.2272341,0.35091767,-0.24465728,0.008285603,0.23523687,0.0006697362
-0.056898028,-0.5673438,0.15600678,-0.20987536,-0.023154404,0.022378143,0.046534326,-0.05264831,0.0,-0.10318641,0.19891863,0.044702146,0.0,-0.1785624,0.0,-0.11086779,0.0,0.0047001573,0.0,0.0753444,0.0,0.113438554,0.0,-0.13570888,-0.7739068,0.14145716,0.08032014,-0.0038549006,0.4338731,0.04102234
0.121158324,-1.9719738,0.119705126,-0.5747101,0.0897464,0.03379229,0.015273065,-0.04239642,0.0,0.17561835,0.1596916,0.06629199,0.0,0.17940645,0.0,-0.09773143,0.0,0.0912659,0.0,0.06787946,0.0,0.089009546,0.0,0.30979052,-0.6875504,-0.031044884,0.12233994,-0.24798566,-0.21321397,0.0121742375
0.4254411,-2.029957,-0.038288523,-0.018692719,0.01683626,0.04005815,0.0242147,-0.041497715,0.0,0.15280879,-0.18540905,0.047629435,0.0,0.12931459,0.0,-0.09181091,0.0,-0.008911684,0.0,-0.3953664,0.0,0.09477283,0.0,-0.083108574,0.06657399,-1.4302038,-0.24433795,-0.22775236,-0.1674134,0.015918324
-0.045368243,0.06450092,-2.0303137,-0.046261005,0.009347523,-0.0038059782,0.042711448,-0.052542355,0.0,-0.123656526,-0.25896895,-0.54942584,0.0,0.041375667,0.0,0.019654592,0.0,-0.006892547,0.0,0.0058399756,0.0,-0.09222251,0.0,-0.2534044,-0.8665892,0.18517041,-0.5809012,0.006990732,-0.15729402,-0.081031345
-0.035554808,0.004836497,0.07908992,-0.13077872,-0.046985645,0.017226059,-0.13192877,-0.03567005,0.0,0.09647811,-0.37735373,0.07495771,0.0,-0.1898391,0.0,-0.077517904,0.0,-0.0029525268,0.0,-0.1985492,0.0,-0.02403876,0.0,0.046585757,0.10396102,0.30097696,-0.21797591,0.008752142,0.19750614,0.015510026
-0.061033342,1.0203829,-0.46348053,0.26150116,-0.013591139,-0.013704929,0.015518983,-0.03524832,0.0,-0.0012170547,-0.42298073,-0.4855881,0.0,0.054814063,0.0,0.0359301,0.0,-0.0013288092,0.0,0.13101785,0.0,-0.07976529,0.0,-0.06681646,0.26044124,0.34586343,-0.18966591,0.039965633,-0.14792384,-0.052038338
-0.019095112,0.3345483,0.003683341,-0.040736075,-0.00113572,0.006637395,0.03786615,-0.042687695,0.0,0.17643678,0.31918344,0.094910584,0.0,0.097764775,0.0,0.0399047,0.0,-0.0014342042,0.0,0.08261394,0.0,0.0399808,0.0,-0.065823555,0.2458348,0.38160625,0.13941187,0.007519794,0.25334838,0.0055147856
-0.005224007,-0.5912184,0.38649443,0.045494724,-0.06160384,0.007248617,0.034681246,-0.032140933,0.0,0.19053811,0.18879871,0.056683905,0.0,0.07572876,0.0,0.053317633,0.0,0.0062487805,0.0,0.08884389,0.0,0.1535617,0.0,0.24845117,-0.6387523,0.24451846,0.13956827,-0.05386188,-0.18237536,0.03175046
-0.02668475,-0.37613633,-0.18985072,-0.14918563,-0.013536084,0.015278207,-0.07314859,-0.03609282,0.0,-0.06961794,0.2101106,0.043739215,0.0,-0.32380298,0.0,-0.13786942,0.0,-0.0025888286,0.0,0.076520406,0.0,-0.07499413,0.0,0.14564542,-0.6278594,0.27284104,0.10618005,-0.0094926115,0.22125152,0.014057127
-0.04180839,-2.3037193,0.20746459,-0.41199723,-0.11969228,-0.10698195,0.030932348,-0.04047023,0.0,0.10683617,0.13427706,0.037027016,0.0,-0.61141163,0.0,-0.10972085,0.0,-0.00039099983,0.0,0.14375626,0.0,0.1380113,0.0,-0.030683238,0.09472469,-1.7024155,0.10044627,0.033515114,-0.23592344,0.037669536
0.058741067,-0.6283263,0.23231131,-0.1391136,-0.05394774,0.01562509,0.04096014,-0.03596275,0.0,0.14585333,0.1695712,0.05628502,0.0,0.090628274,0.0,-0.10525489,0.0,-0.0010337272,0.0,0.098264426,0.0,0.11559334,0.0,0.28545576,-0.6798658,0.22545975,0.09188785,0.0048415447,-0.17061968,0.011020977
-0.05138681,-0.10191525,-0.28148773,-0.27808377,-0.010520773,-0.0054346626,0.01477411,-0.028275145,0.0,0.046773333,-0.33941498,0.061831404,0.0,0.07216543,0.0,0.03646076,0.0,-0.0068080723,0.0,-0.2840367,0.0,0.08917145,0.0,0.25454426,-0.51549613,0.2628858,0.11838299,0.020525284,-0.16067694,-0.032087687
0.108884536,-0.22864157,-0.024990126,-0.13556972,-0.005351089,-0.0059642144,0.03652985,-0.030138968,0.0,0.14636591,0.31291923,0.07387286,0.0,0.105013505,0.0,-0.06321714,0.0,-0.0018201655,0.0,0.09259603,0.0,0.11584864,0.0,-0.072598755,0.2111173,0.3395557,0.116059594,0.02045224,0.27742803,-0.005159937
-0.023280965,-0.31074598,-0.5132331,0.008652486,-0.020026997,0.004794724,-0.09548768,-0.05195472,0.0,-0.10344201,-0.45158413,-0.46920672,0.0,0.04363633,0.0,0.049727995,0.0,-0.0010869419,0.0,0.006482243,0.0,-0.0726405,0.0,-0.099893585,0.20198761,0.27249664,0.087798975,-0.34434363,-0.14668302,0.009326179
-0.0057186824,-0.4825957,0.7094955,-0.109593764,-0.24774052,0.029807288,0.059938855,-0.020047355,0.0,0.11802807,0.14024158,0.04975654,0.0,0.06102738,0.0,0.1268569,0.0,0.004029802,0.0,-0.32212457,0.0,0.12872532,0.0,0.027905881,0.08115829,-1.5345079,-0.24433137,0.002529511,0.20587575,0.033997852
-0.033634875,-2.194341,-0.024870029,-0.10059842,-0.1707888,0.020817,-0.3279403,-0.009539495,0.0,-0.10951188,0.12924014,0.033369172,0.0,-0.3175071,0.0,-0.081372194,0.0,-0.006746866,0.0,-0.028805986,0.0,0.10541813,0.0,0.049443904,0.08459097,-1.8492057,0.06404857,-0.29105338,-0.14794038,0.03356694
-0.048776668,-0.58005565,-0.21345149,-0.3192202,0.008783367,-0.048354268,0.04107659,0.17560013,0.0,-0.007456386,-0.20494303,0.045590725,0.0,-0.30799294,0.0,-0.066309005,0.0,-0.0071599977,0.0,-0.3369804,0.0,-0.06195683,0.0,-0.28574333,-0.8164648,0.20922428,0.051708017,0.019550033,-0.20529927,-0.15502593
-0.077550784,-0.23566319,0.43082777,-0.2018071,0.012488638,0.018632386,-0.3591265,-0.028165942,0.0,0.05318991,0.21023041,0.043986205,0.0,-0.21654928,0.0,-0.15999357,0.0,-0.0034441457,0.0,0.07630062,0.0,0.10906633,0.0,0.10161796,-0.7227823,0.19203791,-0.2594272,-0.002171065,0.115565054,0.01540176
-0.05921914,0.25355256,-0.2395071,-0.0032168967,0.008457169,0.00823163,0.025666509,-0.053302273,0.0,-0.08061394,-0.2890607,-0.49706224,0.0,0.06463571,0.0,0.014228409,0.0,-0.0066506797,0.0,0.0018957909,0.0,-0.10680635,0.0,-0.2542746,-0.8536217,0.2077869,-0.14153689,0.0054938016,-0.12505648,-0.084691696
-0.008407221,-0.6606988,0.0757378,-0.093516655,0.023922067,0.01488147,-0.14639843,-0.0075267614,0.0,0.19230236,0.18665138,0.04293208,0.0,0.05782323,0.0,-0.13670747,0.0,-0.0025017431,0.0,-0.30469573,0.0,0.074107304,0.0,-0.32216343,-0.91058505,0.19153848,0.079896,-0.045015197,-0.2172505,0.034618977
0.10560621,0.45788997,-0.22451517,-0.1198082,-0.0019957188,0.00031164713,0.023142528,-0.03422081,0.0,0.2364035,0.3115597,0.097668245,0.0,0.10135096,0.0,0.11201674,0.0,0.0003246041,0.0,0.07878143,0.0,-0.07605531,0.0,-0.073983714,0.25482124,0.3734011,0.13262437,0.0049132924,0.24712284,0.0010786662
-0.03975377,0.5055688,-0.009825532,-0.06327979,-0.006840186,-0.007296815,-0.12142528,-0.033208497,0.0,-0.074541464,-0.37261263,0.09799886,0.0,-0.2717298,0.0,0.06942392,0.0,-0.003081093,0.0,0.05666289,0.0,-0.058392573,0.0,-0.050360356,0.20656711,0.32841557,-0.23631276,-0.00185868,0.22045296,0.032417815
-0.05118683,-0.47255203,-0.42099985,-0.04805758,0.0036928519,0.0559419,0.1259633,-0.053152382,0.0,0.0042180303,-0.2861813,0.049690135,0.0,-0.32173294,0.0,-0.01418109,0.0,0.033755776,0.0,0.05688983,0.0,-0.05752587,0.0,-0.26940802,-0.74832696,0.21242334,0.08237081,0.023721926,-0.18064868,-0.109237276
-0.01665074,-0.26283944,-0.108466096,-0.31750274,-0.023307005,-0.023930252,-0.25068435,-0.007608221,0.0,0.12019203,0.1315695,0.0336632,0.0,-0.17111449,0.0,-0.12312973,0.0,0.0050889337,0.0,0.06021008,0.0,0.058288254,0.0,0.049318098,0.10354929,-1.8105966,-0.010501092,-0.0461751,-0.07024859,0.056995705
0.10376733,-1.7283584,-0.2829861,-0.26159805,0.063681595,0.024736634,-0.016152762,-0.027834814,0.0,0.025266426,-0.20018962,0.060852278,0.0,0.1324223,0.0,-0.10703096,0.0,-0.032532625,0.0,-0.28082564,0.0,-0.27586603,0.0,0.27159828,-0.4736008,0.09790832,0.08756907,0.004481381,-0.14047599,0.012774914
-0.053813413,0.016844375,0.7684429,-0.1728223,0.0060674907,0.0015536017,0.05161944,-0.0151487645,0.0,0.06334933,0.2766028,0.06539943,0.0,-0.19811656,0.0,0.09406654,0.0,0.03092992,0.0,0.086291544,0.0,0.18373208,0.0,0.0667937,0.1780789,0.26457268,-0.24188371,0.03206846,-0.18781424,-0.040752575
-0.029354345,-0.31487978,0.5200318,0.13816136,0.0042632394,-0.029548941,0.024411228,0.036522646,0.0,-0.023302509,-0.24311416,0.042977113,0.0,-0.120365426,0.0,0.02388191,0.0,0.0058869096,0.0,-0.24817964,0.0,-0.06140777,0.0,-0.25566906,-0.7250114,0.20236264,0.044573426,0.09665741,-0.20150672,0.023499748
-0.04776715,-1.4759486,-0.33156154,0.0973869,0.032035887,-0.036609348,-0.10245124,-0.018871581,0.0,-0.11030597,-0.18963248,0.03440103,0.0,-0.19181082,0.0,-0.15457143,0.0,0.001841923,0.0,-0.3146261,0.0,0.0694164,0.0,-0.08689048,0.07085578,-1.5737574,0.05787536,0.013190847,-0.15397364,0.038318604
-0.022417175,0.0072277775,0.02705393,-0.29215148,0.009896507,0.01744303,-0.080481395,-0.02878684,0.0,0.12326352,0.2756502,0.09283141,0.0,0.11174061,0.0,0.031130075,0.0,0.002741335,0.0,0.07184631,0.0,-0.07546646,0.0,0.067863725,0.19677879,0.3641457,0.13835925,0.004528249,0.23950309,-0.0040997714
-0.034935933,-0.57891566,-0.3383677,-0.3433195,-0.01174434,0.0060397624,-0.09204962,-0.057273757,0.0,-0.041956697,-0.2856719,-0.39676335,0.0,0.03393937,0.0,0.032228343,0.0,-0.0012183988,0.0,0.021388019,0.0,-0.086425304,0.0,-0.27321482,-0.83834124,0.19308554,-0.1751071,0.041052394,-0.14516327,0.016922012
-0.04207211,0.632599,-0.19321083,0.037826728,-0.00027305892,-0.0029742077,0.0202163,-0.02394136,0.0,0.13755165,0.25787416,0.09807528,0.0,0.09317097,0.0,0.08232366,0.0,-0.00062604994,0.0,0.048056457,0.0,-0.0565843,0.0,-0.07127552,0.29623148,0.4036719,-0.25525042,0.0037091896,-0.15919773,0.011830398
-0.036165953,-0.098079994,-0.684684,0.0751761,-0.06389261,0.0024298662,-0.17283468,-0.03180689,0.0,-0.08619784,-0.20750804,-0.30015895,0.0,0.018403912,0.0,0.02699486,0.0,-0.0029499158,0.0,0.00744301,0.0,-0.06893997,0.0,-0.055888616,0.09663486,-1.6629342,-0.14861292,-0.08572975,-0.10273104,0.013125051
-0.09122214,-2.0511115,-0.50579625,-0.121296905,-0.03623953,0.064093865,-0.26381508,0.20736411,0.0,-0.020237543,-0.16731775,0.033978198,0.0,-0.41503558,0.0,-0.05608791,0.0,-0.010408482,0.0,-0.3555595,0.0,0.05236962,0.0,0.0477067,0.06088829,-1.800403,-0.13317949,0.05475953,-0.24545431,0.03587693
-0.028636405,0.2032094,0.11380764,0.31129843,0.05007514,-0.0075555285,0.027757714,-0.017847555,0.0,0.15915145,0.30671155,0.079363324,0.0,0.07986387,0.0,-0.058330745,0.0,0.0059565464,0.0,-0.18112062,0.0,-0.084962726,0.0,-0.048644785,0.22234021,0.37378654,-0.29430613,0.0035975662,0.21059303,-0.0004893111
-0.054568328,-0.15393715,-0.19969499,-0.27921957,-0.031648293,0.018416159,-0.105229706,-0.02025686,0.0,-0.13424864,-0.21887553,0.035426162,0.0,-0.03631771,0.0,0.060572136,0.0,0.0027941987,0.0,-0.2869463,0.0,0.02646393,0.0,0.052188396,0.043997224,-1.8700844,0.043084476,0.01721036,-0.15190484,0.016360309
-0.030447174,-0.32315606,-0.13540877,-0.35037678,0.04622553,-0.041708726,0.025051428,0.30604482,0.0,-0.0046262904,-0.2836597,0.07879874,0.0,0.10815945,0.0,-0.012795114,0.0,0.0068925982,0.0,0.14427073,0.0,0.08296615,0.0,0.14724907,-0.5343768,0.19363984,0.14342608,0.026705181,0.25963932,-0.002667121
-0.04209198,0.62245506,-0.17999525,-0.045965195,0.01068282,-0.0029742077,0.014269028,-0.033780888,0.0,-0.100272596,0.24066284,0.106913246,0.0,0.08152362,0.0,0.05050616,0.0,-0.00062604994,0.0,0.04932191,0.0,-0.059883475,0.0,-0.06894117,0.29467437,0.40697145,-0.22076602,0.006073701,-0.1450186,0.010140655
-0.04945592,0.997537,-0.47951448,0.13765915,0.019574983,-0.012276527,0.024919892,-0.029266398,0.0,-0.008447942,-0.41753846,-0.47096977,0.0,0.04942271,0.0,0.03187117,0.0,-0.0013288092,0.0,0.10577932,0.0,-0.07285717,0.0,-0.06457689,0.25387898,0.3470665,-0.19157633,-0.08835666,-0.11531518,-0.048904926
-0.012814082,0.52257216,0.005141006,-0.06758933,-0.0060140025,-0.0025395246,0.014556888,-0.04720186,0.0,-0.15811536,0.2573711,0.10184476,0.0,0.101684414,0.0,0.035553135,0.0,-0.0014251922,0.0,0.09380463,0.0,-0.059881054,0.0,0.067006215,0.21619439,0.38696006,0.10865463,0.007584052,0.20031694,0.0075634215
-0.06103741,1.0672344,-0.36894172,0.8007134,-0.0014253276,-0.012616498,0.020646648,-0.033723664,0.0,-0.05747771,-0.43470818,-0.41515297,0.0,0.08755133,0.0,0.021461435,0.0,-0.00676109,0.0,0.14661941,0.0,-0.08436872,0.0,-0.07825667,0.25290972,0.34592348,0.14115195,0.013958866,-0.17261529,-0.014243049
-0.043363087,-1.8515155,0.023273638,-0.47823453,0.091381386,-0.004559164,0.07165482,-0.017909614,0.0,0.08443741,0.13315718,0.0336632,0.0,-0.45366085,0.0,-0.13651201,0.0,-0.006746866,0.0,0.04512579,0.0,0.13869436,0.0,0.055151407,0.034771353,-1.9758726,0.05841619,-0.25536546,-0.12788059,0.038176443
-0.06438514,-0.98050463,-0.54683924,-0.62973243,-0.045541264,0.017249737,-0.1135058,-0.019782042,0.0,0.081745885,-0.17439087,0.0350267,0.0,-0.070351094,0.0,0.08044634,0.0,0.004267253,0.0,-0.24173732,0.0,-0.05524575,0.0,-0.05685104,0.08024095,-1.6675364,0.030562308,0.056847423,-0.16693357,0.049497616
-0.032418765,-0.29439473,-0.24197151,-0.3470457,0.038229387,0.029122496,-0.22836453,0.27577376,0.0,-0.018502962,-0.22965252,0.073588885,0.0,0.07304364,0.0,-0.0055790003,0.0,0.0072636884,0.0,0.13119304,0.0,-0.042161483,0.0,0.2772404,-0.49938393,0.27212915,0.11176617,-0.0568322,-0.11226372,0.009134456
-0.027479852,0.051225767,-0.22775315,-0.08077469,0.012207618,-0.0018774886,-0.07673717,-0.034075357,0.0,-0.11429674,-0.42991027,0.10207925,0.0,0.07547386,0.0,0.046755645,0.0,0.0027849246,0.0,0.06023313,0.0,0.05115725,0.0,-0.08914749,0.195689,0.31291503,0.114514984,-0.060275897,-0.2975789,-0.00016800401
-0.02532791,-0.07542995,-0.09671034,-0.080290146,-0.002747435,-0.0037239895,0.039047316,-0.05543857,0.0,-0.1376788,-0.3948303,0.10207925,0.0,0.070067056,0.0,0.022150278,0.0,-0.0013288092,0.0,0.08497631,0.0,-0.09720462,0.0,-0.10205331,0.19446519,0.30552372,0.11373312,0.0065740505,-0.2617281,0.013146792
-0.025870332,-0.08606553,0.20069264,-0.37794095,0.00046392303,0.00036715338,0.022468377,-0.038150873,0.0,-0.15935908,0.2823207,0.08681447,0.0,0.05496781,0.0,0.025136136,0.0,0.0026077945,0.0,0.07882852,0.0,0.11616858,0.0,0.11168295,0.17424285,0.3389819,0.122387744,-0.15140033,-0.21252978,-0.008887577
-0.04400053,0.74030095,0.049188644,-0.06450155,-0.032548387,0.004992365,-0.07070795,-0.023344599,0.0,-0.0919271,0.28975862,0.08370904,0.0,-0.39309976,0.0,0.03331586,0.0,0.030519996,0.0,0.07795989,0.0,-0.08193024,0.0,0.08961081,0.20342527,0.41983938,0.11143211,0.009508785,-0.12481767,-0.0078088273
-0.03871739,-0.30115414,0.24576189,-0.03400015,0.00651445,0.013223042,-0.10497586,-0.032203168,0.0,-0.086937584,0.18990228,0.061618917,0.0,0.046875574,0.0,-0.015025887,0.0,0.0059553413,0.0,0.07502731,0.0,0.102928795,0.0,0.2972517,-0.6458607,0.26689303,-0.27309448,0.004899948,-0.14385007,-0.009654767
-0.04379042,-0.31883246,-0.15325628,0.064400345,0.054491173,-0.012712227,0.023962688,-0.029716115,0.0,0.006814958,-0.2743736,0.044858743,0.0,-0.14605455,0.0,0.032985926,0.0,0.0060972385,0.0,-0.106291406,0.0,0.05593956,0.0,-0.23547031,-0.72070974,0.20932166,-0.11134063,-0.021273524,-0.1716279,0.0098650465
0.08000443,-1.0074841,0.7959044,-0.056698132,-0.25301477,0.008962888,0.02608905,-0.023662575,0.0,0.102720514,0.12394511,0.05768415,0.0,0.16287675,0.0,0.23881783,0.0,-0.0053069564,0.0,0.15564288,0.0,0.17591542,0.0,0.027966639,0.10646821,-1.3911884,-0.3588343,0.0055918074,-0.113498665,0.0113926865
-0.037115682,0.7424676,-0.15362197,0.15895788,-0.06023645,-0.032098524,0.021061607,-0.02647385,0.0,-0.05407178,-0.3548969,0.10900191,0.0,-0.30275995,0.0,-0.0026720474,0.0,-0.003081093,0.0,-0.49502584,0.0,-0.05660533,0.0,-0.049575027,0.20898795,0.361198,0.076708846,-0.0018000476,0.22828935,0.018652495
-0.007615018,-1.356309,0.15288918,-0.09875517,0.080053724,-0.0045578405,-0.13070513,-0.08777342,0.0,0.15405992,0.13075939,0.03938932,0.0,-0.67037266,0.0,0.16852953,0.0,0.07903456,0.0,0.079756565,0.0,0.09216497,0.0,0.08085913,0.09619656,-1.5867635,0.11064795,-0.0010477351,0.3523322,0.037291493
-0.04264324,-0.45854035,-0.24354517,-0.21032731,0.006317187,0.0078105577,-0.044003997,-0.055574395,0.0,-0.0070264544,-0.43533614,0.07533427,0.0,0.063244745,0.0,-0.030257951,0.0,0.005621696,0.0,0.056228478,0.0,-0.033223055,0.0,-0.09489972,0.19234826,0.28915375,-0.23600931,0.018318588,-0.18206035,0.0011259684
0.3852404,-0.11608412,-0.14402002,0.41163167,-0.0396302,-0.0246654,0.028341474,-0.016940022,0.0,0.18216237,-0.18772942,0.047986772,0.0,0.05742025,0.0,-0.10805071,0.0,0.0023733384,0.0,-0.32425633,0.0,0.08495822,0.0,-0.059443414,0.07072602,-1.4672594,0.047852527,0.0024546396,-0.14049876,0.016893156
-0.0424534,0.9051984,0.13987473,0.1737098,-0.014161991,0.02329542,0.0058261324,-0.047331173,0.0,-0.07780472,-0.38277125,0.1488541,0.0,0.12669456,0.0,0.027240936,0.0,-0.0021279515,0.0,0.11553924,0.0,-0.055865914,0.0,-0.09036489,0.18510424,0.35287455,0.10978142,0.0074310866,0.22647044,0.007671025
-0.032002397,1.0948342,-0.044604197,0.010401722,-0.006144389,0.014132696,-0.055625886,-0.0321151,0.0,-0.094605684,0.27639186,0.12028745,0.0,0.09336631,0.0,0.046677656,0.0,-0.0012438626,0.0,0.119212866,0.0,-0.04590252,0.0,-0.057024594,0.2575634,0.40548292,0.11311592,0.013384696,0.23802954,0.009718852
0.2843537,0.5976805,-0.05419721,0.13781631,-0.0019161224,-0.0024751034,0.03938615,-0.024670143,0.0,0.10477534,-0.3934917,0.12610981,0.0,0.07643587,0.0,0.04851697,0.0,-0.0013073271,0.0,0.04578773,0.0,-0.08773449,0.0,-0.08393625,0.23621003,0.31545663,-0.19978534,0.0042221276,-0.1768688,-0.02603297
0.12442544,-0.42037177,0.0003117542,-0.44706792,-0.0483606,0.019414136,0.03726242,-0.027733933,0.0,0.16729572,0.28809902,0.06078916,0.0,0.066745296,0.0,-0.13063346,0.0,-0.0013164429,0.0,-0.34056142,0.0,0.06764404,0.0,-0.077971004,0.1727859,0.30760863,0.087156095,0.004479323,0.2607253,-0.007457901
-0.0908314,-2.4247508,-0.46202332,-0.3210653,-0.003910634,0.027218996,0.026672808,-0.044479523,0.0,0.10706585,-0.19758466,0.034748595,0.0,-0.39473101,0.0,-0.08680037,0.0,-0.019720519,0.0,-0.30012912,0.0,0.054810584,0.0,0.05388509,0.04478464,-1.6876907,-0.21198358,-0.17773867,-0.18761274,0.037979063
0.17192467,-1.435487,-0.14135987,-0.3596724,0.080996886,0.004167497,-0.17335682,-0.012274013,0.0,0.10625625,0.112651296,0.0336632,0.0,-0.47944823,0.0,-0.113929525,0.0,-0.0090943,0.0,-0.001272494,0.0,0.114825405,0.0,0.0573339,-0.048467126,-1.952529,0.052538075,0.105514884,-0.10329075,0.015468489
0.1371891,0.67163414,-0.18769959,-0.058743235,-0.026905386,0.0036956647,0.016841149,-0.029768445,0.0,0.110403836,0.29130238,0.10232362,0.0,0.09363406,0.0,0.06307337,0.0,-0.0003627009,0.0,0.07930983,0.0,-0.07711357,0.0,-0.0960279,0.28854775,0.37627694,0.09978856,0.004830176,-0.17436182,-0.009186077
-0.033722863,-0.06823505,-0.11466114,-0.04643822,-0.007921086,0.004558708,0.044359945,-0.048291396,0.0,0.122057654,-0.32965258,-0.4120375,0.0,0.04552002,0.0,0.08281395,0.0,-0.0014602658,0.0,0.0049169404,0.0,-0.09716703,0.0,-0.2580669,-0.77500707,0.19629902,-0.20585662,0.0029837731,-0.14206524,0.017726393
0.16202012,1.1657693,0.13969241,0.10132725,-0.008386303,0.0017662226,0.04575552,-0.027407847,0.0,0.13270865,0.26799595,0.12617013,0.0,0.09003998,0.0,0.03426223,0.0,-0.00042391696,0.0,0.12461416,0.0,0.0889306,0.0,0.06867731,0.20853594,0.3623781,0.11097053,0.014450128,0.18208005,-0.0054829316
-0.060834367,1.0692081,-2.0539382,0.3712422,0.005889781,-0.013074318,0.029723898,-0.041196294,0.0,-0.010812864,-0.4100995,-0.5882933,0.0,0.04778695,0.0,0.04410055,0.0,-0.002188489,0.0,0.101568304,0.0,-0.08109346,0.0,-0.049200725,0.22645697,0.30294883,-0.8139977,0.008032925,0.22014044,-0.05222972
0.11183442,0.040227454,0.18785267,-0.32354137,-0.0033762304,-0.006952157,0.029647699,-0.025114601,0.0,0.13070491,0.2750405,0.09545811,0.0,0.06543849,0.0,0.03303639,0.0,-0.0008811143,0.0,0.08869146,0.0,0.12056985,0.0,0.077262916,0.17994863,0.3213465,0.1282785,0.0076720743,0.220976,-0.006956844
0.12081672,-0.49792838,0.17149962,-0.012431605,-0.0021656887,0.009505227,0.015081022,-0.04440384,0.0,0.10116921,0.2863934,0.07530907,0.0,0.103014514,0.0,0.034179874,0.0,0.00045800745,0.0,0.100650914,0.0,-0.043852415,0.0,0.07902294,0.16862695,0.3218936,0.10585996,-0.0016551722,0.2381173,-0.004374834
-0.021088963,-0.38475135,-0.03455084,-0.22479746,0.004579285,0.0061394433,-0.04468025,-0.035449166,0.0,0.19234006,0.30573022,0.07446407,0.0,0.10210513,0.0,0.045470245,0.0,0.0027783234,0.0,0.09762619,0.0,-0.03485715,0.0,-0.065472916,0.20913963,0.33882973,0.123415366,0.004330487,0.30173212,0.0017907475
0.04825689,-0.19706473,0.7608453,-0.050264467,0.19788505,0.02421753,0.087208174,-0.02630882,0.0,-0.08269451,0.109266944,0.034058005,0.0,-0.1376,0.0,-0.11622951,0.0,-0.01198,0.0,-0.17640641,0.0,0.11872505,0.0,0.03179472,0.06303271,-1.4280089,0.06051261,-0.009721005,0.15763637,0.014091332
-0.09190488,-0.49166003,-0.27425975,-0.48147976,-0.018618993,0.010240443,-0.12251491,-0.014675212,0.0,-0.16044529,0.13518152,0.043439955,0.0,0.06495201,0.0,-0.10038003,0.0,-0.003164818,0.0,-0.33747044,0.0,0.006524991,0.0,-0.09124395,0.07743898,-2.006438,0.029937474,0.013207321,-0.12268006,-0.36054155
-0.06693225,1.0623071,-0.4945272,0.41367814,-0.016208937,-0.013205825,0.028974172,-0.032238767,0.0,-0.016367987,-0.42298073,-0.42507568,0.0,0.07965408,0.0,0.034005113,0.0,-0.00676109,0.0,0.13147539,0.0,-0.08715698,0.0,-0.07654241,0.2535572,0.34815902,-0.18949243,0.008236019,-0.1064544,-0.016985346
-0.053475063,0.18662535,-0.14824934,-0.18991451,0.02229507,-0.01496815,-0.18080589,0.048322823,0.0,-0.050048348,-0.23180406,0.06849846,0.0,-0.1977338,0.0,-0.08743316,0.0,-0.007387681,0.0,-0.15375295,0.0,-0.05512815,0.0,-0.23686302,-0.86623144,0.23144934,-0.15631896,-0.0026634114,-0.16845427,-0.104082346
-0.04731188,-0.4169726,-0.114888884,0.005597082,-0.042176448,0.019417558,-0.0884715,-0.02251308,0.0,-0.01895134,-0.1985951,0.030926947,0.0,-0.10348337,0.0,-0.036133155,0.0,-0.0043842085,0.0,-0.24327575,0.0,-0.03293948,0.0,-0.052198257,0.07343755,-1.7016335,-0.08303244,-0.027718334,-0.12045154,0.033906624
-0.034472488,0.08865646,-0.08082192,0.23443346,0.089214146,0.00073467125,-0.28840005,-0.02515812,0.0,0.11866208,0.12935098,0.03435203,0.0,-0.2662144,0.0,-0.14651467,0.0,0.009132565,0.0,0.045603864,0.0,0.06773781,0.0,0.044425473,0.10639634,-1.379467,0.027070768,0.0011255287,0.04258281,0.05235043
0.058489583,-0.7472686,0.3523861,-0.25601497,0.025161322,-0.0013564227,-0.074805714,-0.027592838,0.0,0.22533594,0.26330587,0.07205355,0.0,0.08669053,0.0,0.09345681,0.0,0.0008790619,0.0,0.12914266,0.0,0.07668028,0.0,0.11717371,0.16795124,0.29319906,0.085957825,-0.050926752,-0.15812518,0.011093656
-0.03642924,0.4957685,-0.22088233,-0.12214187,0.00866953,0.00034324115,0.013022922,-0.038025517,0.0,-0.11785305,0.34404832,0.09720083,0.0,0.08947568,0.0,0.07344168,0.0,-0.0060583306,0.0,0.062688716,0.0,-0.08083671,0.0,-0.08875686,0.2831892,0.40562978,0.12583223,0.0060593113,-0.189864,-0.045099653
-0.070135355,0.2433285,-0.38418964,-0.0349145,0.009455241,0.0017325426,-0.08689226,-0.028207496,0.0,-0.1422545,-0.21431366,-0.4123724,0.0,0.058315534,0.0,0.043376334,0.0,-0.0065192226,0.0,-0.0041450197,0.0,-0.06456694,0.0,-0.06463523,0.104389995,-1.8393528,-0.12964946,0.0057789753,-0.092104584,-0.06695134
-0.059467915,0.72374094,-0.21938144,-0.14642876,-0.058421366,-0.11782323,0.031074256,0.13233742,0.0,0.0003262004,-0.34805664,0.11804971,0.0,0.082294576,0.0,-0.003628706,0.0,-0.00676109,0.0,-0.7758281,0.0,-0.08255035,0.0,-0.06567137,0.25057402,0.3694663,-0.17563176,0.010328557,-0.17855705,-0.045800682
-0.03670883,0.021404183,0.34117198,0.49008542,0.06270568,0.0031969969,-0.10386677,-0.036763113,0.0,-0.09788887,-0.20991707,-0.29316857,0.0,0.038249914,0.0,0.029830921,0.0,-0.0029499158,0.0,0.03525626,0.0,-0.06544019,0.0,-0.060884573,0.10358255,-1.6268129,-0.13410437,0.04717258,-0.11942794,0.0117939925
-0.07866548,-0.668122,-0.117696,-0.21719338,0.052951317,0.016160274,0.05566944,-0.0369444,0.0,0.105621204,0.3005624,0.07041296,0.0,0.094752535,0.0,-0.12401784,0.0,0.0044396073,0.0,0.05629257,0.0,0.1429071,0.0,0.10252959,0.18415625,0.18695773,0.17247579,0.016412193,-0.18870191,0.026454227
-0.028436026,0.1868121,-0.29535186,-0.084934644,0.011070103,-0.0089627,0.022296946,-0.054261267,0.0,-0.1276601,-0.49935138,0.10566301,0.0,0.07213041,0.0,0.027709024,0.0,0.0026806733,0.0,0.02952374,0.0,0.07032081,0.0,0.10462071,0.13766888,0.32917216,0.107672594,-0.06765723,-0.21728879,-0.0045763855
-0.047932733,-0.39292884,-0.24481063,-0.37865478,-0.061497577,0.00399677,0.07205048,-0.035083372,0.0,0.0899061,0.13088255,0.03435203,0.0,-0.2630556,0.0,-0.084629945,0.0,0.009132565,0.0,0.017605495,0.0,0.10386147,0.0,0.039196864,0.05643874,-1.8293016,-0.00047113284,-0.0077200215,0.11699471,0.053615347
0.16885933,1.2208835,0.2536283,0.09151211,-0.0016609187,-0.0035367268,0.031936977,-0.026626484,0.0,0.15282187,0.25383374,0.123749405,0.0,0.12035422,0.0,0.032444224,0.0,0.0001432749,0.0,0.11506789,0.0,-0.016914872,0.0,0.06583821,0.22536375,0.3922977,0.108460926,0.010913754,0.18128635,-0.003937494
-0.04002723,-0.11558679,-0.2894016,-0.025901515,-0.00752816,0.0020503337,0.042013038,-0.041338235,0.0,0.17973122,-0.23557554,-0.34906653,0.0,0.034999,0.0,0.022977397,0.0,-0.0013288092,0.0,0.0069550667,0.0,-0.087157875,0.0,-0.06071035,0.099903345,-1.5691463,-0.20839757,-0.03201731,-0.10744015,0.011193562
-0.05582002,-0.28173628,-0.4734111,-0.34331638,0.011124167,-0.016684107,0.036267333,-0.025740506,0.0,-0.17792687,-0.2109859,0.03470497,0.0,-0.12389431,0.0,0.051031675,0.0,0.0028816648,0.0,-0.20472081,0.0,0.05409102,0.0,0.044395406,0.06758482,-1.8376254,-0.09017178,-0.006039228,-0.14607088,0.020385867
-0.066492364,1.1453633,-0.33619127,0.0789599,0.011609724,-0.013205825,0.028308067,-0.03178735,0.0,-0.0017694505,-0.37419477,0.14484625,0.0,0.08907951,0.0,0.03649395,0.0,-0.00676109,0.0,0.1345312,0.0,-0.08420886,0.0,-0.07659577,0.25933608,0.37143052,-0.20977657,0.0067186537,-0.17519705,-0.035347927
-0.030877937,-0.5168525,-0.32637897,-0.16556598,-0.03329875,-0.007969078,0.031094981,-0.03854338,0.0,0.010011007,-0.4937796,0.06852604,0.0,0.07650024,0.0,-0.1047828,0.0,-0.0024351936,0.0,-0.31922513,0.0,0.053367198,0.0,-0.05726271,0.13344729,0.2828351,0.10686994,0.018917207,0.27909216,0.006932362
-0.035397727,-0.6992071,-0.71009195,-0.4236343,-0.0081215175,0.00470468,-0.118423864,-0.05665308,0.0,-0.0576217,-0.27088413,-0.41702327,0.0,0.09417173,0.0,-0.007975701,0.0,-0.0066506797,0.0,0.040808488,0.0,-0.06631637,0.0,-0.30096325,-0.7888781,0.19323657,0.08359086,0.013594415,-0.13398874,-0.068695515
-0.074484855,-0.8815383,-0.21789423,-0.35679,-0.052345254,-0.017749194,0.021740355,-0.0077923723,0.0,0.09997611,0.27754843,0.04018036,0.0,-0.3078705,0.0,-0.053488288,0.0,-0.004381929,0.0,-0.30500022,0.0,-0.09836785,0.0,-0.09126282,0.21459903,0.32363713,0.032220457,-0.0118623935,-0.20124808,0.047052763
-0.046968598,1.1901202,-0.120020404,0.12877233,-0.0014672702,-0.003679694,0.016069096,-0.028739737,0.0,0.12848139,0.30640808,0.124020204,0.0,0.115643956,0.0,0.057153586,0.0,-0.0060583306,0.0,0.12588833,0.0,-0.064620025,0.0,-0.082883954,0.2946793,0.42092878,0.12724012,0.009789524,-0.17956954,-0.06604143
-0.028533446,0.5534108,-0.07828973,-0.048310913,0.0023188088,-0.0020751043,0.016200839,-0.043203533,0.0,-0.15252286,0.21442422,0.111119136,0.0,0.095995665,0.0,0.036872167,0.0,0.0028455872,0.0,0.07107247,0.0,-0.050431184,0.0,-0.056667104,0.25747052,0.39377868,0.11442532,0.0061083566,0.2310831,0.0019933125
-0.015356425,0.6288289,0.47179016,0.05986962,-0.003917362,-0.004583845,0.06927506,-0.023914773,0.0,0.14696665,0.26785567,0.10885791,0.0,0.09372049,0.0,-0.15941411,0.0,0.00599463,0.0,0.079676084,0.0,0.06645789,0.0,0.031089423,0.1977266,0.31291208,0.13399276,0.0053811953,-0.13341346,-0.0036130873
0.045020908,-0.69265836,0.120606884,0.048644155,0.04152358,0.03120202,0.019878445,-0.03737419,0.0,0.19908664,0.2652358,0.07242358,0.0,0.08576196,0.0,0.11097252,0.0,-0.000796928,0.0,0.09861316,0.0,0.10653937,0.0,0.1172206,0.16819829,0.29261044,0.08134826,-0.055766456,-0.19400351,0.013476746
0.16947527,-0.37934464,0.39785573,-0.050850514,-0.030456794,-0.013998954,0.04476061,-0.02073394,0.0,0.10934934,0.29532334,0.07041296,0.0,0.08905767,0.0,-0.09834207,0.0,0.0032487179,0.0,0.0753266,0.0,0.13542093,0.0,0.06605951,0.16554719,0.2520754,0.09044374,0.00356065,-0.17547652,-0.0015714185
-0.05046177,-0.8349701,-0.7174894,-0.74683475,-0.055840336,0.008679098,0.061385434,-0.05298649,0.0,0.06626336,-0.20553932,-0.36870417,0.0,0.039891653,0.0,-0.022794023,0.0,-0.0029499158,0.0,0.04355775,0.0,-0.07994791,0.0,-0.06549723,0.099665746,-1.6056224,0.08702366,0.018380966,-0.14191991,0.01632957
-0.021604307,-1.5693188,-0.30783123,-0.503751,0.033138685,0.007479756,0.047764987,-0.094124444,0.0,-0.018850682,-0.28460813,-0.55785674,0.0,0.10989306,0.0,-0.04314625,0.0,0.03591116,0.0,0.04525449,0.0,-0.3978198,0.0,-0.15202639,-0.6320965,-0.06052074,-0.19670598,0.01379345,0.37111568,0.020019593
-0.020803612,0.34496957,-0.1438779,-0.10339318,-0.0018388195,-0.0035181807,0.02498256,-0.036540702,0.0,0.1762419,0.30492014,0.09782419,0.0,0.1007674,0.0,0.03935709,0.0,-0.0014857298,0.0,0.09941679,0.0,-0.07358146,0.0,-0.063618064,0.25470665,0.37998107,0.14199232,0.004459693,0.2641015,0.009844115
-0.06333397,-2.517967,-0.25035328,-0.1309926,-0.053321954,0.049858473,-0.31539723,0.16880012,0.0,-0.02622939,-0.14751644,0.033881806,0.0,-0.3046907,0.0,-0.0101092635,0.0,0.00066556595,0.0,-0.36836106,0.0,-0.37129444,0.0,-0.05446556,0.073769264,-1.7640629,-0.074539505,-0.18629012,-0.21171522,0.02209479
-0.040787432,-0.39689744,0.16908802,0.01634734,0.04064367,0.012433262,-0.34398916,-0.030178213,0.0,0.15247025,0.20763546,0.057307582,0.0,0.08609015,0.0,-0.14885864,0.0,0.004227536,0.0,0.07686035,0.0,0.10863141,0.0,0.12921315,-0.746293,0.18653885,0.112771295,0.00644943,0.2324498,0.026729072
0.28290433,0.05050723,0.5409364,-0.123739414,0.027096033,-0.008256038,0.06298027,-0.0043607624,0.0,-0.052869625,0.27565575,0.06613824,0.0,-0.08780473,0.0,-0.09337438,0.0,-0.003259968,0.0,-0.19899236,0.0,0.14086995,0.0,0.09051774,0.13611591,0.26779845,0.05464045,0.027265899,-0.18204957,0.088705696
-0.032118842,0.38697395,0.19865566,-0.035506744,0.0017973196,-0.034246795,0.039531153,-0.027984295,0.0,0.15590683,0.3012453,0.09958117,0.0,0.062033363,0.0,0.05392875,0.0,-0.0014961422,0.0,0.07747396,0.0,0.12315556,0.0,0.06960357,0.22354162,0.33696342,-0.31676233,0.006570513,0.17175077,0.003365582
-0.040016826,-1.9956863,0.8486247,0.38772914,0.16342314,0.047113843,-0.17203006,-0.027104598,0.0,-0.088283874,0.12820564,0.032647975,0.0,-0.3364287,0.0,-0.08836231,0.0,0.08764479,0.0,-0.22625265,0.0,0.10209949,0.0,0.044847924,0.10963498,-1.6731566,-0.27570045,0.070940346,-0.14940952,0.035766188
-0.037384737,0.07428636,-0.2888818,-0.12740208,-0.027992772,0.028994098,-0.24368384,0.09236545,0.0,-0.15390614,-0.17112125,0.04880682,0.0,-0.13121961,0.0,0.037260346,0.0,0.007842699,0.0,-0.34561154,0.0,-0.057408914,0.0,-0.054186746,0.09593255,-1.9463869,0.04575177,-0.019819545,-0.19063374,0.017015932
-0.048928205,-0.5451325,-0.3938839,-0.34456366,0.007900853,0.0056021274,-0.09473709,-0.053678155,0.0,-0.034927055,-0.2856616,-0.38975823,0.0,0.066916876,0.0,-0.010847089,0.0,-0.0066506797,0.0,0.0049006394,0.0,-0.10070388,0.0,-0.26588115,-0.7994382,0.19373368,-0.1858848,0.012796034,-0.14592278,-0.07354612
-0.06749184,-0.4489147,-0.18478237,-0.1856296,-0.020217445,-0.0076347343,0.02916298,-0.020363456,0.0,0.20144519,-0.23612055,0.044563524,0.0,0.08966758,0.0,-0.06697295,0.0,-0.006947257,0.0,-0.35813075,0.0,0.030760657,0.0,0.05710829,0.05829982,-1.746995,0.060383536,0.003000934,-0.16115199,-0.117238276
-0.02656059,-0.79800487,-0.10016687,-0.35994205,-0.08235139,0.017097479,0.032648887,-0.035486516,0.0,0.10620668,0.2958637,0.045551557,0.0,-0.3399523,0.0,0.05760207,0.0,-0.0039047298,0.0,0.09572374,0.0,0.12492575,0.0,-0.093097016,0.23547292,0.32262966,0.06679339,-0.0057490706,-0.22723907,0.051163528
-0.029529586,0.62655723,0.24718316,0.030678479,-0.041193303,0.034638427,0.03203234,-0.029039249,0.0,-0.18223047,0.21567078,0.10281214,0.0,0.052533563,0.0,0.10774212,0.0,-0.0010389453,0.0,-0.33581126,0.0,0.08569289,0.0,0.048687655,0.19181824,0.3662513,0.10139133,0.009865994,0.16122656,0.0020947065
-0.070135355,0.26374227,-0.6448805,-0.06772669,0.009455241,0.0018781775,-0.12093742,-0.027103242,0.0,-0.14232616,-0.21207424,-0.42113498,0.0,0.058640197,0.0,0.043376334,0.0,-0.0065192226,0.0,0.0017029678,0.0,-0.06456694,0.0,-0.061856586,0.104389995,-1.8603047,-0.12964946,0.0057789753,-0.08935487,-0.05829641
-0.028422171,0.1824644,-0.0630298,-0.04862361,0.020449167,-0.02415223,0.055837207,0.29519454,0.0,-0.09126592,-0.46711257,0.108340226,0.0,0.0952007,0.0,0.036371104,0.0,-0.006700552,0.0,0.1115541,0.0,-0.08950335,0.0,0.12250875,0.14169155,0.33039707,0.09951151,0.009896034,-0.22093187,-0.04011286
-0.05038778,-1.6617826,-0.2688169,0.046650156,-0.031990387,-0.03763791,0.029816527,-0.031933565,0.0,-0.09732494,-0.19375287,0.033679835,0.0,-0.17980316,0.0,-0.111003,0.0,0.001841923,0.0,-0.22830136,0.0,0.07932807,0.0,-0.04462442,0.07600742,-1.5567503,-0.16987029,0.01423402,-0.15448596,0.038690273
-0.038322527,-0.4354763,0.16265012,0.101443544,0.0042233914,0.0122511,0.0124165425,-0.04973604,0.0,-0.071791545,0.29058233,0.066752605,0.0,0.07468835,0.0,-0.0064640464,0.0,-0.0010099021,0.0,0.060908522,0.0,-0.026318906,0.0,0.1087044,0.17743644,0.35843843,-0.2303534,-0.012861926,-0.15442985,0.0005109079
0.06860907,0.56776065,0.7441814,0.0015070828,-0.027251638,0.005367587,0.070490375,-0.024320839,0.0,0.15427211,0.23038486,0.10569838,0.0,0.09211776,0.0,-0.16757342,0.0,0.003648015,0.0,0.110919215,0.0,0.06770331,0.0,0.022691702,0.19678266,0.29227757,0.1281646,0.0058021457,0.118214265,-0.007913111
0.13790965,0.025269909,-0.082275674,0.15963843,0.0399147,0.008849726,0.027124396,-0.047278143,0.0,-0.039048404,0.2842327,0.08308961,0.0,0.064822055,0.0,-0.04193299,0.0,0.0004251615,0.0,0.07494258,0.0,-0.0425901,0.0,-0.09807095,0.24804361,0.33821604,0.09723069,-0.06511762,-0.20327401,-0.0004019735
-0.03173105,-0.23252447,-0.20707963,-0.31187445,-0.012951848,-0.00491259,0.010051829,-0.04267758,0.0,-0.094457656,0.3074312,0.071926534,0.0,0.061822,0.0,0.032738864,0.0,-0.0014857298,0.0,0.081302114,0.0,-0.07684407,0.0,-0.060543295,0.22053467,0.3396736,-0.2756301,0.022498341,0.28685358,0.008646767
-0.026870437,-0.1684269,-0.06219941,0.14147224,-0.0044093095,-0.0049249567,0.00555861,-0.037305053,0.0,0.025065575,0.19563083,0.06205096,0.0,0.086765565,0.0,0.0018291036,0.0,-0.0012459877,0.0,0.076948024,0.0,-0.07579979,0.0,-0.28212133,-0.96575296,0.23770925,0.12793021,0.00016650939,-0.2500789,0.009804087
-0.05797233,-0.47939277,-0.523691,-0.46143782,0.0051129716,0.0021133798,0.02871069,-0.05184224,0.0,-0.106731854,-0.21763006,-0.34048355,0.0,0.05899752,0.0,0.004097487,0.0,-0.00676109,0.0,0.00513407,0.0,-0.11251004,0.0,-0.0683913,0.09819715,-1.7053967,-0.15373729,0.0049405075,-0.10116733,-0.060198955
-0.042014092,-0.8080232,-0.54706275,-0.31170973,-0.02614976,-0.0019086965,-0.1505454,-0.031336196,0.0,0.0567112,-0.20499441,-0.31392127,0.0,0.09912572,0.0,-0.018334435,0.0,-0.01773468,0.0,0.057373416,0.0,-0.06437571,0.0,-0.06931458,0.09859071,-1.6113943,0.0877868,0.0032832369,-0.21255593,-0.16584605
-0.048928205,-0.13156898,-0.39326257,-0.23272872,0.009625772,-0.010022626,-0.073658556,-0.049657542,0.0,-0.08625367,-0.31063044,-0.4034545,0.0,0.049750865,0.0,0.06569517,0.0,-0.0066506797,0.0,0.0053174896,0.0,-0.10257484,0.0,-0.26559177,-0.8108307,0.19562347,-0.19913995,0.013099945,-0.1333452,-0.068278596
-0.08608758,-0.42841917,0.15173958,-0.31640053,-0.014438309,-0.004407299,-0.121529974,-0.009820343,0.0,-0.21337953,0.14366788,0.040654276,0.0,0.05399026,0.0,-0.09514015,0.0,0.013282788,0.0,-0.33646226,0.0,0.035589572,0.0,-0.058170054,0.08711266,-1.8745036,0.025861403,0.013853989,-0.12144128,-0.113554664
-0.03255281,0.6215055,-0.32826027,-0.09365201,0.009020873,-0.00238488,0.012697316,-0.03693859,0.0,-0.12492439,0.2599052,0.100729324,0.0,0.08481087,0.0,0.037203036,0.0,-0.00062604994,0.0,0.06533813,0.0,-0.05971437,0.0,-0.07065543,0.28855473,0.41370535,0.10349932,0.0060674464,-0.17654975,0.009853454
-0.00588902,-1.1520845,-0.41924533,-0.09621256,-0.024388185,0.0013709702,0.06457861,-0.01410794,0.0,0.05437141,0.27129388,0.046871074,0.0,-0.1794165,0.0,-0.087552086,0.0,0.0078560505,0.0,0.015870834,0.0,0.1257223,0.0,0.09327308,0.19436751,0.218699,-0.4671996,0.004788341,-0.24380618,0.05029697
0.11553952,-0.38571626,-0.013776937,-0.042893093,0.002254515,-0.0048739337,0.012081896,-0.029177452,0.0,0.045405746,0.28598863,0.07446407,0.0,0.1015837,0.0,0.033116214,0.0,8.2737184e-05,0.0,0.071899176,0.0,-0.076160595,0.0,-0.07287412,0.21319717,0.32283616,0.10791471,-0.016177202,0.29238334,0.0019559115
-0.03661708,1.111637,-0.2876537,-0.10052588,-0.0193408,-0.015744304,0.030482998,-0.03128977,0.0,0.0004251483,-0.3834354,0.11844444,0.0,-0.23908743,0.0,0.04457093,0.0,-0.0015962599,0.0,0.15465216,0.0,-0.048338912,0.0,-0.063935556,0.2479628,0.3697699,0.102814995,-0.09908298,-0.17750187,0.0065098642
-0.0293145,-0.13538118,-0.08376161,-0.31471768,-0.0055203536,0.0061346274,-0.06565436,-0.037456,0.0,-0.13547656,0.2519148,0.08552963,0.0,0.06950579,0.0,0.050658826,0.0,-0.0014342042,0.0,0.07974118,0.0,0.06551174,0.0,-0.06067652,0.22025442,0.34980708,-0.2869387,0.010689073,0.29156062,0.0057155504
-0.033734694,0.6184847,-0.3629292,-0.041496128,-0.042298056,-0.0040140194,0.023826716,-0.036021903,0.0,-0.13918555,-0.346149,0.11423143,0.0,0.072614774,0.0,0.085587,0.0,-0.0016155334,0.0,-0.33867428,0.0,0.056420956,0.0,0.047101915,0.16179274,0.35272276,0.09873297,0.008970197,0.23229276,0.006302851
-0.021029197,-0.034028664,-0.086321265,-0.26581827,0.03552602,0.015743323,0.020029059,-0.034036115,0.0,-0.13930179,0.2583116,0.077565104,0.0,0.07277191,0.0,0.032527108,0.0,-0.0014342042,0.0,-0.27834222,0.0,0.11588774,0.0,-0.051495932,0.20468557,0.3656225,0.09721227,0.023084203,0.3100185,0.0014686914
-0.06007508,-0.9660638,-0.3914094,-0.42285883,-0.041958228,0.040852744,-0.2884254,0.21972899,0.0,0.0033050023,-0.13626873,0.037669152,0.0,-0.21045363,0.0,0.025134172,0.0,-0.005086968,0.0,0.066005595,0.0,-0.05002348,0.0,-0.05006456,0.09640427,-1.765945,-0.13067587,-0.019241912,-0.15616448,0.037462857
-0.025650084,-0.55030245,-0.4124571,-0.31332645,0.0075222435,0.0053344527,-0.08855365,-0.04900462,0.0,-0.054749135,-0.30293408,-0.42208648,0.0,0.057411328,0.0,0.033293735,0.0,-0.0012183988,0.0,0.027611895,0.0,-0.0870731,0.0,-0.2738883,-0.79503286,0.19669972,0.08048067,0.0057414514,-0.13355713,0.010612238
-0.025509605,-0.09726931,-0.016306084,-0.2837827,-0.019091617,-0.0037323064,0.012651353,-0.019294506,0.0,0.15245874,0.28119946,0.08830728,0.0,0.11153231,0.0,0.012114599,0.0,0.0025279867,0.0,0.094101325,0.0,-0.102515794,0.0,0.11426962,0.17474793,0.37445077,0.1265177,-0.061358057,-0.22056933,-0.0029379085
-0.057903364,-2.3837698,-0.39005083,-0.28069216,-0.01478671,0.022886263,-0.088253856,-0.032608595,0.0,0.11117863,-0.19112013,0.033922844,0.0,-0.41814664,0.0,-0.09242573,0.0,-0.010961408,0.0,-0.27197483,0.0,0.04507289,0.0,0.053522084,0.04772912,-1.7087297,-0.2081668,-0.1768446,-0.18788362,0.03671415
-0.046435144,-0.11317401,0.13812025,-0.28612798,-0.008501141,-0.0018813254,-0.07699601,-0.02943754,0.0,-0.07350314,0.27456054,0.083191894,0.0,0.06472702,0.0,0.020068768,0.0,0.030540518,0.0,0.08938348,0.0,0.11402962,0.0,0.1287655,0.18095689,0.3327858,-0.25016767,0.0256727,-0.18412594,0.04629782
-0.054201424,0.66586375,-0.15892504,-0.002298672,-0.00318124,-0.0024751034,0.016730301,-0.028560277,0.0,0.12830889,0.2579022,0.098388165,0.0,0.106443524,0.0,0.08352438,0.0,-0.0060583306,0.0,0.07215551,0.0,-0.06449328,0.0,-0.083241045,0.29600194,0.4024473,-0.25831586,0.0045467177,-0.15906169,-0.06716996
-0.047888957,1.1200058,-0.45104346,0.004640531,0.007651224,-0.0041787988,0.03940934,-0.027479133,0.0,0.01261164,-0.39665166,0.15142897,0.0,0.10486844,0.0,0.055960983,0.0,-0.0013288092,0.0,0.08658718,0.0,-0.05074829,0.0,-0.070918426,0.25391257,0.36906907,0.11846611,0.009528258,-0.19099835,-0.058444504
-0.028758844,0.229362,-0.2289103,-0.009654741,-0.0011817188,-0.0030922946,0.02839196,-0.040934656,0.0,0.15029745,-0.50286394,0.10750842,0.0,0.09563856,0.0,0.0792972,0.0,-0.0007558535,0.0,0.084328026,0.0,0.064256206,0.0,0.107581295,0.13541976,0.3251458,0.12603275,-0.05532527,-0.22331779,0.0045622336
-0.032498427,0.17577046,-0.13741486,-0.09718892,0.0012610914,-0.0032248853,0.041986924,-0.04378483,0.0,-0.10851449,-0.52360857,-0.60574657,0.0,0.06528504,0.0,0.032769576,0.0,-0.00676109,0.0,0.019573562,0.0,-0.08971279,0.0,-0.09663655,0.20057394,0.29255095,0.064992905,0.0051702303,-0.14303342,-0.069455676
-0.03080713,-0.22152324,-0.31741673,-0.25207403,0.00934937,-0.009229676,-0.07826725,-0.056830823,0.0,-0.07106766,-0.33909494,-0.51462215,0.0,0.036364302,0.0,0.09735873,0.0,-0.0020780785,0.0,0.009569161,0.0,-0.0898381,0.0,-0.123789355,-0.65029883,0.19532657,-0.20286192,0.012813515,0.34635857,0.016137851
0.11588437,-0.73529464,-0.027447762,-0.067568645,0.020241242,0.014953897,0.017979348,-0.041270956,0.0,0.09748555,0.28598863,0.07353414,0.0,0.09215586,0.0,-0.15922862,0.0,0.0022558093,0.0,0.083365954,0.0,-0.08990854,0.0,0.07670232,0.1686722,0.2987166,0.110939205,-0.01248458,0.22514057,-0.006931105
0.10029432,0.49959671,0.4296933,0.00984696,0.0026139314,-0.0019991638,0.04518337,-0.02883424,0.0,0.16730411,0.31452787,0.10351663,0.0,0.07445334,0.0,0.069779165,0.0,0.00053705554,0.0,0.10465201,0.0,0.14827132,0.0,0.027322276,0.19520628,0.34776673,0.13446951,0.007781763,0.18057093,-0.009145747
-0.027914433,-0.4339671,-0.30523607,0.07323467,0.03723157,0.020865237,-0.09418207,-0.023089562,0.0,0.1121968,-0.19125514,0.03446914,0.0,-0.17723432,0.0,0.09665061,0.0,0.004231681,0.0,-0.2109606,0.0,0.05438749,0.0,0.05490657,0.063917,-1.676626,-0.09519975,-0.008318249,-0.15354078,0.052676335
-0.064679995,-0.5896643,-0.13584608,-0.43139535,-0.0070966324,-0.010503532,0.012108248,-0.05525857,0.0,0.0014266577,-0.27894142,0.048422646,0.0,-0.28550327,0.0,-0.039743837,0.0,-0.0071599977,0.0,0.035620715,0.0,-0.08565153,0.0,-0.25221145,-0.86206234,0.20393118,-0.21875298,0.013248283,-0.20269565,-0.17030203
-0.057571374,-1.8801427,-0.2886385,0.12594336,0.024131654,0.05027227,0.025292464,-0.060597707,0.0,0.11668379,-0.2159328,0.04785295,0.0,0.17173433,0.0,-0.08439689,0.0,-0.01119888,0.0,-0.4097594,0.0,0.06990854,0.0,0.05634913,0.038532678,-1.683125,-0.26242915,0.07167446,-0.23372391,0.030903257
-0.037921857,-0.46369326,-0.73790175,-0.5861521,-0.0072382423,-0.0038232182,0.03218123,-0.06550722,0.0,-0.05140265,-0.30347896,-0.41845813,0.0,0.08521539,0.0,-0.02147894,0.0,-0.006892547,0.0,0.025984608,0.0,-0.11178889,0.0,-0.28377035,-0.8077829,0.19662306,0.06287046,0.004985034,-0.13651459,-0.05995211
-0.029645858,-0.29969135,0.18597345,-0.12409678,0.027575258,-0.023696393,0.0275875,-0.02821339,0.0,0.09602762,0.21558861,0.045852557,0.0,-0.26666656,0.0,-0.120206326,0.0,0.0045833616,0.0,0.050730247,0.0,-0.117832564,0.0,0.15010686,-0.6570836,0.23825747,0.12857746,-0.009592721,0.2535886,0.03820964
-0.046536338,-0.834635,-0.30441123,-0.75911665,-0.009723602,-0.06626941,0.08926537,0.3422153,0.0,-0.023700003,-0.17492135,0.037405975,0.0,-0.15073906,0.0,0.030229714,0.0,-0.014515652,0.0,-0.4106897,0.0,0.08922545,0.0,-0.078130245,0.08694471,-1.363709,-0.098397255,-0.024690108,0.69929683,0.037789315
0.1422512,-0.07579255,0.122294076,-0.2890642,-0.0011768768,0.0040928386,0.027838824,-0.01779368,0.0,0.11968029,0.28064296,0.08865988,0.0,0.060278162,0.0,0.02048912,0.0,-2.1434505e-05,0.0,0.08053647,0.0,0.12373735,0.0,0.12076884,0.17731433,0.31895018,0.11025654,0.021623574,-0.20936798,-0.0068970122
-0.023948029,-0.15950921,0.20881839,-0.01086117,0.0073436527,-0.034414895,0.025966182,-0.0263506,0.0,0.105613,0.32949018,0.07734334,0.0,0.07592034,0.0,0.045811817,0.0,-0.0014961422,0.0,0.08344954,0.0,0.124819525,0.0,0.070574366,0.18537194,0.24282974,0.13448504,-0.0011390416,0.26727936,0.0029383234
-0.030107325,-0.042105827,-0.07309843,-0.3057494,0.005051822,-0.020884804,0.02122125,-0.032834128,0.0,-0.097534105,0.26102304,0.062759794,0.0,-0.2655059,0.0,0.045150455,0.0,-0.0025686745,0.0,0.0377772,0.0,0.069653414,0.0,-0.049195807,0.2173098,0.34929457,-0.25934818,0.010575666,0.23662268,0.011572201
0.24866667,-0.39241266,-0.2605054,-0.14157684,0.02809264,0.018053846,0.014020037,-0.049674213,0.0,-0.012883485,-0.2479933,0.059239544,0.0,0.04208242,0.0,-0.0040498,0.0,0.0024962965,0.0,-0.19487782,0.0,0.07091488,0.0,-0.24804524,-0.78799695,0.18324324,-0.14624186,0.02239978,-0.18480001,0.0009639833
0.10029432,0.5832409,0.529505,0.06613453,0.0024265666,-0.0019991638,0.042505052,-0.030040419,0.0,0.21422549,0.31452787,0.10351663,0.0,0.07445334,0.0,0.08539081,0.0,0.00038829725,0.0,0.045793395,0.0,0.12867206,0.0,0.08011887,0.20656103,0.34717694,0.13446951,0.0077484273,0.1810597,-0.009145747
-0.059093013,0.22406085,-0.5765362,-0.07946825,-0.0066441856,-0.0026292575,-0.11869819,-0.0289286,0.0,-0.07737106,-0.5048179,-0.5998395,0.0,0.06090251,0.0,0.040844776,0.0,-0.00676109,0.0,0.032280434,0.0,-0.06589984,0.0,-0.08628229,0.2045143,0.29121798,-0.14741258,0.007134551,-0.10611538,-0.058988165
-0.029044287,-0.7821224,-0.1399263,-0.2909304,-0.0036626183,0.009092842,0.043247588,-0.07169155,0.0,0.05868141,-0.48438415,-0.6534669,0.0,0.03349136,0.0,0.058196746,0.0,-0.001946622,0.0,0.0071319216,0.0,-0.099230364,0.0,-0.061796598,0.15079138,0.24495816,-0.26192123,0.0029654368,0.1656138,0.012117507
-0.03793784,0.9313239,-0.255062,0.03215877,0.011553236,-0.011197426,0.040625542,0.2659107,0.0,-0.015077124,-0.36284927,0.15121843,0.0,0.09678213,0.0,0.029506203,0.0,-0.0021279515,0.0,0.2073112,0.0,-0.076843455,0.0,0.0625761,0.19344185,0.3100909,0.11910559,0.01066734,0.26049584,-0.001573021
-0.027024234,0.02083072,0.3316744,-0.011503109,-0.009046315,-0.007615692,0.12953608,-0.018710243,0.0,0.15790454,0.15784824,0.04919463,0.0,0.040738788,0.0,-0.14268537,0.0,0.0062622176,0.0,0.07315749,0.0,0.1269991,0.0,0.034269582,0.07528839,-1.5422137,-0.31936905,0.01739711,0.24138243,-0.0027541262
-0.04397093,-1.824535,0.026790863,-0.37483925,-0.13230306,0.007429594,0.049310993,-0.022509402,0.0,0.0775312,0.13349713,0.0336632,0.0,-0.47985753,0.0,-0.08311727,0.0,-0.006746866,0.0,-0.040269062,0.0,0.13512318,0.0,0.04992279,-0.055567928,-1.9950268,0.06435298,0.07696245,-0.15599397,0.038176443
-0.05536744,0.9973418,-0.5017623,0.3075412,-0.016502136,-0.0137015665,0.027262488,-0.041586645,0.0,-0.008376978,-0.41020235,-0.6289331,0.0,0.058748245,0.0,0.034560714,0.0,-0.002188489,0.0,0.1297411,0.0,-0.08183664,0.0,-0.05288418,0.21805984,0.32529476,-0.22362915,0.008285603,0.1516013,-0.048904926
0.011186145,-1.2444577,0.19409361,-0.041134275,-0.04214936,-0.005961357,0.04454507,-0.043325286,0.0,0.16010429,0.27883503,0.06547634,0.0,0.12498185,0.0,-0.09537383,0.0,-0.05682262,0.0,0.11763576,0.0,0.12314167,0.0,0.069026254,0.16642772,0.2967668,0.11812406,0.0037438914,0.33733332,0.033543438
-0.0296649,-0.2656437,0.06664495,-0.26189145,-0.016006151,0.024350341,0.022475177,-0.027472472,0.0,-0.08412446,0.19482963,0.037648648,0.0,-0.13680483,0.0,0.030876769,0.0,0.00488998,0.0,-0.23916128,0.0,-0.013291739,0.0,-0.28344044,-0.8827221,0.23934795,0.07879909,-0.0058775465,-0.23027836,0.015415087
-0.05894543,0.4611892,-0.20892364,0.12574571,-0.01121532,-0.0027149075,0.042716105,-0.036850035,0.0,-0.056989107,-0.25602418,-0.59614915,0.0,0.06843944,0.0,0.019172668,0.0,-0.006892547,0.0,0.024034716,0.0,-0.09631573,0.0,-0.25277793,-0.9404614,0.22851512,-0.16455752,0.006733726,-0.10247677,-0.07469313
0.3296087,-2.2013884,-0.28582257,-0.047920458,0.031761345,0.020813247,0.024447544,-0.05082142,0.0,0.10768837,-0.16894542,0.039378628,0.0,-0.63936603,0.0,-0.089425296,0.0,-0.012961424,0.0,0.15354718,0.0,0.11264796,0.0,0.07199873,0.06800177,-1.4957931,0.09099742,-0.18819964,-0.17378014,0.015138946
-0.03853138,0.6365431,0.029776301,-0.01600673,-0.0055752136,-0.003210651,0.037566647,-0.046875954,0.0,-0.10825196,-0.3063893,0.14272992,0.0,0.07808858,0.0,0.060779955,0.0,-0.002188489,0.0,0.076164864,0.0,-0.077274665,0.0,-0.057248466,0.22280017,0.34203592,-0.2714531,0.006732527,0.2289142,0.019541342
-0.021163458,0.34272334,0.6095533,0.31948113,0.027527472,-0.002526184,0.038546592,-0.035445556,0.0,-0.14352293,0.18449965,0.07185313,0.0,-0.16849408,0.0,0.07424355,0.0,0.0056471014,0.0,0.05258851,0.0,0.15260738,0.0,0.1587177,-0.8059804,0.262102,0.15339378,0.012141923,0.20750241,0.00022489458
-0.02281015,0.68410665,0.60669106,0.00283497,0.0033945022,0.0043381765,0.042828012,-0.026482746,0.0,0.20692003,0.35199872,0.10458174,0.0,0.07605606,0.0,0.08799685,0.0,0.002734912,0.0,0.10264125,0.0,0.11959502,0.0,0.095919974,0.20455435,0.37647924,0.1447285,0.0073752142,-0.15109095,-0.004845723
-0.047047853,-0.32144865,-0.1719646,-0.38097832,0.010122981,0.016153809,0.007422992,-0.050254907,0.0,-0.022754189,-0.286331,0.059244897,0.0,0.099487625,0.0,-0.043736015,0.0,-0.0066506797,0.0,-0.23467182,0.0,-0.07993789,0.0,-0.25890544,-0.76939434,0.21361484,0.098097056,0.019228198,-0.2030738,-0.056787655
-0.020458218,-0.4369377,-0.024430806,0.013422218,-0.0061288564,-0.0070314873,0.020761821,-0.032996897,0.0,0.15997939,0.30600086,0.07197075,0.0,0.1033601,0.0,-0.023542441,0.0,-0.0022448525,0.0,0.104208864,0.0,-0.05734375,0.0,-0.062366314,0.20854412,0.3357011,0.13407035,-0.002428563,0.2970134,0.009765569
0.1879044,-0.4208838,0.06702892,-0.3090312,-0.0021857927,-0.03618286,0.023401124,-0.028269917,0.0,0.088680096,0.27916718,0.074274965,0.0,0.07372178,0.0,0.099236414,0.0,-0.0008811143,0.0,0.09113703,0.0,0.13436382,0.0,0.07824578,0.17431724,0.28915942,-0.24166895,0.006505036,0.21690367,-0.005836542
-0.022494292,-0.05137526,0.06873641,-0.2746566,0.02879495,-0.010752092,0.023371708,-0.011734474,0.0,0.12596413,0.3224862,0.048716333,0.0,-0.24082309,0.0,0.020868257,0.0,-0.002378333,0.0,-0.21328317,0.0,-0.040742375,0.0,-0.051839914,0.20601754,0.35293058,0.07320945,0.027466744,0.2994447,0.01745467
-0.033820495,-0.45719576,-0.2852802,-0.304071,0.006307085,-0.0045334916,0.013761143,-0.060965378,0.0,-0.040132906,-0.46457997,0.076514244,0.0,0.07335886,0.0,0.017942725,0.0,0.0027849246,0.0,0.07834867,0.0,0.072980285,0.0,-0.09643945,0.19101824,0.29378194,0.10365659,0.022968741,-0.27278838,0.00012932712
-0.0630349,-2.4205394,-0.27725756,-0.029357959,0.008764207,0.04220751,-0.31488085,0.32860738,0.0,-0.02161274,-0.13600145,0.037669152,0.0,-0.48854744,0.0,0.027267996,0.0,0.00066556595,0.0,0.15520357,0.0,-0.41318166,0.0,-0.059528254,0.09596497,-1.758278,-0.14233586,-0.1885982,-0.22718413,0.015452388
-0.030157957,-0.4171499,-0.8697476,-0.14426668,0.014262477,0.008638623,0.015457161,-0.0651773,0.0,-0.13637668,-0.41782126,-0.601697,0.0,0.02098639,0.0,0.084493525,0.0,-0.0010869419,0.0,0.007407357,0.0,-0.106701374,0.0,-0.09449586,0.20370224,0.27016655,-0.1937078,0.0368786,-0.17780955,0.019811252
-0.07064307,-1.3019526,-0.13093904,-0.059261214,0.053470377,0.00022932966,0.026543006,-0.03558314,0.0,-0.062310673,-0.23891875,0.042004645,0.0,-0.25123915,0.0,0.0133639835,0.0,0.016361434,0.0,-0.20260169,0.0,0.05950109,0.0,0.25088686,-0.55398506,0.23539022,-0.17258859,-0.029349243,-0.232555,-0.33101878
0.081384525,0.56955886,-0.017046092,-0.012406233,0.019231426,-0.0021206487,0.033879198,-0.028352387,0.0,0.17512476,0.26101217,0.10228117,0.0,0.12892193,0.0,0.04891774,0.0,0.00056542875,0.0,0.07050947,0.0,0.061777834,0.0,-0.06994084,0.25062856,0.3830107,0.108315416,0.00665168,0.19470744,-0.0054756864
-0.043689083,-0.58783424,0.12342077,-0.002931414,-0.006010224,-0.12608366,0.0058224457,-0.071127854,0.0,-0.054189786,-0.3984629,0.054475848,0.0,-0.3277271,0.0,-0.040722024,0.0,-0.0013543926,0.0,0.044223435,0.0,-0.06911868,0.0,-0.08423762,0.20435485,0.28177473,-0.14124411,-0.018781425,-0.20280424,0.033309717
-0.0572341,-2.2323308,-0.39515626,-0.09888189,0.018509882,0.03403808,-0.0854287,-0.045463804,0.0,0.16380632,-0.19125514,0.03397386,0.0,-0.4410751,0.0,-0.08797245,0.0,-0.005979361,0.0,-0.28023425,0.0,0.06285997,0.0,-0.07822484,0.058819838,-1.6268021,-0.19870417,0.054253995,-0.22214083,0.039370492
0.35827112,-0.2581116,-0.035072036,0.2827759,-0.030347353,-0.02371155,0.0749884,-0.019601071,0.0,0.06321089,0.28391573,0.05230513,0.0,-0.29793957,0.0,-0.08087859,0.0,0.0038951875,0.0,0.008444848,0.0,0.1303575,0.0,0.05969778,0.15066938,0.24665564,0.14993487,0.00091079035,0.25826424,0.0058319094
0.020889703,-0.79594576,0.34105563,-0.39609045,0.020801518,0.010710209,0.02134996,-0.04303476,0.0,0.10242745,0.16346519,0.044924133,0.0,-0.30145663,0.0,0.040277127,0.0,-0.011412831,0.0,0.09039236,0.0,0.15035208,0.0,0.122667864,-0.6246728,0.22767137,0.097629435,-0.009789196,0.19075239,0.019334666
-0.030633042,-0.36055037,-0.20096727,-0.19656871,0.013302115,0.03604894,-0.24392089,0.2682621,0.0,-0.010753301,-0.35759476,0.07690712,0.0,0.061296668,0.0,0.030225497,0.0,-0.0018460645,0.0,0.07437828,0.0,-0.0358172,0.0,-0.097485036,0.19140126,0.29657045,-0.20934533,-0.056574557,-0.16306837,0.013527862
-0.057625987,-0.0756723,-0.24445021,-0.1672167,-0.009413348,-0.0032924754,-0.034967978,-0.028676083,0.0,-0.03472452,-0.21897489,0.070861414,0.0,-0.24860393,0.0,-0.0056414385,0.0,0.032873183,0.0,0.042967718,0.0,-0.06916365,0.0,0.25452968,-0.6039927,0.2657813,-0.28116426,0.0072000925,-0.15238008,-0.054409634
-0.036804505,-0.036659107,-0.8310777,0.19258875,0.06279349,0.0024298662,-0.16222706,-0.035847474,0.0,-0.10587559,-0.2096395,-0.28742734,0.0,0.019928237,0.0,0.027645543,0.0,-0.0012938748,0.0,0.027317725,0.0,-0.059275262,0.0,-0.060884573,0.09462667,-1.6556945,-0.15390491,-0.0929112,-0.09432896,0.010976581
0.018062787,-1.2287902,0.47012466,-0.04344163,-0.017607354,-0.0071623493,0.04993161,-0.0306907,0.0,0.13707265,0.15891647,0.056503106,0.0,0.08594865,0.0,-0.08858127,0.0,0.0070972526,0.0,0.08334009,0.0,0.15671928,0.0,0.2480934,-0.64085877,0.18129465,0.0813621,-0.047231324,-0.2589848,0.011504917
-0.028463844,-0.20575844,0.43068781,0.22258674,0.017244413,-0.019288382,0.03092983,0.07607598,0.0,-0.041173674,-0.383372,0.077070944,0.0,-0.3110204,0.0,-0.03726903,0.0,0.011227847,0.0,-0.3910807,0.0,0.06357298,0.0,-0.07629138,0.17449199,0.30706292,0.07019769,-0.020444266,-0.25397506,0.010089067
-0.0065272986,-0.4233916,0.4613201,-0.272836,0.16179758,0.064865544,0.090807766,-0.005019475,0.0,0.10130263,0.17831062,0.057879187,0.0,0.08961503,0.0,-0.15015456,0.0,-0.0021812522,0.0,-0.13895896,0.0,0.12453436,0.0,0.2896348,-0.6042683,0.17738953,0.08597605,0.0046596336,-0.15308338,0.035660952
0.32337996,1.0887598,-0.15250011,0.060092777,-0.028164623,-0.0137015665,0.03103985,-0.039921537,0.0,0.002449769,-0.35035303,0.1423949,0.0,0.08069468,0.0,0.051775813,0.0,-0.0006200222,0.0,0.16507034,0.0,-0.08319609,0.0,-0.058111902,0.22544332,0.34347594,-0.22017203,0.009687623,0.21722467,-0.0002502466
0.12973557,-0.38615975,-0.0045256126,-0.18913826,-0.047771286,0.027639719,0.018785138,-0.032476194,0.0,-0.08926006,0.18914095,0.04009559,0.0,-0.16287452,0.0,-0.13175698,0.0,-0.0010203614,0.0,-0.25658795,0.0,-0.10257529,0.0,0.14486033,-0.5689862,0.16749908,0.07295979,-0.009777356,0.21310328,-0.008195857
-0.04081907,0.05090922,-0.34294128,-0.24424163,-0.0063691055,0.0039171036,-0.12949714,-0.024614908,0.0,-0.1695327,-0.18746701,-0.40449688,0.0,0.023534166,0.0,0.09310392,0.0,-0.0013288092,0.0,0.024570353,0.0,-0.07240115,0.0,-0.059880055,0.094700195,-1.7604545,-0.16886556,-0.05346604,-0.11098954,0.019482525
-0.039864555,0.47536558,0.0043539517,-0.064528756,-0.006245815,-0.0028841163,0.024845181,-0.044460833,0.0,-0.13008586,0.21080549,0.10718367,0.0,0.09587764,0.0,0.1003844,0.0,-0.001676071,0.0,0.08005168,0.0,0.04935692,0.0,-0.057248466,0.2560854,0.38117403,-0.25067332,0.009904669,0.20770445,0.00700914
-0.04713043,0.122046515,-0.3161077,-0.07159813,0.00707982,0.0062809917,-0.06650939,-0.034663435,0.0,-0.0787597,-0.48800355,0.08235341,0.0,-0.302797,0.0,0.030910691,0.0,0.030519996,0.0,0.063443914,0.0,-0.06444994,0.0,0.11114073,0.13021573,0.32320628,0.096949905,0.0048400303,-0.20783542,-0.046975415
-0.056415427,1.1292884,-0.2296873,0.09540122,-0.014123285,-0.012616498,0.03077534,-0.03610572,0.0,-0.050787393,-0.38602507,0.15046044,0.0,0.09474025,0.0,0.02513218,0.0,-0.00676109,0.0,0.17268832,0.0,-0.082163796,0.0,-0.080549605,0.24711859,0.37131298,0.1019471,0.0074093174,-0.19898814,-0.08264536
-0.0384344,-0.7645422,0.087443724,0.021974845,-0.018711338,0.015425612,-0.07089575,-0.064505085,0.0,-0.003519279,-0.41917962,0.053097766,0.0,-0.21989432,0.0,-0.07121554,0.0,-0.014842567,0.0,0.061412662,0.0,-0.03761933,0.0,-0.051418614,0.16628225,0.2711899,-0.16535133,-0.0395013,0.2224559,0.033784512
-0.022834096,-0.039254077,0.045585275,-0.23272885,-0.0019676206,0.0040961993,0.029946629,-0.025693618,0.0,0.13478531,0.26264885,0.0947822,0.0,0.064834796,0.0,0.03193975,0.0,-0.0014961422,0.0,0.09809477,0.0,0.14502604,0.0,0.07218034,0.17373496,0.31847453,0.14346164,0.022404168,0.2793379,0.0031217027
0.11435762,-0.34620833,-0.12829417,-0.32295832,-0.0002379247,0.009291781,0.012841395,-0.046469163,0.0,0.16296797,0.30183107,0.07430812,0.0,0.09280824,0.0,0.05386763,0.0,0.0003246041,0.0,0.087887965,0.0,-0.0791906,0.0,-0.07495756,0.2169156,0.32675478,0.1096828,0.019779116,0.2888414,0.0015339241
0.15137155,0.22443086,-0.13474336,0.17746672,-0.0038641829,0.0143549815,0.019645838,-0.038785577,0.0,-0.14511135,0.34077093,0.07277351,0.0,0.07617459,0.0,-0.03760202,0.0,0.0005585648,0.0,-0.29044393,0.0,-0.08893502,0.0,0.09292083,0.17250656,0.37452877,0.08197357,0.007096401,-0.14473589,-0.00783699
-0.050919756,-0.28413755,-0.38469878,-0.58437085,-2.5254743e-05,0.008011224,-0.10532345,-0.060299944,0.0,-0.040717028,-0.2928313,0.068304226,0.0,0.07963676,0.0,-0.011279272,0.0,0.03430033,0.0,0.06466752,0.0,-0.05501488,0.0,-0.27296326,-0.8467587,0.21375765,-0.26367086,0.013598,-0.2036688,-0.031908806
-0.05810355,-0.4600347,-0.50985783,-0.32804275,-0.013673901,0.002159449,-0.09865791,-0.042006414,0.0,-0.11072504,-0.21709543,-0.34048355,0.0,0.058007028,0.0,0.047889818,0.0,-0.0065192226,0.0,-0.013328066,0.0,-0.085924834,0.0,-0.06973922,0.09755141,-1.7082084,-0.16043255,0.007214289,-0.09462368,-0.058280975
0.09303699,-0.668949,0.3808092,-0.13377935,-0.044908516,-0.014459015,0.048019662,-0.021018378,0.0,0.0764092,0.26280802,0.06394194,0.0,0.07265388,0.0,-0.13087875,0.0,0.0052268887,0.0,0.0899858,0.0,0.14722088,0.0,0.021614136,0.1580023,0.25789088,-0.22714643,0.00510548,0.18648295,0.010119497
-0.030627064,1.1375483,0.27556825,0.06334522,-0.0054143127,0.0051253564,0.04590482,-0.028535279,0.0,0.1327396,0.28495526,0.12617013,0.0,0.09429914,0.0,0.05187052,0.0,-0.0014961422,0.0,0.13356274,0.0,0.08874054,0.0,0.06612828,0.20883821,0.3687099,0.12826504,0.012767079,0.19728427,0.0043729013
0.20174202,1.073079,-0.14385115,0.11937546,-0.006441386,0.016271867,0.020766221,-0.033841256,0.0,0.11641675,0.2576722,0.11595467,0.0,0.09203786,0.0,0.08188518,0.0,0.0003246041,0.0,0.102553256,0.0,-0.06529036,0.0,-0.06057948,0.26247442,0.38587058,-0.27253035,0.012569129,0.20232092,0.003196271
-0.021652494,-0.1260274,-0.02921364,-0.29733366,-0.038083974,-0.005972896,0.026293015,-0.013412704,0.0,0.16419153,0.33089375,0.06446619,0.0,0.09387301,0.0,0.035701085,0.0,-0.0015566801,0.0,-0.32289743,0.0,0.13146907,0.0,-0.060314164,0.19590375,0.3564304,0.1120841,0.022040298,0.31006667,0.0055266633
-0.04594855,0.5101804,-0.23007928,-0.10830265,-0.00062440196,-0.0024751034,0.0174923,-0.026430208,0.0,0.18889007,0.34201723,0.09511078,0.0,0.08824786,0.0,0.107617006,0.0,-0.0060583306,0.0,0.045407046,0.0,-0.07748073,0.0,-0.08937695,0.29355642,0.39559633,-0.3015182,0.003701054,-0.17251198,-0.06716996
-0.024073234,0.059515245,0.5377148,-0.121598706,-0.032896075,0.020012338,0.069038965,-0.024291506,0.0,-0.09133485,0.2574035,0.067428984,0.0,-0.09682873,0.0,-0.12812564,0.0,-0.0033556472,0.0,-0.26388386,0.0,0.14920293,0.0,0.0376907,0.12919606,0.27154008,0.10270499,0.03165025,0.23443648,0.012140348
-0.04807125,-0.43863404,-0.55126405,-0.27760917,0.021692088,0.007291975,0.036999412,-0.05468281,0.0,0.06767039,-0.21416603,0.049068414,0.0,0.020725738,0.0,-0.057542477,0.0,0.006079997,0.0,0.09163684,0.0,-0.02983619,0.0,-0.060252804,0.08978084,-1.6803395,-0.20153302,-0.039750185,-0.19969487,0.008965113
-0.013507768,-1.29356,-0.56790507,-0.08020102,0.07106361,0.0055651413,0.029938543,-0.11488504,0.0,-0.16544196,-0.20365326,0.038021594,0.0,-0.3692859,0.0,0.13144553,0.0,-0.007540088,0.0,-0.33040044,0.0,0.11825546,0.0,0.06064282,0.056450944,-1.4764845,0.069513865,0.0032085697,0.45318878,0.038556557
-0.04790357,-0.10225947,-0.23279914,0.314426,0.06270568,0.0027593614,-0.17909205,-0.03692463,0.0,-0.06337643,-0.19088838,-0.28954023,0.0,0.06384451,0.0,0.031133158,0.0,-0.008382196,0.0,0.035425395,0.0,-0.06921995,0.0,-0.06770055,0.09756286,-1.6523156,-0.1496459,0.019774986,-0.1255987,-0.12967953
-0.023904392,0.0055602626,0.27396438,-0.23406185,-0.0033989404,-0.00082977646,0.026939305,-0.03261546,0.0,-0.13775773,0.25986582,0.0743707,0.0,-0.17576991,0.0,0.05067801,0.0,-0.0023887455,0.0,0.06277371,0.0,0.13418384,0.0,0.058027297,0.17563474,0.32093987,0.12769794,0.029673334,0.25882038,0.0089625865
-0.06555193,-1.109583,-0.9039353,-0.23475313,-0.0037817352,0.10814301,-0.028260402,-0.04187101,0.0,-0.047420427,-0.17183644,0.031447023,0.0,-0.22429363,0.0,-0.044942535,0.0,-0.019168975,0.0,-0.32602727,0.0,-0.02404163,0.0,-0.066502154,0.060163174,-1.6864629,0.029841997,-0.031199781,-0.2255923,-0.24128626
-0.04303163,0.28958446,-0.11972499,-0.10254813,0.0025678547,-0.0027149075,0.032626495,-0.039750375,0.0,-0.08925996,-0.4732079,0.1163499,0.0,0.069860436,0.0,0.0860189,0.0,-0.00676109,0.0,0.04479958,0.0,-0.094486624,0.0,-0.0870426,0.21952675,0.32453737,-0.23898801,0.0051764855,-0.19325215,-0.059827074
-0.044660766,0.9693704,-0.69906855,0.22388445,-0.015999984,-0.011687199,0.01589944,-0.03487171,0.0,-0.038728833,-0.42936873,-0.4901769,0.0,0.05237332,0.0,0.020789912,0.0,-0.0013288092,0.0,0.14427462,0.0,-0.0708121,0.0,-0.068530716,0.25352827,0.34594503,0.13008091,-0.41548294,-0.17174013,-0.05614732
0.25046387,1.2335827,-0.21078637,0.06489768,0.0107644545,0.014175908,0.012841076,-0.0287757,0.0,-0.089632824,0.27367085,0.12273879,0.0,0.07402315,0.0,0.028849801,0.0,-0.0003627009,0.0,0.096687086,0.0,-0.07071047,0.0,-0.08137803,0.29253066,0.39275047,0.087813914,0.013219828,-0.16831583,0.009430749
-0.03090369,-0.1656612,-0.19170861,0.026442355,-0.015124789,0.011532706,-0.04230397,-0.025484862,0.0,-0.092279874,0.19933333,0.04196797,0.0,-0.26379865,0.0,0.007954942,0.0,-0.001138168,0.0,0.061432824,0.0,-0.06459442,0.0,0.2540341,-0.7075566,0.29056832,0.12041992,0.002649938,-0.16994582,0.020640144
-0.047531452,-0.12127068,-0.14317559,-0.28631803,-0.0017113381,-0.004416847,0.011721268,-0.022967663,0.0,0.016883831,0.27497083,0.08140965,0.0,0.07327829,0.0,0.048368666,0.0,-0.0060583306,0.0,0.07548531,0.0,-0.0780596,0.0,-0.10908111,0.2580547,0.35197854,-0.27525523,0.0045657977,-0.23203674,-0.06816686
-0.024005316,-0.252261,-0.044004932,-0.16707002,-0.0058890292,-0.0045268126,0.019453872,-0.04322121,0.0,-0.16282128,0.31832594,0.07623977,0.0,0.094214246,0.0,0.03257268,0.0,-0.0016155334,0.0,0.101876505,0.0,0.13845415,0.0,0.06893429,0.17619509,0.3489163,0.12289977,0.025448516,0.25949305,-0.0015252174
-0.06640769,-0.7327058,0.23392725,-0.68694466,-0.017508749,0.040757123,-0.25699535,0.03360688,0.0,-0.07567965,-0.1759188,0.047349956,0.0,0.009501009,0.0,-0.06299618,0.0,0.0041448493,0.0,-0.36174455,0.0,0.0054120505,0.0,0.049929056,0.071933724,-1.8612248,-0.055101734,-0.09600405,-0.15981087,0.030704133
-0.04575461,-1.6726794,0.35577846,-0.44808626,0.09466407,0.011756532,-0.28950498,-0.029828394,0.0,-0.07692959,0.16480725,0.04280042,0.0,-0.41960004,0.0,-0.0849473,0.0,-0.020519046,0.0,0.054131027,0.0,0.123700336,0.0,0.25882435,-0.7258114,0.08342736,0.10421543,0.0018278771,-0.15304346,0.031132204
-0.02828523,-0.7324087,-0.45031065,-0.41918626,0.0019173613,0.00028985157,-0.09643088,-0.04454875,0.0,-0.08227185,-0.19170606,-0.36069903,0.0,0.046658665,0.0,-0.0029341402,0.0,-0.012302399,0.0,0.05735266,0.0,-0.07565303,0.0,-0.059340276,0.10488097,-1.6834153,0.067059144,0.0468986,-0.19136797,0.012971895
-0.049380094,-1.7053664,-0.457896,-0.42395028,-0.11237489,0.025155053,0.07203844,-0.05195541,0.0,0.08133695,0.1319206,0.038762175,0.0,-0.72507083,0.0,-0.038738474,0.0,-0.0027032348,0.0,0.042342722,0.0,0.14269987,0.0,0.045114975,0.033183202,-1.7662938,0.13740514,0.075061746,0.2548744,0.037616093
0.0609895,-0.19297683,0.4220835,-0.0070515536,-0.34527105,0.020527476,0.0824552,0.0005659851,0.0,0.092361525,0.11200757,0.033118278,0.0,-0.17035893,0.0,0.14446425,0.0,0.0017943566,0.0,0.20517105,0.0,0.13377063,0.0,0.048512887,0.07723877,-1.4287591,-0.16127576,-0.055996258,-0.0772921,0.01858287
-0.047957495,-1.1757363,-0.18251136,-0.9881427,-0.027027637,-0.037807874,0.042325947,0.1225173,0.0,-0.0890108,-0.35498056,0.0667562,0.0,0.028927978,0.0,0.004537141,0.0,0.008444879,0.0,-0.4452232,0.0,0.048539165,0.0,0.09294286,0.12422993,0.30661523,0.039542392,-0.115945354,-0.18793562,0.00846947
0.18843359,-0.15808553,-0.14345032,-0.30350065,0.0024145832,-0.0048292195,0.015952686,-0.02840345,0.0,-0.14019223,0.2714685,0.0794073,0.0,0.06128669,0.0,0.021785451,0.0,-0.00020136312,0.0,0.05423941,0.0,0.07720799,0.0,-0.10501368,0.254149,0.33059186,-0.20402968,0.011740103,-0.2097966,-0.002946855
-0.050390083,-0.31380892,-1.5892191,-0.12000395,0.009315341,0.004307091,-0.15028521,-0.051014524,0.0,-0.21206158,-0.23783544,-0.40094066,0.0,0.04408907,0.0,0.09110854,0.0,-0.0065192226,0.0,0.031649273,0.0,-0.074207336,0.0,-0.06884555,0.104940705,-1.7262747,0.3223075,0.007758046,-0.1336761,-0.06000952
-0.046461735,-0.4263021,-0.30613413,-0.31193972,-0.05302538,-0.0067306687,0.023309633,-0.01842122,0.0,-0.22677767,0.14057417,0.04179052,0.0,0.054780386,0.0,0.04266622,0.0,0.0032745406,0.0,-0.34423086,0.0,-0.09925715,0.0,0.05225293,0.07271498,-2.141253,0.032629628,0.013216713,-0.15313415,0.019393006
-0.019342357,0.38703173,-0.09664267,0.057208277,0.00045858487,0.003056813,-0.14365706,-0.02354926,0.0,0.12845048,-0.49113744,0.12210173,0.0,0.086556375,0.0,0.02872108,0.0,-0.0010869419,0.0,0.057864107,0.0,-0.048665687,0.0,-0.081498474,0.21434052,0.328096,0.11389498,-0.032847106,-0.2195054,0.024282075
-0.041980512,0.45233393,-0.39132288,-0.09635632,0.024132056,-0.011113933,-0.07155843,-0.035329524,0.0,-0.04398579,-0.3723471,-0.90517807,0.0,0.045967393,0.0,0.047277052,0.0,-0.002188489,0.0,0.09707309,0.0,-0.05298291,0.0,-0.054430213,0.22484884,0.31633094,0.095085986,0.030918596,0.18572704,-0.0010926474
-0.044113226,-0.023720825,-0.3598469,-0.28591558,0.009451445,-0.003814213,0.01316062,-0.03857667,0.0,-0.09177792,-0.25457978,-0.49066725,0.0,0.051949117,0.0,0.0637603,0.0,-0.006892547,0.0,0.004864128,0.0,-0.13033663,0.0,-0.2654585,-0.81573105,0.1986883,-0.20098966,0.0052272673,-0.15235011,-0.08413449
0.13740659,0.74310833,-0.13716185,0.0036444657,0.009907572,-0.003309561,0.019678483,-0.027505387,0.0,0.1324853,-0.33842945,0.13945286,0.0,0.09166218,0.0,-0.051248092,0.0,0.00018329459,0.0,0.061050817,0.0,-0.016289217,0.0,-0.073698975,0.24821779,0.334235,0.109933116,-0.084396414,-0.1847538,0.0047662472
-0.034476876,0.60702014,-0.038480163,0.008878144,0.021481752,0.00029272423,0.068677895,0.2587787,0.0,-0.08733432,-0.34901074,0.13112819,0.0,0.094624385,0.0,0.06553013,0.0,0.035936087,0.0,0.11477151,0.0,0.09652765,0.0,-0.08222241,0.24065287,0.36228132,0.111341596,0.012199869,-0.21108043,-0.016148677
-0.030625729,0.33195084,-0.27167365,-0.079394594,0.040985204,-0.0016384528,-0.07262177,-0.023064444,0.0,-0.11434344,-0.47789085,0.109500416,0.0,0.070864044,0.0,0.093756676,0.0,-0.0007558535,0.0,-0.25302526,0.0,0.044801213,0.0,0.07150362,0.13613674,0.337315,0.08500538,-0.057830174,-0.19534138,0.0044233487
-0.031618103,1.1396208,-0.086625084,0.0053250617,-0.013136292,-0.004175438,0.015480142,-0.03869123,0.0,-0.106082834,0.2766625,0.12028745,0.0,0.08943293,0.0,0.038328353,0.0,-0.0014857298,0.0,0.123827785,0.0,-0.06259888,0.0,-0.05689137,0.2574859,0.40296444,0.11420956,0.012883455,0.24201159,0.009761243
-0.013070171,-0.28200117,0.09476627,-0.5010839,-0.062296897,0.035261795,0.058505543,-0.0049615563,0.0,0.079389535,0.13349713,0.0336632,0.0,-0.21687071,0.0,-0.11322508,0.0,0.0051591313,0.0,0.036463212,0.0,0.10439402,0.0,0.048910968,0.058965735,-1.806206,-0.0087086195,-0.008358766,-0.060636133,0.05673574
-0.06362511,-0.5712783,0.215628,-0.16384642,-0.051783208,0.0029051783,0.023302224,-0.021020753,0.0,0.13011424,0.2949639,0.06884128,0.0,0.07573799,0.0,0.102154754,0.0,-0.0009148089,0.0,0.07351367,0.0,0.13326308,0.0,0.112045,0.18729176,0.31252095,-0.24059813,0.0055114063,-0.17977,0.028342554
-0.03930005,0.186104,-0.066024065,0.080412336,-0.0052187927,-0.0029850819,0.05624255,-0.036611807,0.0,0.14645347,-0.4127569,0.10423754,0.0,0.10230453,0.0,0.069191284,0.0,-0.00676109,0.0,0.056953996,0.0,-0.07358759,0.0,-0.101263836,0.20338777,0.30821338,0.13035391,0.0026921735,-0.25151202,-0.09775231
-0.03669392,0.2098742,-0.2768521,0.42797464,-0.043209463,0.0019370819,0.03592314,-0.034129504,0.0,-0.10605623,-0.21017413,-0.28098923,0.0,0.020685837,0.0,0.0384365,0.0,-0.0013288092,0.0,0.006130303,0.0,-0.08258529,0.0,-0.058665358,0.0955475,-1.6340686,-0.14658614,-0.143211,-0.123789445,0.011018971
-0.04401393,0.91348964,0.09498684,0.20996605,0.010656153,0.02329542,0.00560561,-0.043768886,0.0,-0.073987104,-0.3826684,0.1488541,0.0,0.12669456,0.0,0.02552323,0.0,-0.0021279515,0.0,0.099330366,0.0,-0.055122726,0.0,-0.09161824,0.19266039,0.353719,0.108643025,0.0059137223,0.22677523,0.007671025
-0.032709565,-0.36660874,-0.101033285,-0.16450007,0.016040321,0.0046295403,0.026381478,-0.058267403,0.0,-0.078970835,-0.45462456,-0.4503217,0.0,0.024135845,0.0,0.084977105,0.0,-0.0013288092,0.0,0.004724537,0.0,-0.098508805,0.0,-0.09580653,0.2023841,0.26557082,-0.18622755,-0.3262401,-0.14199017,0.009653914
-0.032085896,1.1418501,0.17306258,0.213837,-0.0017370691,-0.0032464468,0.031476904,-0.029090308,0.0,0.12337268,0.2813364,0.122904405,0.0,0.117658906,0.0,0.03155336,0.0,-0.0014857298,0.0,0.10826229,0.0,-0.046879604,0.0,-0.056986153,0.26415566,0.40164676,0.115681686,0.008964446,0.24573514,0.01129481
-0.06390687,-0.5543738,0.1255508,-0.6166532,0.031541616,-0.058087595,0.079896696,0.04051099,0.0,-0.032514803,-0.1761264,0.03469939,0.0,-0.1609119,0.0,-0.06089836,0.0,-0.00434649,0.0,-0.38671932,0.0,0.06413544,0.0,0.056514528,0.053140923,-1.8079451,0.03229249,-0.020119019,-0.17313851,0.05132764
0.18652515,-1.2092497,-0.1856353,-0.12127271,-0.00067577837,0.14861056,0.09058131,0.26081684,0.0,-0.0005342269,-0.13922183,0.044996984,0.0,-0.16158691,0.0,-0.06869122,0.0,-0.01224332,0.0,-0.30124256,0.0,-0.09384774,0.0,-0.26724538,-0.82880443,0.18150666,-0.033562347,0.004730148,-0.25747436,0.019440228
0.16816948,-0.467101,-0.44109875,-0.43692067,0.009034549,-0.007118614,0.034111757,-0.044021185,0.0,0.011278004,-0.2831616,-0.4064182,0.0,0.038616303,0.0,-0.020566855,0.0,0.0001082012,0.0,0.028005797,0.0,-0.07304898,0.0,-0.2743727,-0.75733584,0.16428556,-0.14000215,0.005071904,-0.13566273,0.00933101
-0.05060557,-1.480281,-0.10882284,0.033697683,0.045176327,-0.0032895629,0.021288993,-0.051597558,0.0,-0.034015734,0.25245905,0.047164284,0.0,-0.29959318,0.0,0.044090338,0.0,-0.014976661,0.0,0.0838102,0.0,-0.10292016,0.0,-0.10409456,0.2418844,0.31156814,0.056712333,-0.021451337,-0.3006603,-0.31491795
-0.03184067,-0.7602888,0.12323715,-0.23027664,-0.03774714,0.020489188,-0.12157903,-0.011715961,0.0,-0.10948591,0.2771349,0.042830743,0.0,-0.15199345,0.0,0.038675137,0.0,0.0033375865,0.0,-0.2614872,0.0,-0.04704424,0.0,-0.09116377,0.22456786,0.33844477,0.025947971,-0.0055212122,-0.20332612,0.03890434
-0.0669229,-0.48230547,-0.44812417,-0.4178005,0.01751843,0.05037343,-0.27229506,0.10796843,0.0,-0.055304825,-0.16732804,0.034377083,0.0,-0.07466014,0.0,0.052682705,0.0,0.0016187783,0.0,-0.31460053,0.0,0.06618201,0.0,0.0525074,0.06895039,-1.8224875,-0.06989295,-0.017539708,-0.21663924,0.0581397
-0.048111204,0.18999036,-0.12768199,-0.19215411,-0.05734761,0.010547627,-0.028046336,-0.022557553,0.0,-0.092219144,-0.46201354,0.10628084,0.0,0.06789326,0.0,-0.15259859,0.0,-0.007278345,0.0,-0.23402898,0.0,-0.038601596,0.0,-0.07466666,0.1851857,0.3244668,-0.2145555,0.0061486796,-0.16310191,-0.052527912
-0.025210403,0.4107989,0.12319255,-0.03702189,0.0073057716,-0.0046117967,0.033094037,-0.03939639,0.0,-0.122188665,0.22303453,0.09457099,0.0,0.102066554,0.0,-0.14417732,0.0,-0.0024351936,0.0,0.056325614,0.0,-0.043283526,0.0,-0.05529626,0.24108343,0.3848542,-0.2861995,0.0068344795,0.15082085,0.0023218896
-0.035978846,0.002173597,-0.2992227,0.5022564,0.06514545,0.02830198,0.018804137,-0.030437935,0.0,0.10066618,-0.17552295,0.035123087,0.0,-0.076218225,0.0,0.10852196,0.0,0.0029348338,0.0,-0.24300084,0.0,-0.07265441,0.0,0.059476323,0.053226832,-1.5612289,0.044458218,0.055111635,-0.1614399,0.05850501
-0.022898264,-0.04950151,0.15402938,-0.30850026,0.001604301,-0.004565882,0.019539895,-0.026999664,0.0,0.14138535,0.25931033,0.0921555,0.0,0.09306983,0.0,0.02184793,0.0,-0.0014251922,0.0,0.09543078,0.0,-0.043511815,0.0,0.071027346,0.1829732,0.35231292,0.13910289,0.019986348,0.28044084,0.004863904
0.10723003,0.6172817,-0.34410337,-0.12366315,0.023700846,-0.001567639,0.011992711,-0.033207756,0.0,-0.19668858,0.28518674,0.100729324,0.0,0.07993469,0.0,0.02913374,0.0,-0.00094560627,0.0,0.063085,0.0,-0.06785403,0.0,-0.081538774,0.28583592,0.38047346,0.10615097,-0.059460204,-0.16801389,-0.0010634606
-0.030586557,-0.10514914,-0.08606901,-0.09796516,-0.03270284,-0.012062563,0.06915065,-0.0054604816,0.0,-0.07612649,0.28030735,0.065304756,0.0,-0.10991519,0.0,-0.114543855,0.0,0.0061081545,0.0,-0.1731035,0.0,0.1479465,0.0,0.092733994,0.15431903,0.2218065,0.103919744,0.03362808,-0.19229417,0.0032752808
0.28775918,-1.8784289,0.1465384,-0.6699682,-0.16976868,-0.00051354675,0.07590074,-0.021465138,0.0,0.071254306,0.11380612,0.033638354,0.0,-0.46900883,0.0,0.06434967,0.0,-0.00612982,0.0,-0.0049401307,0.0,0.1264419,0.0,0.05644419,-0.05599622,-1.8896418,0.073300235,0.07458091,-0.14907539,-0.2272029
-0.059011824,-1.6116548,-0.8153271,-0.47051734,0.0030736201,0.012766953,-0.19752957,-0.067858495,0.0,-0.045528866,-0.18937221,-0.34707046,0.0,0.18023401,0.0,-0.08972733,0.0,0.037385993,0.0,0.13797897,0.0,-0.4267084,0.0,-0.08013825,0.08638118,-1.5875384,-0.1840501,0.06942235,-0.22094092,0.012931351
0.14084743,0.5445503,-0.18821223,-0.05576411,0.009782523,-0.0023815194,0.015833946,-0.04298734,0.0,-0.1329405,0.20980065,0.10978359,0.0,0.08641231,0.0,0.043554317,0.0,8.2737184e-05,0.0,0.0695043,0.0,-0.0653501,0.0,-0.05965793,0.25754562,0.38323584,0.096173875,0.007519049,0.21242543,0.0010564465
-0.025422884,-0.18973193,-0.024286684,-0.35621384,0.0052663814,0.0049984823,-0.033562467,-0.027539713,0.0,-0.12785089,0.3304585,0.069294624,0.0,0.07841361,0.0,0.015315965,0.0,0.0025107362,0.0,0.07256398,0.0,-0.05079537,0.0,-0.09650521,0.25039986,0.36259577,0.11350046,-0.13762611,-0.2342456,0.000516345
-0.04524349,0.45812252,-0.059382867,-0.07905543,0.0017402883,-0.0032140117,0.044059955,-0.033099398,0.0,-0.09332648,-0.44112664,-0.6651037,0.0,0.04774015,0.0,0.03364438,0.0,-0.0013288092,0.0,0.008979149,0.0,-0.081873864,0.0,-0.06664824,0.21441826,0.31498748,-0.16338457,0.00516558,-0.093431935,0.014367696
-0.02692327,-0.444424,0.044927757,0.04242964,-0.0035515795,-0.0069502345,0.0129034305,-0.02767531,0.0,0.04984691,0.3123674,0.0686315,0.0,0.10267808,0.0,-0.0089987125,0.0,-0.0013851725,0.0,0.090261534,0.0,-0.059127763,0.0,-0.098843835,0.24355908,0.34553963,0.11950755,-0.002724775,-0.22788347,0.009765569
-0.03722405,-0.45113888,-0.18696605,-0.21256304,0.0022095484,-0.011224093,0.01727933,-0.022308875,0.0,0.07475428,-0.30064622,0.047160786,0.0,-0.2251995,0.0,0.03236384,0.0,0.0051473845,0.0,-0.20926265,0.0,0.089302465,0.0,0.24727543,-0.45840445,0.26087222,0.07807258,-0.0059836158,-0.15456674,0.014340176
-0.04575721,-0.39743644,-0.35293314,-0.35572642,-0.003913245,-0.00713443,0.037479907,-0.06520352,0.0,-0.0581216,-0.474467,0.07696513,0.0,0.07393377,0.0,-0.041498832,0.0,-0.0075202123,0.0,0.09316213,0.0,-0.05777962,0.0,-0.108041435,0.19162332,0.2968522,0.10661823,0.008214651,-0.2235077,0.021156833
-0.014077534,0.4143935,-0.1627707,0.047571056,-0.044704534,-0.0032669364,0.032549754,-0.02800409,0.0,-0.1357583,-0.48517177,0.11012475,0.0,0.056354016,0.0,0.039700113,0.0,-0.0013288092,0.0,-0.26193622,0.0,-0.05029653,0.0,-0.07430363,0.19540429,0.33118957,0.08674784,-0.10191529,-0.20665962,0.010145904
-0.06651989,-0.10255846,-0.5193671,-0.23283827,-0.054314848,0.010977277,-0.06341295,-0.02646304,0.0,0.10955317,-0.23929878,0.046822507,0.0,0.052366335,0.0,-0.025518414,0.0,-0.006575586,0.0,-0.23923832,0.0,-0.03877275,0.0,-0.04809754,0.06656604,-1.7131944,-0.16616265,0.0046389364,-0.20041113,-0.05822648
-0.037569825,-0.28526855,-0.82732505,0.06265006,-0.05715274,0.0032969338,-0.12378067,-0.041244946,0.0,-0.11210779,-0.20990679,-0.34267703,0.0,0.03225077,0.0,0.025144013,0.0,-0.0010869419,0.0,0.0017693024,0.0,-0.06491065,0.0,-0.05879858,0.096192546,-1.7093892,-0.15097219,0.012032525,-0.094980836,0.011016684
-0.033522658,-0.4396299,-0.32813743,-0.37110054,0.02943813,-0.005713371,0.0031306962,-0.031348072,0.0,0.10979317,-0.47336897,0.06679008,0.0,0.06749107,0.0,-0.0038757888,0.0,-0.0013288092,0.0,-0.2471856,0.0,-0.051901504,0.0,-0.09017459,0.19199029,0.2915906,0.085047215,-0.03093534,-0.22353828,0.012860646
0.15344487,-0.689518,-0.006438066,-0.00014671577,0.027051311,-0.04356196,0.08138939,0.2910999,0.0,0.015009488,-0.36647564,0.08237385,0.0,0.11080002,0.0,0.0033982187,0.0,-0.0024623873,0.0,0.15948646,0.0,0.06029694,0.0,0.07601425,0.12581095,0.22507416,0.09817676,0.01090578,0.24086048,0.008893828
-0.029527243,0.5879189,-0.17982957,-0.028000314,-0.0017509011,-0.0023815194,0.022088775,-0.031567927,0.0,0.16750628,0.23163553,0.10094562,0.0,0.11114689,0.0,0.07650093,0.0,-0.0014857298,0.0,0.06811885,0.0,-0.058260657,0.0,-0.0590575,0.2623475,0.3904314,0.13192914,0.003752517,0.24898559,0.011387021
-0.040096436,0.5186257,-0.030610023,0.022702958,0.0022227261,-0.0031288522,0.01534427,-0.04082833,0.0,-0.14860411,0.20743895,0.10802867,0.0,0.103243984,0.0,0.06011499,0.0,-0.0014251922,0.0,0.0626069,0.0,-0.05342713,0.0,0.06374565,0.23516898,0.37747997,-0.24350712,0.0066388887,0.17294227,0.007850622
-0.05894543,0.4068559,-0.57862186,0.145207,-0.023350473,-0.0027149075,0.025172228,-0.036850035,0.0,-0.082564116,-0.26958448,-0.5863342,0.0,0.06935663,0.0,0.015812483,0.0,-0.006892547,0.0,0.024445891,0.0,-0.106631055,0.0,-0.25277793,-0.913898,0.21814594,-0.17149928,0.011949075,-0.1340788,-0.075479545
-0.009292126,0.5055963,-0.32982445,-0.12148112,-0.015203323,-0.0023815194,0.0144975595,-0.047661994,0.0,-0.13648026,0.2573711,0.09966421,0.0,0.0894066,0.0,0.041565686,0.0,-0.0014857298,0.0,0.08709511,0.0,-0.07155797,0.0,-0.059669673,0.25243986,0.39030966,0.11613593,0.0075927246,0.240127,0.009853454
0.17250533,1.1757734,0.019147776,0.87666297,0.051497184,-0.004175438,0.014952057,-0.0348693,0.0,-0.10221939,0.2697342,0.12028745,0.0,0.10261054,0.0,0.03558041,0.0,8.2737184e-05,0.0,0.10586233,0.0,-0.06542006,0.0,-0.057586584,0.2595772,0.3935211,0.09953798,0.01276811,0.22507033,0.0010564465
-0.071463406,-0.7689624,-0.23591676,-0.16267258,0.003062521,0.0049793683,-0.13034864,-0.04463043,0.0,-0.07910094,-0.19170606,-0.35313076,0.0,0.072840706,0.0,-0.0031958278,0.0,-0.008382196,0.0,0.058781456,0.0,-0.05887931,0.0,-0.06906622,0.09582081,-1.682668,0.06670295,0.05069015,-0.1518015,-0.13346313
-6.38982e-05,-0.76381314,0.3724111,-0.09522711,-0.04748704,0.019455088,0.045790125,-0.017041437,0.0,0.15739587,0.29879156,0.055886477,0.0,0.06109024,0.0,-0.079877466,0.0,-0.0011701717,0.0,-0.40669674,0.0,0.12617633,0.0,0.08297251,0.13576023,0.30819947,0.07885278,-0.04529619,-0.17968479,0.032542843
-0.05401343,0.91356546,-0.31180435,0.12835416,-0.0051427283,-0.025065437,0.03527358,0.19080514,0.0,0.0014871834,-0.35158512,0.13573731,0.0,0.09819563,0.0,0.048502576,0.0,-0.002188489,0.0,0.14455639,0.0,-0.07888852,0.0,-0.05259504,0.22568302,0.30933708,-0.2544148,0.0105919195,0.25743255,0.000996528
-0.026097178,-0.38621107,-0.3032468,-0.017548734,-0.040481545,-0.01629185,0.0076731937,-0.019739889,0.0,-0.09390212,0.20874837,0.040768586,0.0,-0.26049674,0.0,0.027115606,0.0,-0.0029377332,0.0,-0.27914542,0.0,-0.11520578,0.0,0.12842187,-0.6019585,0.2714758,0.102544345,-0.013900572,0.2449862,0.020999074
-0.04148695,0.7222357,-0.14532803,0.014109567,-0.04654517,0.010672496,0.004804373,-0.029870767,0.0,-0.11479285,-0.35537744,0.11659031,0.0,0.081226274,0.0,0.03206686,0.0,0.035661895,0.0,-0.27361345,0.0,-0.056238882,0.0,-0.06859306,0.22581106,0.36381096,0.08594409,0.0060802456,-0.19447982,-0.02984118
0.05840154,-0.66050553,0.4706426,-0.13862766,-0.1849861,0.031301327,0.025943425,-0.0019624755,0.0,0.15692723,0.15793036,0.055800308,0.0,0.06802016,0.0,0.073499866,0.0,0.0014536742,0.0,-0.2950694,0.0,0.14601757,0.0,0.2735132,-0.6028861,0.23610929,0.10105906,-0.04146387,-0.13482048,0.014663046
-0.04665868,-0.6270444,-0.37934154,-0.24115786,-0.046461314,-0.016730972,0.028203193,-0.024971822,0.0,0.028902207,-0.2209643,0.042432547,0.0,-0.12848274,0.0,0.058183882,0.0,-0.0040169638,0.0,-0.18822813,0.0,-0.084999606,0.0,0.23125917,-0.55954015,0.24697383,-0.13944983,-0.024611454,-0.12252331,0.056854606
-0.054538023,-0.26945537,-0.3988198,-0.07753746,0.007978497,0.0027593614,-0.15225725,-0.042706527,0.0,0.083694205,-0.22814012,-0.3397603,0.0,0.05341396,0.0,0.0010880968,0.0,-0.0065192226,0.0,0.03485512,0.0,-0.041607145,0.0,-0.0700349,0.10110211,-1.5518025,-0.19579197,0.0055914037,-0.118084274,-0.07431816
-0.02103899,0.46211883,-0.18622835,0.038204446,-0.0014509487,-0.00015250224,0.024073891,-0.032535568,0.0,0.15204228,0.31577855,0.097668245,0.0,0.099960595,0.0,0.07116192,0.0,-0.0014857298,0.0,0.029093623,0.0,-0.073078856,0.0,-0.06137849,0.25751722,0.38372442,0.1418349,0.00360187,0.26935655,0.009844115
-0.019456552,0.6131694,-0.058776036,-0.024017489,-0.0008551973,-0.007307496,0.028031357,-0.03021065,0.0,0.10351589,-0.39161786,0.10370594,0.0,-0.3743669,0.0,0.04596996,0.0,-0.003081093,0.0,0.04931103,0.0,-0.0643433,0.0,-0.052876342,0.20536536,0.33250454,0.10904443,-0.004320163,0.25885138,0.022266658
-0.030578848,0.43699554,-0.041838057,0.010002875,0.023088465,-0.000667439,0.07115837,0.27822033,0.0,-0.09478927,-0.3797977,0.13059519,0.0,0.09237006,0.0,0.048626795,0.0,-0.0023182926,0.0,0.12588859,0.0,0.095237434,0.0,0.06619032,0.1716516,0.29086772,0.12054429,0.012249454,0.27060097,0.008854924
-0.04792533,-0.328484,-0.41460165,-0.2823957,-0.016026257,0.018065605,-0.08450722,-0.019876821,0.0,0.1275297,-0.22102149,0.034886576,0.0,-0.08228104,0.0,0.10040955,0.0,-0.0008419745,0.0,-0.3015043,0.0,0.032913376,0.0,-0.06508183,0.066973045,-1.6206274,0.04065493,0.023183795,-0.17324711,0.030193098
-0.05695673,-1.0745412,0.5260168,-0.4698676,0.057795014,0.00721076,-0.23909461,-0.011084941,0.0,-0.07686055,0.12820564,0.03183526,0.0,-0.22313023,0.0,-0.12075124,0.0,0.01657697,0.0,-0.039631046,0.0,0.066811614,0.0,0.050448664,0.14870352,-1.3470284,-0.24936049,0.0068226494,-0.14863242,-0.42458045
-0.021243714,-0.41644022,0.033049986,0.3651168,-0.035709105,-0.007389439,0.010296663,-0.048435293,0.0,-0.028744157,-0.23661874,-0.3480152,0.0,0.061376218,0.0,-0.02689705,0.0,-0.012675724,0.0,0.016438589,0.0,-0.07896264,0.0,-0.24405771,-0.8514245,0.18950501,-0.16466129,0.043790594,-0.21797079,0.0201756
-0.05671936,-0.74678934,0.17054708,-0.11686564,0.04160103,0.0066596945,-0.0888456,-0.029267106,0.0,0.1279879,0.28321567,0.060137317,0.0,0.08011488,0.0,0.058006138,0.0,-0.002392099,0.0,0.087437496,0.0,-0.041141406,0.0,0.11288423,0.18657441,0.34513068,-0.22306974,0.0057958546,-0.18731311,0.02679996
-0.03449205,0.43903986,-0.39663535,-0.073897384,-0.022076666,-0.0026555231,0.027258355,-0.034095094,0.0,-0.106274515,-0.44085938,-0.6651037,0.0,0.03757127,0.0,0.034428872,0.0,-0.0013288092,0.0,0.03129096,0.0,-0.0768608,0.0,-0.06888781,0.21906884,0.3099103,-0.1742728,-0.10349911,-0.1018797,0.014367696
-0.036876213,-0.538058,0.16119315,-0.40083978,0.010969935,-0.1239802,-0.008962364,-0.03179361,0.0,-0.016805649,-0.28617647,0.046192612,0.0,-0.3589833,0.0,-0.06557645,0.0,-0.0014858493,0.0,-0.1920072,0.0,-0.055223692,0.0,-0.24798073,-0.7747981,0.21194237,0.068036154,0.016140325,-0.1969544,0.031224582
-0.023924302,-0.1347983,0.026236158,-0.27371597,-0.0060394355,-0.004046602,-0.10725185,-0.021871138,0.0,0.12753113,0.28297836,0.08478928,0.0,0.111625925,0.0,-0.036960214,0.0,-0.0015755139,0.0,0.09230201,0.0,0.071812674,0.0,-0.098843835,0.24603897,0.3660572,0.12586258,-0.12772168,-0.23433115,0.0038365533
-0.046477202,-0.4166341,-0.3207055,-0.25106826,-0.046146836,-0.051673718,0.044659294,0.07074985,0.0,-0.04630778,-0.18757777,0.037861247,0.0,0.009065984,0.0,0.0021990635,0.0,0.008444879,0.0,-0.4504468,0.0,0.05850481,0.0,0.049732447,0.071402304,-1.8223279,-0.15026766,-0.10095934,-0.1864919,0.008175813
0.035297524,-0.75624347,-0.097930714,-0.19882767,0.017343922,0.008641294,0.022844486,-0.039047636,0.0,0.14940305,0.26438487,0.062137082,0.0,0.09762027,0.0,-0.05884608,0.0,-0.016515952,0.0,0.10439878,0.0,-0.15540172,0.0,0.12087726,0.16349669,0.28744647,0.08923996,0.005310275,-0.18298171,0.007478098
-0.031414747,-0.8235442,-0.800801,-0.41039184,-0.03255704,0.008929031,0.025086852,-0.06137731,0.0,-0.08899299,-0.18962927,-0.34432307,0.0,0.008011358,0.0,-0.008224695,0.0,-0.012302399,0.0,0.006383449,0.0,-0.0995224,0.0,-0.05520002,0.104706906,-1.6481116,-0.1439187,-0.37535876,-0.19131295,0.013556578
-0.029132072,-0.09895358,0.08227936,0.028576879,0.016082691,-0.0023287458,0.008154861,-0.010318043,0.0,-0.06669706,0.21313022,0.040074877,0.0,-0.1293805,0.0,-0.005592379,0.0,0.004907231,0.0,-0.20976594,0.0,-0.11649149,0.0,0.25785285,-0.6682414,0.2599259,0.114330225,-0.0034609402,-0.16142641,0.007848247
0.35057724,-0.23384784,0.22288552,-0.24524081,-0.032053243,0.021707084,0.04203114,-0.047514964,0.0,-0.03495855,0.16859563,0.041737396,0.0,-0.17879099,0.0,-0.022892613,0.0,-0.0022262938,0.0,0.048460256,0.0,0.11829135,0.0,0.27502874,-0.6777042,0.2382354,-0.19041464,-0.00540226,-0.12509318,0.11681203
-0.043711238,-0.13405828,-0.31657693,0.17333029,-0.031560373,0.009686072,0.012655175,-0.05478649,0.0,-0.11345714,-0.39602068,0.10283823,0.0,0.091174416,0.0,-0.038933024,0.0,-0.006442183,0.0,0.08298714,0.0,-0.06779601,0.0,0.1326044,0.122423165,0.31904507,0.11253731,0.005631506,-0.27366343,-0.025429448
-0.02944352,-0.5645926,0.13639984,-0.2053852,-0.015764007,0.016471794,0.02983456,-0.04790564,0.0,0.08627002,0.29877463,0.07086095,0.0,0.06993064,0.0,-0.19895956,0.0,0.0060233288,0.0,0.08986191,0.0,0.10997458,0.0,-0.061487645,0.19233386,0.22617047,-0.30676097,0.00082892674,0.26006195,-0.0022409963
-0.05936673,0.275964,-0.12771806,-0.041429907,0.015071207,0.0040751626,-0.08936481,-0.0262985,0.0,-0.073428355,-0.5152515,-0.5978115,0.0,0.05889977,0.0,0.026170708,0.0,-0.0065192226,0.0,0.008766218,0.0,-0.064724974,0.0,-0.08417593,0.20690791,0.2942785,-0.16713937,0.008012326,-0.12772542,-0.05976202
-0.061851993,-0.38722458,-0.27794883,-0.09390079,0.025712933,-0.003715515,0.032600865,-0.024454458,0.0,0.2603655,0.15161824,0.05678023,0.0,0.089689024,0.0,0.058569945,0.0,0.0032745406,0.0,0.098985225,0.0,-0.09941153,0.0,0.071738146,0.09140665,-1.984648,0.09257379,-0.051770955,-0.1764465,0.021980856
-0.06603582,-0.46751708,-0.08425979,-0.09070787,0.022017071,0.021808157,-0.12284959,-0.03870094,0.0,0.11762744,-0.44267768,0.04826616,0.0,-0.20442046,0.0,0.10195511,0.0,0.0040404694,0.0,-0.21650422,0.0,0.09491403,0.0,0.055629827,0.11648803,0.27325493,-0.12087594,-0.0037488888,0.20762329,0.044713542
0.10460088,-0.66784644,0.011764462,0.012220581,-0.04801817,-0.0076858136,0.08015292,-0.0042804577,0.0,0.119344704,0.18211517,0.04703913,0.0,0.08734418,0.0,-0.11225222,0.0,0.004952739,0.0,-0.2422523,0.0,0.14523001,0.0,0.1581772,-0.5846532,0.18887433,0.07634449,0.0076432168,0.15245122,0.012154912
-0.052576188,-0.46902466,-0.23781918,-0.19245991,0.029629825,0.016130583,-0.119618215,-0.01914089,0.0,0.13650584,-0.21299759,0.032105807,0.0,-0.110072024,0.0,-0.09387903,0.0,-0.0040066577,0.0,-0.26581368,0.0,-0.033220295,0.0,0.055212393,0.04832372,-1.7278055,0.041815724,0.046330895,-0.1277829,0.04932852
-0.06127041,-0.65385413,0.33694744,-0.18625857,0.0730858,0.005458189,-0.09177414,-0.03367875,0.0,0.19588585,0.2926363,0.07573735,0.0,0.10408162,0.0,0.10386595,0.0,0.003588707,0.0,0.089747936,0.0,0.110797346,0.0,0.07302459,0.16717976,0.28785393,0.11969334,0.008108628,0.2518065,0.023669042
-0.05808368,-0.102895096,-0.48968178,-0.13153583,0.0023299665,0.0030175105,-0.12264337,-0.03776761,0.0,0.099303804,-0.23531848,-0.34543818,0.0,0.06117268,0.0,0.038900495,0.0,-0.00676109,0.0,0.031606603,0.0,-0.062672615,0.0,-0.07281164,0.09634012,-1.5612491,-0.17240149,0.0038931586,-0.10115005,-0.06386107
0.010505881,-1.3001372,0.21931006,-0.021678498,-0.040105443,-0.0092234565,-0.15252046,-0.031193089,0.0,0.16713503,0.27727544,0.06547634,0.0,0.12627617,0.0,-0.14436944,0.0,-0.05682262,0.0,0.12063797,0.0,0.08000844,0.0,0.069026254,0.16816957,0.29777133,0.11313501,0.0037448169,0.31676114,0.032278527
-0.038923007,-0.4606244,-0.10382917,-0.22195032,0.03732988,0.14809349,0.0723423,0.3393567,0.0,-0.0023842375,-0.36863783,0.05137892,0.0,-0.14310466,0.0,-0.04474521,0.0,-0.0013543926,0.0,-0.16825093,0.0,-0.067110345,0.0,-0.08523325,0.19918793,0.29107457,-0.07441015,0.0022326293,-0.18797627,0.033161044
-0.042554628,0.34572282,-0.30257675,-0.06469311,0.009197731,-0.003210651,0.025556672,-0.040072065,0.0,-0.098180786,-0.26097724,-0.71289223,0.0,0.046142593,0.0,0.031568363,0.0,-0.0023199457,0.0,0.01209567,0.0,-0.09315112,0.0,-0.117043085,-0.84318346,0.21595684,-0.18064141,0.030912613,0.32106116,0.020975005
-0.028319301,0.15067722,-0.42053685,-0.090508565,0.013967393,-0.0043133157,0.033439014,-0.041218046,0.0,-0.09337991,-0.5118811,-0.5429386,0.0,0.04758956,0.0,0.03854508,0.0,-0.0013288092,0.0,0.0020717937,0.0,-0.08323093,0.0,-0.085196346,0.20254096,0.28732,-0.14562415,0.0051764855,-0.1168867,0.019863991
-0.05866821,0.6029555,-0.26505652,0.18740301,-0.012075601,-0.0027149075,0.040392425,-0.027141066,0.0,0.10236422,-0.38788995,-0.7234006,0.0,0.059554845,0.0,0.051564094,0.0,-0.00676109,0.0,0.03354941,0.0,-0.079295814,0.0,-0.08094811,0.23464549,0.32582554,-0.22304067,0.0036385963,-0.09355797,-0.08011281
-0.020605525,0.2585949,0.36589536,-0.048556264,-0.00015775292,-0.020594485,0.05551597,-0.021101328,0.0,0.11978479,0.31781924,0.072814144,0.0,-0.20029178,0.0,-0.08963718,0.0,-0.003208406,0.0,0.051966384,0.0,0.11544017,0.0,-0.05222004,0.23355128,0.34835756,0.13543533,0.00768216,0.25627273,0.015286751
-0.04995059,-2.5719872,-0.33770123,-0.06660251,0.03509848,0.022912877,-0.06624513,-0.032956894,0.0,0.1607781,-0.17206731,0.034070253,0.0,-0.4002949,0.0,-0.08683311,0.0,-0.011910837,0.0,-0.2441019,0.0,-0.16478926,0.0,0.053522084,0.04905361,-1.7127482,-0.14658509,-0.17954037,-0.19565843,0.03707602
0.20307824,-0.4035552,-0.36389932,0.12457786,-0.0009821327,-0.005369163,0.0066455486,-0.01887632,0.0,-0.014867959,-0.23684435,0.06116153,0.0,0.053412355,0.0,0.057088923,0.0,0.001303328,0.0,-0.28026247,0.0,-0.064105734,0.0,0.2574812,-0.500506,0.22471187,0.074201256,0.01897877,-0.14069693,0.0011421777
0.010664128,-0.85975474,0.93571645,0.5687413,0.21964097,-0.01853091,0.07986516,-0.014778834,0.0,0.10378967,0.13315718,0.033839475,0.0,-0.35297048,0.0,0.20652093,0.0,-0.021214623,0.0,0.14112179,0.0,0.17720135,0.0,0.057140585,0.08045594,-1.2303979,0.10347409,-0.116255715,-0.0906273,0.03848671
-0.0242074,-0.4613715,-0.15542066,0.023588287,0.054086708,-0.0062940423,0.0061919987,-0.022740355,0.0,-0.13371226,0.2931476,0.061816208,0.0,0.08964021,0.0,0.028060501,0.0,0.002828801,0.0,-0.31631944,0.0,-0.09694149,0.0,0.05128235,0.16348648,0.3432479,0.088317,-0.011309893,0.23145302,-0.0047618886
-0.048779774,-1.2370787,0.43778956,-0.057691272,0.15066801,-0.023654414,0.1332374,-0.017045429,0.0,0.042769555,0.16752103,0.039389946,0.0,-0.32891023,0.0,0.09766607,0.0,0.01585145,0.0,-0.07766181,0.0,0.14940602,0.0,0.3012637,-0.62287456,0.16016361,0.120211504,0.022021243,-0.25452393,-0.47689477
-0.062486395,1.1691904,-0.14254068,0.123508185,0.0037060515,-0.0050216257,0.01619151,-0.024819095,0.0,-0.07640031,0.29362237,0.08453931,0.0,-0.30439845,0.0,0.045256123,0.0,-0.0063257813,0.0,0.06585083,0.0,-0.07129125,0.0,-0.06970767,0.3022032,0.42221355,-0.21475516,0.010412853,-0.14269164,-0.085832275
-0.019136691,-0.037195984,0.09596562,-0.3549858,0.00035919715,0.02033397,0.012728266,-0.05183106,0.0,-0.12790309,0.26857415,0.090141,0.0,0.074953526,0.0,0.03356877,0.0,0.0029852483,0.0,0.07168951,0.0,-0.027081974,0.0,-0.057807896,0.21525362,0.36217,0.12766913,0.009187538,0.27928114,-0.006542529
-0.047187325,-0.5706074,-0.30865526,-0.16593425,-0.011430719,0.008658536,0.02748664,-0.07600241,0.0,-0.03856912,-0.28621677,-0.38975823,0.0,0.065502316,0.0,0.019388044,0.0,-0.0066506797,0.0,-0.014987725,0.0,-0.13167529,0.0,-0.28294078,-0.79818195,0.19253083,-0.18382281,0.01389684,-0.1488556,-0.076237954
-0.05445231,0.3301022,-0.2962101,0.08226727,0.037349775,0.019068964,-0.19623435,0.082357004,0.0,-0.13697319,-0.19537763,0.06697748,0.0,0.06837223,0.0,-0.03968632,0.0,0.038772855,0.0,-0.2186344,0.0,-0.039149683,0.0,-0.036937363,0.10132683,-2.067637,-0.13811824,0.0066385614,-0.13636775,-0.031746916
-0.03965606,-0.47073272,-0.25390732,-0.34233388,-0.0026355106,0.009076219,0.03396081,-0.079006866,0.0,-0.02910726,-0.43517408,0.07579252,0.0,0.09444254,0.0,-0.0131648565,0.0,0.035661895,0.0,0.09173707,0.0,-0.06019239,0.0,-0.10847074,0.19082716,0.29145473,0.10268665,0.012933052,-0.21713457,-0.022365049
-0.04243703,0.92707217,-0.28873843,0.4201096,-0.04878503,-0.0041363686,0.02777611,-0.036718845,0.0,0.115938,-0.41802466,0.1492905,0.0,0.12040917,0.0,0.06445339,0.0,-0.001676071,0.0,0.1092306,0.0,0.05900552,0.0,-0.059225723,0.22249766,0.3528829,0.12469342,0.007347238,0.3033553,0.010649798
-0.022704352,0.15361542,-0.12834264,-0.33867708,-0.0023171084,-0.004565882,0.015911527,-0.042324796,0.0,-0.17614266,0.31365576,0.09117142,0.0,0.08472326,0.0,0.04508014,0.0,-0.0014251922,0.0,0.08873127,0.0,-0.0790875,0.0,0.07171413,0.20775843,0.37604544,0.10971052,0.008051331,0.24396826,0.0061601787
-0.035083562,-0.7791618,-0.6773577,-0.39667374,0.012947964,0.008772107,-0.17875709,-0.048976485,0.0,-0.024123542,-0.23608412,-0.35562024,0.0,0.09062635,0.0,-0.032680042,0.0,-0.017866137,0.0,0.03410485,0.0,-0.082809016,0.0,-0.27097657,-0.7954581,0.1918673,-0.16897613,0.012136288,-0.22118096,-0.14588542
-0.039784953,-1.8021518,0.004393484,-0.49601513,0.08089572,0.032436613,-0.20587903,-0.010475099,0.0,0.11695248,0.13159756,0.0336632,0.0,-0.43544254,0.0,-0.13720593,0.0,0.039093416,0.0,0.023523899,0.0,0.10887612,0.0,0.06102689,0.13287634,-1.870927,0.07911415,-0.28314203,-0.13116004,0.039372116
-0.096338555,0.021684695,-0.25740486,0.26710266,-0.04974096,0.023536414,-0.0747776,-0.022627944,0.0,0.005116231,-0.19110985,0.033906616,0.0,-0.008760949,0.0,-0.11359974,0.0,-0.0043304027,0.0,-0.20237221,0.0,0.027231438,0.0,-0.043011818,0.073077805,-1.5263188,-0.0649034,0.050927036,-0.12710814,0.053792894
-0.039172098,-0.36867577,-0.05434983,0.09226874,0.01832417,-0.015810087,0.015187449,-0.03230215,0.0,-0.035324406,-0.29178107,0.046356246,0.0,-0.1950668,0.0,-0.0015086597,0.0,0.0051473845,0.0,-0.22907853,0.0,0.06957133,0.0,0.24487263,-0.48174846,0.25824058,0.07444032,-0.039073057,-0.13665554,0.014306971
-0.058579408,-1.9079137,-0.8624462,-0.46679917,-0.049962558,0.013921541,0.053463403,-0.07027506,0.0,-0.06858783,-0.18962927,-0.34707046,0.0,0.14498611,0.0,-0.039914727,0.0,0.037385993,0.0,0.11046288,0.0,-0.43460298,0.0,-0.07805226,0.095394686,-1.5614241,-0.18192023,-0.24396831,-0.20385428,0.013136622
-0.06938948,-0.25854445,-0.37720692,0.1003244,-0.056438252,0.019780708,0.022784082,-0.04459632,0.0,-0.0044928845,-0.19975077,0.03394132,0.0,-0.19141203,0.0,-0.030385366,0.0,0.033667944,0.0,-0.23242556,0.0,-0.040260684,0.0,-0.054729965,0.061273247,-1.745847,-0.08673124,-0.027242001,-0.13489547,-0.12529632
-0.02404467,0.55036545,-0.18414117,-0.08537896,-0.0022863492,-0.0001558631,0.021491574,-0.027071467,0.0,0.16183311,0.34900254,0.09873336,0.0,0.101118,0.0,0.10558811,0.0,-0.00062604994,0.0,0.06072522,0.0,-0.069919944,0.0,-0.08136526,0.289071,0.40296632,0.14229082,0.0036947988,-0.19657998,0.00962058
0.1915223,0.47634867,-0.11924185,-0.18750648,0.0040228516,-0.005623507,0.017084876,-0.03240719,0.0,-0.09920589,0.33187363,0.07083586,0.0,-0.21718337,0.0,0.07004913,0.0,0.0006749664,0.0,0.031202557,0.0,-0.076755494,0.0,-0.080660984,0.2883045,0.3699154,-0.17802566,0.0044100457,-0.14674309,-0.0062479377
-0.075471036,-2.324097,-0.66077024,0.124502175,0.015227949,0.0449431,0.025930997,-0.051611405,0.0,0.02168958,-0.17565796,0.03462781,0.0,-0.47108725,0.0,-0.11005319,0.0,-0.0059807776,0.0,-0.30100104,0.0,-0.22983032,0.0,-0.08835448,0.05533483,-1.5173268,0.055459533,0.038888015,-0.239353,0.036396593
-0.021433093,-0.42840102,-0.02565484,0.109500326,0.010078543,0.0069371155,-0.11038111,-0.035653424,0.0,-0.112917356,0.29655942,0.070999354,0.0,0.09979922,0.0,-0.079710945,0.0,-0.0021933268,0.0,0.08648363,0.0,0.05695995,0.0,-0.059731618,0.19704951,0.34391993,0.11643285,-0.009749924,0.26403365,0.0006870714
-0.045885477,-0.2014908,-0.35921383,-0.4443453,-0.037287865,-0.0061550955,0.022858419,-0.018951913,0.0,0.09339467,-0.23878515,0.048296023,0.0,0.06915795,0.0,-9.577721e-06,0.0,-0.0013288092,0.0,-0.2959486,0.0,-0.053475097,0.0,-0.06680575,0.077287525,-1.7168885,0.07898186,-0.112669304,-0.17670526,0.013269321
-0.061733086,-0.4829046,0.061624985,-0.21814032,0.02611771,0.01358621,-0.10782835,-0.035750166,0.0,-0.11119437,0.18717034,0.04555853,0.0,-0.20576395,0.0,-0.10744479,0.0,0.0044562435,0.0,0.061154395,0.0,-0.09963186,0.0,0.15003511,-0.63179755,0.23454942,0.09714494,-0.0040140767,0.22013776,0.036475677
0.33340856,-0.7146009,0.00018551553,-0.041735064,-0.027190398,0.008827699,0.035064444,-0.04229746,0.0,0.16158596,0.274554,0.072399035,0.0,0.09340545,0.0,-0.041386854,0.0,0.0032774166,0.0,0.104616985,0.0,0.10913769,0.0,-0.07259216,0.19868796,0.28875133,0.09595579,0.005365986,0.27824238,0.008506642
-0.019378401,-0.105418146,-0.08365308,0.45613024,0.066292934,0.0061002527,-0.10051948,-0.054681405,0.0,-0.0770627,-0.31194004,-0.49237868,0.0,0.07097452,0.0,0.026964864,0.0,-0.004424747,0.0,0.055994675,0.0,-0.091891296,0.0,-0.15916084,-0.7270482,0.19671868,0.080991894,0.04693068,0.35928822,0.013744678
-0.024735078,-0.3971486,-0.067420304,0.097517274,0.016357098,-0.009372719,0.014502215,-0.020163776,0.0,0.119694814,0.30654165,0.04789228,0.0,-0.26168004,0.0,0.025953298,0.0,-0.00089350063,0.0,0.060546786,0.0,-0.06440675,0.0,-0.09223111,0.24127838,0.34334397,0.08711637,0.057095505,-0.22290425,0.027976792
0.08387022,0.52804893,-0.043984525,-0.028060803,0.014991571,0.003914789,0.030181607,-0.029870903,0.0,0.16605148,0.26101217,0.10228117,0.0,0.112802036,0.0,0.048583418,0.0,-0.00081917574,0.0,0.06997233,0.0,0.06259257,0.0,-0.07013011,0.25100598,0.38068175,0.10183073,0.006868793,0.21434513,-0.0025513126
-0.04449311,-0.41910198,-0.22966745,-0.1558642,0.056427624,0.020304192,-0.028531166,-0.035128407,0.0,-0.009090101,-0.41791072,0.050710823,0.0,-0.14313945,0.0,-0.016977236,0.0,-0.001410756,0.0,-0.14758259,0.0,-0.03474045,0.0,-0.08589857,0.17467226,0.28909424,-0.095352285,0.023437865,-0.15638743,0.02253436
-0.047895387,0.946212,-0.16790701,0.2582655,-0.020326711,-0.012276527,0.03449807,-0.033386815,0.0,-0.014438051,-0.41764128,-0.47096977,0.0,0.04942271,0.0,0.033588875,0.0,-0.0013288092,0.0,0.12915859,0.0,-0.07319169,0.0,-0.06681646,0.24453336,0.3488311,-0.19139615,-0.09500404,-0.10620273,-0.048904926
-0.046837494,0.0077363257,-0.30289882,-0.1503851,-0.015465865,0.0027117128,0.014702176,-0.03847028,0.0,-0.16753006,-0.18828948,-0.39934584,0.0,0.04360022,0.0,0.045969285,0.0,-0.00676109,0.0,0.026523303,0.0,-0.11387907,0.0,-0.069606,0.10723508,-1.7444196,-0.17309372,0.03893627,-0.13953501,-0.068789214
-0.017721932,-1.2293535,0.46466446,0.0026919043,-0.02617561,-0.005505466,0.060548667,-0.033739988,0.0,0.074043356,0.16306041,0.047279738,0.0,-0.33232945,0.0,0.08767187,0.0,0.02411722,0.0,0.04733318,0.0,0.19323702,0.0,0.10884605,-0.6198331,0.18405478,0.08864247,-0.017785847,0.34258065,0.016695792
-0.03527156,0.37978405,-0.37309536,0.10192384,0.015754411,-0.026350051,0.020514691,-0.014105425,0.0,-0.088812724,-0.23096032,0.12363437,0.0,0.060489003,0.0,-0.015665775,0.0,0.00503386,0.0,-0.5492185,0.0,0.0505073,0.0,0.20415772,-0.78311205,0.30246916,-0.20764926,-0.118838675,-0.12439098,0.003959007
-0.042367943,0.31030118,-0.46075544,-0.021070689,0.036021348,-0.0049194763,0.021031607,-0.034572504,0.0,0.1195886,-0.49057713,0.078516744,0.0,-0.29889277,0.0,0.07154879,0.0,0.030624248,0.0,-0.19340914,0.0,-0.06871779,0.0,-0.098347016,0.1953779,0.31109497,0.06781673,0.0029856116,-0.23513491,-0.08881102
-0.028630594,-0.5607103,-0.100874,-0.2189064,-0.03590777,0.10680549,0.067528,0.33866006,0.0,-0.0021593252,-0.34283495,0.056859106,0.0,-0.29384172,0.0,-0.023623252,0.0,0.0078057107,0.0,0.11022334,0.0,-0.07254915,0.0,0.09947837,0.12927264,0.29972738,0.053252768,0.023012245,-0.18126832,0.029647633
-0.037131257,0.70188934,-0.35370317,-0.03824994,0.03784346,-0.008752678,-0.06315803,-0.012864329,0.0,-0.071319476,-0.35332406,0.101276085,0.0,-0.2371289,0.0,0.04304605,0.0,-0.00083296304,0.0,-0.22154376,0.0,-0.03585469,0.0,0.05817657,0.16610323,0.36823016,0.06817128,0.0043278337,-0.17844008,0.017622225
-0.027221393,-0.34838703,0.022244025,0.0063654603,0.065801546,0.015171819,0.011752333,-0.018895311,0.0,0.07983142,0.31059656,0.05833483,0.0,0.06053335,0.0,0.026788931,0.0,-0.0003841829,0.0,-0.2389981,0.0,-0.05584829,0.0,-0.09177305,0.23996694,0.34625506,0.08941214,0.021266555,-0.23448235,0.011121894
-0.023896763,-0.12766594,-0.12617402,-0.13791044,0.013618358,-0.024445668,0.053687755,0.24291633,0.0,-0.10515759,-0.37361884,0.10444359,0.0,0.08840723,0.0,0.08335471,0.0,-0.0013288092,0.0,0.08543545,0.0,-0.10892336,0.0,-0.101710804,0.20165882,0.30730182,0.123374015,0.009896034,-0.27938092,0.019772768
-0.032105774,1.0804049,-0.14299399,0.022494525,0.009218812,-0.004175438,0.015259619,-0.035128947,0.0,-0.10226522,0.27638215,0.12028745,0.0,0.08943293,0.0,0.036610648,0.0,-0.0014857298,0.0,0.11001966,0.0,-0.06185569,0.0,-0.0546518,0.25987953,0.40400305,0.113071166,0.011366091,0.24231638,0.009761243
-0.064290814,-1.1709423,-0.8204617,-1.012614,-0.027641367,0.0049793683,-0.14630063,-0.039262433,0.0,0.06209598,-0.20499441,-0.3650758,0.0,0.07630565,0.0,-0.018334435,0.0,-0.008382196,0.0,0.05204713,0.0,-0.05454896,0.0,-0.06931458,0.09859071,-1.6166273,0.08695753,0.018849136,-0.13458446,-0.17908093
-0.037084013,0.036546357,0.47117913,-0.1494535,-0.0036236558,0.005551971,-0.11066123,-0.024068363,0.0,-0.08703647,0.28306565,0.06408333,0.0,-0.14465144,0.0,0.046974964,0.0,0.0028700782,0.0,0.040222205,0.0,0.10261255,0.0,0.035597127,0.18593971,0.33929852,-0.24126504,0.01143754,-0.15676682,0.0028936714
-0.06314467,1.0534893,-0.5878139,0.49990436,0.005764257,-0.012616498,0.01862151,-0.030718539,0.0,-0.056939002,-0.43460533,-0.4442828,0.0,0.08225052,0.0,0.01974373,0.0,-0.00676109,0.0,0.13023196,0.0,-0.08362553,0.0,-0.0760171,0.2643515,0.34696206,0.12172065,0.037621576,-0.17226876,-0.003888519
-0.06530967,-0.004874968,-0.2023646,0.19599119,-0.0035793108,-0.017515777,-0.13989447,0.011241084,0.0,-0.10235798,-0.17118932,0.046689432,0.0,-0.20240794,0.0,-0.06414851,0.0,0.039160572,0.0,-0.19461757,0.0,0.04292521,0.0,-0.040346354,0.08974482,-1.930079,-0.08901915,0.0007865658,-0.15575558,-0.05413036
0.20775768,-0.4160175,-0.09415012,0.13893847,-0.07073286,0.02920155,-0.2378456,0.25415957,0.0,-0.07493456,-0.3730312,0.077937886,0.0,0.07399939,0.0,-0.0631681,0.0,0.015271099,0.0,0.09600813,0.0,-0.04864156,0.0,-0.11924155,0.19465896,0.26841483,0.078170694,0.0071513373,-0.16962706,0.015755903
0.1981511,0.05430636,0.23774445,-0.40049434,-0.038618214,0.041400317,-0.03730175,-0.007069821,0.0,-0.089998946,0.15092261,0.055033743,0.0,-0.09817812,0.0,-0.011187334,0.0,0.0012565067,0.0,-0.16839595,0.0,-0.08877021,0.0,0.26261353,-0.7290168,0.24769656,-0.24287397,-0.15365149,-0.1420336,-0.005693005
-0.028713254,0.17017977,0.33574152,0.2863085,-0.007832896,0.015817488,0.04592597,-0.040372968,0.0,0.12587267,0.3121701,0.09059049,0.0,0.049318567,0.0,-0.11335189,0.0,0.0060233288,0.0,0.047222357,0.0,0.09890404,0.0,-0.057403617,0.23359247,0.3377984,-0.33076805,0.0047769207,0.22274776,-0.002333055
-0.00760102,0.20422642,-0.16229102,-0.014496529,0.007048701,0.020516403,-0.28342676,0.21737503,0.0,-0.09383076,-0.44072148,0.11877838,0.0,0.08413406,0.0,-0.10747251,0.0,-0.0027057447,0.0,0.09605918,0.0,-0.034718618,0.0,-0.06087665,0.18449016,0.2782355,0.10391189,0.007997473,0.26324907,0.014147612
-0.0500297,-0.35807368,-0.2537282,-0.16977675,0.013422984,0.019100146,0.044653676,-0.036806196,0.0,-0.13642311,-0.21874008,0.034357302,0.0,-0.028818382,0.0,-0.05027829,0.0,0.0038000715,0.0,-0.2740022,0.0,0.060082186,0.0,0.054686613,0.03845311,-1.804824,0.033786956,-0.02308693,-0.13911173,0.04221643
-0.06009498,-1.2884853,-0.015378858,-0.03440016,0.028698372,-0.0005373502,-0.11593124,-0.031864118,0.0,-0.090574615,-0.38514462,0.04859394,0.0,-0.05533206,0.0,-0.09172021,0.0,-0.013549485,0.0,-0.26726994,0.0,0.029318959,0.0,0.09679393,0.09183993,0.28942,0.029540101,0.061577253,-0.22482984,0.050999902
0.11552117,0.00071883446,-0.022645306,-0.2196251,-0.0025790927,-0.009201576,0.021250753,-0.023416976,0.0,0.10549183,0.25332254,0.06790474,0.0,-0.29033676,0.0,0.01830684,0.0,-0.000809866,0.0,0.057666235,0.0,-0.07953888,0.0,-0.065696664,0.22039683,0.34030277,0.094758846,0.0036704242,0.29752362,-0.0028187672
-0.011379593,0.24165148,0.011699536,-0.048520416,0.017320236,-0.019677987,0.06651396,0.26401097,0.0,-0.10134695,-0.46330345,0.122336805,0.0,0.069417015,0.0,0.04526168,0.0,-0.0015191506,0.0,0.1078915,0.0,0.086860195,0.0,-0.080927975,0.2147339,0.32773778,0.10000944,-0.08341523,-0.22786188,0.011237168
0.12056047,0.5431229,-0.0037675789,0.045780372,0.008764297,0.000119025455,0.024793025,-0.02407354,0.0,0.20228598,0.34362224,0.09849042,0.0,0.09642951,0.0,-0.03398459,0.0,0.0004251615,0.0,0.02393052,0.0,-0.06614411,0.0,-0.08950532,0.2864526,0.37253624,0.10498964,-0.045528673,-0.1673071,0.0009919317
-0.0608973,-1.0723946,-0.14144696,0.09646447,0.051156122,0.0159095,0.025133776,-0.0351057,0.0,0.16506651,-0.2157978,0.048251834,0.0,0.01696275,0.0,0.07993907,0.0,0.006391324,0.0,-0.28003818,0.0,0.0636697,0.0,0.05491543,0.06412823,-1.5982261,-0.15433076,-0.05284161,-0.26562068,0.035807975
-0.037483163,0.2449542,-0.24882188,0.06327136,-0.0017933651,0.005465865,-0.058606632,-0.037002563,0.0,-0.055423673,-0.26613835,0.09774508,0.0,0.09419673,0.0,-0.041085795,0.0,0.033605263,0.0,0.025738176,0.0,-0.064596005,0.0,0.2822295,-0.5516106,0.28162485,0.11890007,0.0063140267,-0.14694767,0.008977284
-0.03249943,0.45809424,-0.25298208,-0.058775954,-0.010937164,-0.0022120406,0.018881653,-0.048218753,0.0,-0.11302065,-0.22120099,0.11989249,0.0,0.08937937,0.0,0.075998604,0.0,0.005301447,0.0,0.080247924,0.0,0.06412175,0.0,0.13839696,-0.7296209,0.27037975,0.1343425,0.008426596,0.2312668,-0.0042459546
-0.03491555,-0.65059805,-0.65534717,-0.43689403,0.000556618,0.0060397624,-0.12609184,-0.057298385,0.0,-0.041956697,-0.26143104,-0.40320152,0.0,0.04313381,0.0,-0.004842542,0.0,-0.0012183988,0.0,0.021025287,0.0,-0.077863306,0.0,-0.27321482,-0.773136,0.1919562,-0.16386653,0.007265071,-0.12197719,0.016946254
-0.014205787,0.30735144,-0.02205015,-0.17043349,-0.011200577,0.008040699,-0.061385658,-0.02868225,0.0,-0.07862909,-0.4837024,0.09919138,0.0,-0.2513403,0.0,0.08870894,0.0,-0.0013543926,0.0,0.06415373,0.0,-0.044957176,0.0,-0.074515596,0.20801413,0.3261274,0.091865785,-0.02129701,-0.20647016,0.02205269
-0.029260164,-1.270966,0.42012277,-0.15393476,0.01610669,-0.0013051914,-0.33797845,-0.027289193,0.0,0.085336335,0.18151304,0.041611347,0.0,-0.3530682,0.0,-0.09930004,0.0,-0.065968655,0.0,0.07495327,0.0,0.09746099,0.0,0.11795689,-0.723138,0.17144056,0.0849069,-0.023183424,0.25168547,0.050831478
-0.03156204,-0.38112822,0.38492367,-0.114312045,-0.025006719,0.0051927003,-0.09650948,-0.026138682,0.0,0.1939837,0.31374794,0.07059377,0.0,0.09121757,0.0,0.09777066,0.0,0.00050270883,0.0,0.06766308,0.0,0.09646888,0.0,0.113928266,0.17881013,0.32358584,0.12222355,0.006197206,-0.19717954,0.019068465
-0.04678522,-0.30078217,-0.046844907,0.24565826,0.0009174309,0.008872582,0.0023824994,-0.076472566,0.0,0.045100395,-0.2907057,0.069940455,0.0,0.11288352,0.0,-0.00012480933,0.0,-0.0068410207,0.0,0.08113279,0.0,0.096848175,0.0,-0.29198056,-0.7755535,0.21205251,0.12902413,0.009138749,-0.2256427,-0.025827814
-0.034011886,0.66095984,-0.10594046,0.068049766,-0.0010393033,-0.0018857758,0.01817654,-0.028592957,0.0,0.13050745,-0.4123068,0.13004525,0.0,0.12289195,0.0,0.036566608,0.0,-0.00676109,0.0,0.06207937,0.0,-0.064483665,0.0,-0.08342268,0.23145556,0.34924093,0.11454134,0.0027721834,-0.20970279,-0.0700556
-0.046025924,-0.28371915,-0.30126688,-0.30779442,-0.033445165,0.019145489,-0.073429614,-0.033357386,0.0,0.0064218645,-0.2876638,0.045551658,0.0,-0.120417036,0.0,0.030813524,0.0,-0.0014619124,0.0,-0.16918886,0.0,0.058059905,0.0,-0.25844282,-0.7732294,0.20685866,-0.17266159,0.029727876,-0.20933096,0.025508696
0.02067186,-0.53089756,0.31474644,-0.12795362,0.044271085,0.007598257,0.033921465,-0.03460156,0.0,0.22390118,0.28019828,0.060507655,0.0,0.08255411,0.0,0.12267602,0.0,0.0008560142,0.0,0.08688041,0.0,0.14342195,0.0,0.12286643,0.16841337,0.28380713,0.08909869,-0.05876725,-0.19415678,0.0075213076
-0.070432395,-0.59898335,0.2770333,-0.2294168,0.06541853,0.016182652,0.039506905,-0.044720836,0.0,0.15256877,0.20919508,0.06688551,0.0,0.0934953,0.0,-0.124417394,0.0,-0.0015540909,0.0,0.08484441,0.0,0.1220032,0.0,0.16136752,-0.6554522,0.22963613,0.12556355,0.0061477795,0.26077476,0.02695915
-0.011299059,-0.47363293,-0.24835701,0.29615766,-0.041737173,-0.016884394,0.035357535,-0.088611215,0.0,0.12407307,-0.20746447,0.035822306,0.0,-0.25900176,0.0,-0.09358949,0.0,0.009332508,0.0,-0.34081686,0.0,0.055530928,0.0,0.054506257,0.047154333,-1.5332952,0.039815124,-0.011885707,0.41905656,0.051662732
0.17351645,1.1855484,0.07409437,0.86961997,0.052172184,0.014132696,-0.053621043,-0.028293168,0.0,-0.09074224,0.26946357,0.12028745,0.0,0.105194815,0.0,0.04392971,0.0,0.0003246041,0.0,0.09783789,0.0,-0.048723698,0.0,-0.057719808,0.25855142,0.39603958,0.09844436,0.013269352,0.22108826,0.0009899558
-0.034007344,-1.957336,0.34704688,0.21957284,-0.19164982,0.030208169,-0.1815482,-0.01216886,0.0,-0.103489965,0.12960815,0.033369172,0.0,-0.38257888,0.0,-0.07441351,0.0,-0.006746866,0.0,-0.05912205,0.0,0.10786389,0.0,0.049443904,0.08716476,-1.568535,0.092600435,0.09885507,-0.1265411,0.03356694
-0.025857339,-0.71126163,-0.24068414,-0.2581203,-0.025174588,-0.0047956905,0.028715203,-0.03030401,0.0,0.09641778,0.28303254,0.06632254,0.0,0.10403558,0.0,0.0833146,0.0,-0.003423009,0.0,0.10547506,0.0,-0.099820584,0.0,-0.06337438,0.21159467,0.32620734,0.11486167,0.0030391214,0.3256552,0.032565817
-0.04468211,0.6448717,-0.22331215,-0.074598946,-0.012848137,-0.0018857758,0.012260922,-0.040762678,0.0,-0.11922479,0.25993323,0.10104221,0.0,0.09587675,0.0,0.038659062,0.0,-0.0060583306,0.0,0.08262158,0.0,-0.06784925,0.0,-0.082620956,0.2856348,0.41264525,0.10511077,0.0075848107,-0.17641367,-0.047857895
-0.06872516,1.1138217,-2.023408,0.44565386,-0.011722168,-0.012578577,0.032101694,-0.034853544,0.0,-0.019342571,-0.42298073,-0.45694533,0.0,0.0644712,0.0,0.035762466,0.0,-0.00676109,0.0,0.12422704,0.0,-0.08715698,0.0,-0.07509852,0.25956067,0.32270387,-0.7920235,0.009500706,-0.14935054,-0.0036077995
-0.070135355,0.2798413,-0.28625306,-0.041690316,0.009660356,0.00063248334,-0.0907743,-0.024828833,0.0,-0.14263359,-0.21535641,-0.41469678,0.0,0.056794204,0.0,0.044752717,0.0,-0.0065192226,0.0,0.002114141,0.0,-0.06395153,0.0,-0.061856586,0.104389995,-1.8679632,-0.13972637,0.008695186,-0.11136908,-0.05829641
0.1326526,0.46587658,0.14807059,-0.060786854,-0.0027004394,-0.0032777311,0.027628845,-0.027647179,0.0,0.18949811,0.33314052,0.09973431,0.0,0.10109435,0.0,0.03425605,0.0,0.0010029548,0.0,0.10109101,0.0,-0.032789875,0.0,0.10216693,0.20894836,0.37736502,0.104414575,-0.049422964,-0.14161013,-0.0053543057
-0.045408327,-0.09178492,-0.31458426,-0.57507116,0.022891043,-0.04617283,0.04196021,0.24623005,0.0,-0.048506655,-0.17800665,0.05896208,0.0,0.044249907,0.0,0.008811956,0.0,-0.0015191506,0.0,0.12082718,0.0,0.030836375,0.0,-0.05979182,0.102082826,-1.8658375,-0.20446706,-0.08335997,-0.20194305,0.010654239
-0.002943698,-0.8585542,-0.2814093,0.0771855,0.034766622,0.018999234,-0.12461803,-0.09531195,0.0,-0.10199336,-0.19485489,0.034807093,0.0,-0.20940472,0.0,-0.14723247,0.0,0.024832392,0.0,-0.27241403,0.0,0.06417727,0.0,0.052275173,0.04927629,-1.5858902,-0.09106925,-0.01622589,0.42373613,0.047199707
-0.042948414,-0.4605415,-0.50181663,-0.12214336,-0.014445359,0.11748992,0.07751323,-0.038263664,0.0,-0.03805556,-0.20365705,0.036109928,0.0,-0.02984585,0.0,-0.040572226,0.0,0.006664886,0.0,0.09288566,0.0,-0.011844011,0.0,-0.055012267,0.08824781,-1.7084084,0.06092662,0.03742286,-0.14377914,0.023187486
-0.02497493,-0.13110504,-0.35384896,-0.09024369,-0.007180489,0.002552034,-0.15741587,-0.109808706,0.0,0.16732976,-0.24869634,-0.50001746,0.0,0.036469314,0.0,0.07999284,0.0,-0.001946622,0.0,0.024411712,0.0,-0.0723581,0.0,-0.08752025,0.08798102,-1.4562213,-0.2227984,0.0033169508,0.32093832,0.010091532
-0.07644504,-0.6191523,-0.08301681,-0.30441865,-0.057016697,0.015056197,-0.11626939,-0.029160896,0.0,-0.080813855,-0.26379713,0.04508626,0.0,-0.2756766,0.0,-0.06965996,0.0,0.013051139,0.0,-0.26332065,0.0,0.04322425,0.0,0.2504054,-0.4404612,0.26185745,0.03996592,-0.0040979492,-0.108513184,-0.19644135
-0.035810024,-0.13690071,-0.7479218,-0.29425156,-0.016646827,-0.010636263,-0.10694442,-0.039811723,0.0,-0.17221475,-0.2320771,-0.360791,0.0,0.036915332,0.0,0.08999367,0.0,-0.0010869419,0.0,0.04275326,0.0,-0.07205953,0.0,-0.062067542,0.09729157,-1.7502717,0.08266563,-0.05442843,-0.10764269,0.0089506935
-0.04496978,0.42997625,-0.51402724,-0.11441751,-0.0058237435,-0.0032140117,0.035813984,-0.036776688,0.0,-0.0971441,-0.44113693,-0.6651037,0.0,0.04774015,0.0,0.035362083,0.0,-0.0013288092,0.0,0.03221756,0.0,-0.08302572,0.0,-0.06888781,0.21897659,0.31222743,-0.17403442,0.006682944,-0.093295865,0.014367696
-0.036598243,-0.033499993,-0.074473165,0.31042325,-0.084349275,0.0010711529,0.01810456,-0.035250284,0.0,-0.09901513,-0.20833051,-0.29316857,0.0,0.04187183,0.0,0.039369702,0.0,-0.003191783,0.0,0.013657655,0.0,-0.08948949,0.0,-0.058665358,0.104503386,-1.6319474,-0.14630507,0.044898804,-0.13102593,0.013143198
-0.05347342,-2.4107,-0.5289401,0.020406565,-0.040508743,0.041681,-0.080257975,-0.0376874,0.0,0.028539471,-0.17452586,0.03462781,0.0,-0.47410068,0.0,-0.089333296,0.0,-0.007276208,0.0,-0.30879307,0.0,-0.2243206,0.0,-0.056218054,0.057411216,-1.5462772,0.046005953,0.038387425,-0.23712058,0.037470844
